user_id,event_timestamp,intensity_score,category_tier,metadata
user_0013,2024-01-04 01:02:31.068319088,6.169409788874752,bronze,"{""base_score"":6.16941,""is_void"":true}"
user_0116,2024-01-01 12:16:10.855808569,5.584329371928644,bronze,"{""base_score"":5.584329,""is_void"":false}"
user_0098,2024-01-01 06:09:26.062321917,5.929162606331941,bronze,"{""base_score"":5.929163,""is_void"":true}"
user_0065,2024-01-01 05:10:19.924255380,5.40297350026206,gold,"{""base_score"":5.402974,""is_void"":false}"
user_0064,2024-01-01 03:28:34.244512741,6.0416246322734946,bronze,"{""base_score"":6.041625,""is_void"":false}"
user_0128,2024-01-01 05:54:13.650580378,5.837174367346606,platinum,"{""base_score"":5.837174,""is_void"":false}"
user_0012,2024-01-03 12:41:18.412429308,4.766655154046208,gold,"{""base_score"":4.766655,""is_void"":false}"
user_0104,2024-01-04 14:07:53.036942534,5.270061636822524,platinum,"{""base_score"":5.270062,""is_void"":false}"
user_0030,2024-01-01 06:03:17.277418807,4.956300196518021,silver,"{""base_score"":4.9563,""is_void"":false}"
user_0014,2024-01-01 10:27:34.912401318,7.617640902210559,VIP,"{""base_score"":7.617641,""is_void"":false}"
user_0078,2024-01-01 15:25:08.067904413,4.653788994193244,bronze,"{""base_score"":4.653789,""is_void"":false}"
user_0146,2024-01-01 13:16:02.060071186,4.888428339159479,silver,"{""base_score"":4.888428,""is_void"":false}"
user_0110,2024-01-01 08:22:10.390765792,5.0100687435836315,silver,"{""base_score"":5.010069,""is_void"":false}"
user_0114,2024-01-01 02:10:25.986414914,7.382260719786728,VIP,"{""base_score"":7.382261,""is_void"":false}"
user_0107,2024-01-01 15:25:38.982388389,5.733994307880003,silver,"{""base_score"":5.733994,""is_void"":false}"
user_0117,2024-01-04 16:17:50.790752941,6.077847905858013,platinum,"{""base_score"":6.077848,""is_void"":true}"
user_0076,2024-01-01 04:23:34.200049311,4.489103636715509,bronze,"{""base_score"":4.489104,""is_void"":true}"
user_0019,2024-01-01 14:55:04.344175002,6.318992212180615,VIP,"{""base_score"":6.318992,""is_void"":true}"
user_0125,2024-01-01 02:55:05.648755026,6.5568011904349435,silver,"{""base_score"":6.556801,""is_void"":true}"
user_0067,2024-01-01 11:28:19.810622146,5.498849209051224,silver,"{""base_score"":5.498849,""is_void"":true}"
user_0075,2024-01-01 05:52:17.613946261,6.116749669706147,VIP,"{""base_score"":6.11675,""is_void"":false}"
user_0055,2024-01-03 08:12:55.868413557,6.491913050774913,silver,"{""base_score"":6.491913,""is_void"":false}"
user_0027,2024-01-01 10:47:46.863580426,5.293741204694043,silver,"{""base_score"":5.293741,""is_void"":false}"
user_0139,2024-01-01 12:40:31.465422022,6.72953126764256,silver,"{""base_score"":6.729531,""is_void"":false}"
user_0117,2024-01-04 21:23:59.289429962,6.428547486684163,bronze,"{""base_score"":6.428547,""is_void"":false}"
user_0096,2024-01-03 10:42:41.766568063,5.955917934812324,silver,"{""base_score"":5.955918,""is_void"":true}"
user_0060,2024-01-01 03:40:23.170249945,4.4109489236683554,bronze,"{""base_score"":4.410949,""is_void"":false}"
user_0123,2024-01-03 08:24:00.135386150,7.216108254657558,bronze,"{""base_score"":7.216108,""is_void"":false}"
user_0081,2024-01-01 10:26:37.612489520,6.981752009493089,platinum,"{""base_score"":6.981752,""is_void"":false}"
user_0066,2024-01-01 12:58:21.087735456,6.110146221684833,silver,"{""base_score"":6.110146,""is_void"":false}"
user_0067,2024-01-01 14:32:07.853386778,6.1923312622997715,silver,"{""base_score"":6.192331,""is_void"":false}"
user_0034,2024-01-01 01:55:26.133289366,6.739397123724114,silver,"{""base_score"":6.739397,""is_void"":false}"
user_0013,2024-01-04 07:53:45.034282236,6.972869700054774,silver,"{""base_score"":6.97287,""is_void"":false}"
user_0083,2024-01-01 05:11:50.599593319,5.0594392398444175,gold,"{""base_score"":5.059439,""is_void"":true}"
user_0133,2024-01-01 13:36:51.001234135,6.844584593960891,VIP,"{""base_score"":6.844585,""is_void"":true}"
user_0009,2024-01-01 10:24:58.613172706,6.0853997960049,VIP,"{""base_score"":6.0854,""is_void"":true}"
user_0128,2024-01-01 07:22:12.196300810,6.665161041316667,silver,"{""base_score"":6.665161,""is_void"":true}"
user_0124,2024-01-01 09:10:29.078737237,5.442425674145278,silver,"{""base_score"":5.442426,""is_void"":false}"
user_0041,2024-01-01 05:55:03.470098087,6.259271134045935,silver,"{""base_score"":6.259271,""is_void"":false}"
user_0094,2024-01-01 10:21:55.561236328,5.575361310645688,silver,"{""base_score"":5.575361,""is_void"":true}"
user_0024,2024-01-01 10:18:49.773944253,5.0656042321918955,silver,"{""base_score"":5.065604,""is_void"":false}"
user_0113,2024-01-01 08:03:09.842752962,4.763530809152287,gold,"{""base_score"":4.763531,""is_void"":false}"
user_0105,2024-01-01 07:35:52.078231950,6.1432879985838245,silver,"{""base_score"":6.143288,""is_void"":false}"
user_0053,2024-01-01 01:35:56.863954669,6.985971132654459,silver,"{""base_score"":6.985971,""is_void"":false}"
user_0010,2024-01-01 05:14:40.895206512,5.6351695683234695,silver,"{""base_score"":5.63517,""is_void"":false}"
user_0145,2024-01-01 10:38:27.166992723,6.255479067744904,silver,"{""base_score"":6.255479,""is_void"":false}"
user_0066,2024-01-01 23:05:40.049213269,6.31704355751603,bronze,"{""base_score"":6.317044,""is_void"":false}"
user_0133,2024-01-01 22:14:21.586019686,5.097844737070164,bronze,"{""base_score"":5.097845,""is_void"":false}"
user_0101,2024-01-01 11:34:54.263886668,4.668572580311943,gold,"{""base_score"":4.668573,""is_void"":false}"
user_0116,2024-01-01 17:31:09.371124656,4.435756685189853,silver,"{""base_score"":4.435757,""is_void"":false}"
user_0113,2024-01-01 13:13:05.530997974,4.034410619615672,bronze,"{""base_score"":4.034411,""is_void"":true}"
user_0029,2024-01-01 06:51:51.873152130,3.540866639775977,silver,"{""base_score"":3.540867,""is_void"":false}"
user_0054,2024-01-01 04:17:54.062307693,7.1849329400591255,gold,"{""base_score"":7.184933,""is_void"":false}"
user_0070,2024-01-01 07:33:46.963265662,5.53398611112466,bronze,"{""base_score"":5.533986,""is_void"":false}"
user_0074,2024-01-01 02:13:17.893987003,6.402519696918557,platinum,"{""base_score"":6.40252,""is_void"":false}"
user_0006,2024-01-01 01:25:23.854737576,5.026814046688687,VIP,"{""base_score"":5.026814,""is_void"":false}"
user_0081,2024-01-01 16:35:57.956647361,4.416195825002946,silver,"{""base_score"":4.416196,""is_void"":true}"
user_0023,2024-01-01 05:51:42.707588475,6.015962002198217,gold,"{""base_score"":6.015962,""is_void"":false}"
user_0111,2024-01-01 04:51:38.929087508,6.832085230082088,bronze,"{""base_score"":6.832085,""is_void"":false}"
user_0102,2024-01-01 08:00:20.286907196,6.102281476850434,VIP,"{""base_score"":6.102281,""is_void"":false}"
user_0138,2024-01-01 04:03:19.224850330,6.787075957864277,silver,"{""base_score"":6.787076,""is_void"":false}"
user_0111,2024-01-01 07:39:32.402321168,6.372131475612561,VIP,"{""base_score"":6.372131,""is_void"":false}"
user_0054,2024-01-01 11:28:58.841557985,5.703900243757802,silver,"{""base_score"":5.7039,""is_void"":false}"
user_0145,2024-01-05 08:25:42.718366645,6.386554607228112,bronze,"{""base_score"":6.386555,""is_void"":false}"
user_0061,2024-01-03 20:40:24.772443826,4.544955532052482,bronze,"{""base_score"":4.544956,""is_void"":true}"
user_0048,2024-01-01 14:43:08.359196073,5.483131436915419,gold,"{""base_score"":5.483131,""is_void"":false}"
user_0135,2024-01-01 07:57:15.790764600,6.819809952267736,silver,"{""base_score"":6.81981,""is_void"":true}"
user_0055,2024-01-03 09:48:19.115097353,5.144966338366196,bronze,"{""base_score"":5.144966,""is_void"":false}"
user_0011,2024-01-01 13:44:27.143792257,6.51887655722575,gold,"{""base_score"":6.518877,""is_void"":false}"
user_0070,2024-01-01 12:23:04.674166928,5.893545181380463,platinum,"{""base_score"":5.893545,""is_void"":true}"
user_0119,2024-01-01 10:56:59.025086127,6.944589513602498,silver,"{""base_score"":6.94459,""is_void"":false}"
user_0028,2024-01-01 08:50:51.069880197,5.13875151014927,silver,"{""base_score"":5.138752,""is_void"":false}"
user_0069,2024-01-01 10:18:04.368959276,5.426711499375709,bronze,"{""base_score"":5.426711,""is_void"":false}"
user_0019,2024-01-01 21:55:07.938221566,6.188395239341282,gold,"{""base_score"":6.188395,""is_void"":false}"
user_0102,2024-01-01 11:53:25.245082082,5.158617568239812,silver,"{""base_score"":5.158618,""is_void"":true}"
user_0071,2024-01-01 13:09:15.732425412,6.2927027304280205,platinum,"{""base_score"":6.292703,""is_void"":true}"
user_0049,2024-01-01 08:57:18.630950986,5.1840616717872905,silver,"{""base_score"":5.184062,""is_void"":false}"
user_0034,2024-01-01 12:57:04.824966880,6.950713953106418,silver,"{""base_score"":6.950714,""is_void"":true}"
user_0084,2024-01-01 14:13:06.593646273,4.981961974471853,bronze,"{""base_score"":4.981962,""is_void"":false}"
user_0100,2024-01-01 13:17:53.796578265,4.187039860206113,bronze,"{""base_score"":4.18704,""is_void"":false}"
user_0141,2024-01-01 08:07:04.624816144,4.747422859372154,gold,"{""base_score"":4.747423,""is_void"":true}"
user_0065,2024-01-01 11:58:04.116813672,3.8957828687928786,silver,"{""base_score"":3.895783,""is_void"":false}"
user_0024,2024-01-01 15:53:14.986589639,5.765813911512461,silver,"{""base_score"":5.765814,""is_void"":false}"
user_0124,2024-01-01 18:20:50.980556468,5.645100729631826,VIP,"{""base_score"":5.645101,""is_void"":false}"
user_0094,2024-01-01 17:49:22.685982246,7.037911871253264,VIP,"{""base_score"":7.037912,""is_void"":true}"
user_0105,2024-01-01 21:36:01.549602298,6.4253655056555,platinum,"{""base_score"":6.425366,""is_void"":false}"
user_0014,2024-01-02 01:18:13.857072688,5.113215230499525,bronze,"{""base_score"":5.113215,""is_void"":false}"
user_0046,2024-01-01 09:24:03.103716754,5.697637310925329,silver,"{""base_score"":5.697637,""is_void"":false}"
user_0115,2024-01-01 13:25:46.983788058,6.776781496366723,platinum,"{""base_score"":6.776781,""is_void"":false}"
user_0124,2024-01-02 08:59:47.587894011,3.299240672621068,silver,"{""base_score"":3.299241,""is_void"":false}"
user_0065,2024-01-01 21:45:34.023545046,4.619337630143295,bronze,"{""base_score"":4.619338,""is_void"":false}"
user_0120,2024-01-01 01:32:25.344969158,6.962669343377574,platinum,"{""base_score"":6.962669,""is_void"":false}"
user_0126,2024-01-01 04:57:11.681784558,7.186015659958432,silver,"{""base_score"":7.186016,""is_void"":false}"
user_0058,2024-01-01 10:44:11.486356105,6.765721497299392,silver,"{""base_score"":6.765721,""is_void"":true}"
user_0134,2024-01-01 02:23:53.783484043,5.147119990488633,VIP,"{""base_score"":5.14712,""is_void"":false}"
user_0043,2024-01-03 09:43:33.282098457,5.481324997405503,gold,"{""base_score"":5.481325,""is_void"":false}"
user_0035,2024-01-01 10:07:28.240876452,4.944334652322354,silver,"{""base_score"":4.944335,""is_void"":true}"
user_0102,2024-01-02 02:06:58.093938921,6.781666718366857,silver,"{""base_score"":6.781667,""is_void"":false}"
user_0095,2024-01-01 02:22:01.098053025,6.163335084163558,silver,"{""base_score"":6.163335,""is_void"":false}"
user_0020,2024-01-01 05:25:47.689108143,5.06938888482562,bronze,"{""base_score"":5.069389,""is_void"":true}"
user_0124,2024-01-03 00:22:55.012630684,6.0012208840652805,gold,"{""base_score"":6.001221,""is_void"":false}"
user_0029,2024-01-01 18:35:17.385172436,7.162577699873487,platinum,"{""base_score"":7.162578,""is_void"":false}"
user_0120,2024-01-04 06:25:38.494188767,6.392967520146224,bronze,"{""base_score"":6.392968,""is_void"":false}"
user_0001,2024-01-01 15:12:13.476334896,6.268997543069905,silver,"{""base_score"":6.268998,""is_void"":false}"
user_0119,2024-01-01 17:53:21.259453008,6.988675666912586,platinum,"{""base_score"":6.988676,""is_void"":false}"
user_0118,2024-01-01 02:56:45.317772866,4.999064977873902,bronze,"{""base_score"":4.999065,""is_void"":false}"
user_0117,2024-01-05 02:30:27.101105416,6.329205707553158,silver,"{""base_score"":6.329206,""is_void"":true}"
user_0099,2024-01-01 02:21:19.379341875,5.623347435503552,silver,"{""base_score"":5.623347,""is_void"":true}"
user_0070,2024-01-01 15:45:25.738804139,5.8939161931637445,gold,"{""base_score"":5.893916,""is_void"":false}"
user_0105,2024-01-02 00:45:02.029595878,4.837987909055959,bronze,"{""base_score"":4.837988,""is_void"":false}"
user_0041,2024-01-01 09:05:32.526890732,7.349757802686008,gold,"{""base_score"":7.349758,""is_void"":false}"
user_0117,2024-01-05 06:27:44.011672642,7.047398969050835,silver,"{""base_score"":7.047399,""is_void"":false}"
user_0083,2024-01-03 15:42:21.217901403,4.999284639573928,gold,"{""base_score"":4.999285,""is_void"":false}"
user_0068,2024-01-03 07:33:06.037224069,4.827569681027103,bronze,"{""base_score"":4.82757,""is_void"":false}"
user_0075,2024-01-01 16:38:55.652083371,5.900664252873759,silver,"{""base_score"":5.900664,""is_void"":false}"
user_0085,2024-01-03 21:43:40.351164603,6.493250076926994,silver,"{""base_score"":6.49325,""is_void"":false}"
user_0005,2024-01-01 04:30:48.186515397,5.4342091732801885,bronze,"{""base_score"":5.434209,""is_void"":false}"
user_0020,2024-01-01 07:30:26.772073757,6.297895943956053,bronze,"{""base_score"":6.297896,""is_void"":false}"
user_0036,2024-01-01 08:00:04.657999622,4.919774229490056,bronze,"{""base_score"":4.919774,""is_void"":true}"
user_0017,2024-01-01 15:56:38.313398713,6.425601062711535,silver,"{""base_score"":6.425601,""is_void"":false}"
user_0065,2024-01-02 05:06:20.688405264,6.288946528607721,bronze,"{""base_score"":6.288947,""is_void"":true}"
user_0100,2024-01-04 05:30:22.422160853,6.530038359052283,VIP,"{""base_score"":6.530038,""is_void"":false}"
user_0098,2024-01-01 07:22:08.897367049,5.339569159399874,silver,"{""base_score"":5.339569,""is_void"":false}"
user_0070,2024-01-01 23:33:18.103296788,5.445569105908124,platinum,"{""base_score"":5.445569,""is_void"":false}"
user_0128,2024-01-01 11:04:31.297269071,7.104777372611093,VIP,"{""base_score"":7.104777,""is_void"":false}"
user_0084,2024-01-01 20:34:30.835824689,3.958907945881253,bronze,"{""base_score"":3.958908,""is_void"":false}"
user_0011,2024-01-01 18:21:19.910446466,6.251154753225402,gold,"{""base_score"":6.251155,""is_void"":false}"
user_0114,2024-01-01 05:56:09.504140970,6.973681095322274,platinum,"{""base_score"":6.973681,""is_void"":false}"
user_0086,2024-01-01 03:17:13.191484833,5.857062638683548,gold,"{""base_score"":5.857063,""is_void"":false}"
user_0095,2024-01-01 12:33:01.160413293,5.2764326399858765,silver,"{""base_score"":5.276433,""is_void"":false}"
user_0084,2024-01-02 00:09:38.666059159,6.159823337276773,silver,"{""base_score"":6.159823,""is_void"":true}"
user_0083,2024-01-03 17:21:03.393441366,3.8924453071587695,bronze,"{""base_score"":3.892445,""is_void"":true}"
user_0013,2024-01-04 17:07:11.281741232,6.099458116028409,silver,"{""base_score"":6.099458,""is_void"":true}"
user_0083,2024-01-04 01:08:33.067677457,6.860930117876099,VIP,"{""base_score"":6.86093,""is_void"":false}"
user_0119,2024-01-05 04:47:20.168143330,5.501113957737216,VIP,"{""base_score"":5.501114,""is_void"":false}"
user_0045,2024-01-01 03:54:02.809430632,4.978858970996065,bronze,"{""base_score"":4.978859,""is_void"":false}"
user_0090,2024-01-01 14:32:07.975694209,4.44882054697006,gold,"{""base_score"":4.448821,""is_void"":false}"
user_0004,2024-01-01 15:12:12.183721221,5.556062428969366,silver,"{""base_score"":5.556062,""is_void"":false}"
user_0052,2024-01-01 10:56:37.761595731,5.79369627772066,VIP,"{""base_score"":5.793696,""is_void"":false}"
user_0065,2024-01-02 19:41:00.749867082,6.029117439195276,bronze,"{""base_score"":6.029117,""is_void"":false}"
user_0147,2024-01-01 06:19:33.243822930,5.686818320383908,VIP,"{""base_score"":5.686818,""is_void"":false}"
user_0032,2024-01-01 09:11:31.532643650,4.465818114616833,platinum,"{""base_score"":4.465818,""is_void"":false}"
user_0041,2024-01-01 15:58:59.699242001,5.753630436931138,bronze,"{""base_score"":5.75363,""is_void"":true}"
user_0061,2024-01-04 10:22:33.796294427,4.500238245686466,bronze,"{""base_score"":4.500238,""is_void"":false}"
user_0148,2024-01-01 13:19:23.982562498,5.15723863355613,platinum,"{""base_score"":5.157239,""is_void"":true}"
user_0128,2024-01-01 23:22:40.327695133,6.165830918141197,bronze,"{""base_score"":6.165831,""is_void"":false}"
user_0005,2024-01-01 19:22:59.298376954,4.66250445128971,silver,"{""base_score"":4.662504,""is_void"":false}"
user_0035,2024-01-01 15:01:17.346140274,6.474356174201844,VIP,"{""base_score"":6.474356,""is_void"":true}"
user_0123,2024-01-03 13:22:34.308969200,5.3388589563684565,silver,"{""base_score"":5.338859,""is_void"":true}"
user_0008,2024-01-01 11:45:46.054764482,6.152743257905093,silver,"{""base_score"":6.152743,""is_void"":false}"
user_0128,2024-01-02 10:24:48.348921807,7.182153692523877,silver,"{""base_score"":7.182154,""is_void"":false}"
user_0042,2024-01-01 07:43:44.281632925,6.310233654739544,bronze,"{""base_score"":6.310234,""is_void"":true}"
user_0137,2024-01-01 13:44:41.488932087,6.839177781159154,VIP,"{""base_score"":6.839178,""is_void"":true}"
user_0044,2024-01-01 15:18:04.693427283,3.923282650196151,silver,"{""base_score"":3.923283,""is_void"":true}"
user_0065,2024-01-03 08:41:04.965603424,5.198603313026226,bronze,"{""base_score"":5.198603,""is_void"":false}"
user_0099,2024-01-01 13:54:36.916788077,5.752735207601121,bronze,"{""base_score"":5.752735,""is_void"":false}"
user_0018,2024-01-01 09:47:31.395579392,7.548385085512005,VIP,"{""base_score"":7.548385,""is_void"":false}"
user_0083,2024-01-04 13:58:46.737830379,5.174562632965063,bronze,"{""base_score"":5.174563,""is_void"":false}"
user_0075,2024-01-02 04:04:37.252528611,5.473597693084377,platinum,"{""base_score"":5.473598,""is_void"":true}"
user_0117,2024-01-05 10:10:38.543608832,5.701622784054388,gold,"{""base_score"":5.701623,""is_void"":false}"
user_0149,2024-01-01 10:42:24.414555970,7.80941691939033,platinum,"{""base_score"":7.809417,""is_void"":true}"
user_0099,2024-01-01 17:31:57.139635812,4.943612876605369,VIP,"{""base_score"":4.943613,""is_void"":false}"
user_0061,2024-01-07 06:29:10.202208798,5.115208559547762,platinum,"{""base_score"":5.115209,""is_void"":false}"
user_0060,2024-01-01 13:16:58.317490178,7.880276365129386,VIP,"{""base_score"":7.880276,""is_void"":false}"
user_0062,2024-01-01 07:45:37.445968839,5.506406247995218,bronze,"{""base_score"":5.506406,""is_void"":false}"
user_0122,2024-01-01 05:06:46.929723843,4.9902291899367315,gold,"{""base_score"":4.990229,""is_void"":false}"
user_0048,2024-01-01 20:21:49.568817541,6.869717156275513,silver,"{""base_score"":6.869717,""is_void"":false}"
user_0025,2024-01-01 14:50:54.070904558,5.738301928069843,silver,"{""base_score"":5.738302,""is_void"":false}"
user_0050,2024-01-01 10:15:19.237148668,6.065212252958189,platinum,"{""base_score"":6.065212,""is_void"":false}"
user_0003,2024-01-03 09:22:20.297121103,6.567149774383974,VIP,"{""base_score"":6.56715,""is_void"":true}"
user_0015,2024-01-01 12:28:19.899211216,7.485648500366633,gold,"{""base_score"":7.485649,""is_void"":false}"
user_0013,2024-01-04 20:54:59.867573740,5.921244239818204,silver,"{""base_score"":5.921244,""is_void"":false}"
user_0115,2024-01-01 19:16:40.177420669,6.978085150283341,silver,"{""base_score"":6.978085,""is_void"":false}"
user_0108,2024-01-01 10:19:36.994465200,6.346199504450235,silver,"{""base_score"":6.3462,""is_void"":false}"
user_0104,2024-01-05 04:42:33.445778061,5.04442975557259,silver,"{""base_score"":5.04443,""is_void"":false}"
user_0069,2024-01-01 21:10:57.354376443,5.080893452390548,silver,"{""base_score"":5.080893,""is_void"":false}"
user_0107,2024-01-01 21:00:54.193370669,6.892594248022444,bronze,"{""base_score"":6.892594,""is_void"":true}"
user_0024,2024-01-01 18:19:11.090835435,6.05285573339002,bronze,"{""base_score"":6.052856,""is_void"":false}"
user_0135,2024-01-01 19:52:20.971267820,4.597266106222598,gold,"{""base_score"":4.597266,""is_void"":false}"
user_0075,2024-01-02 12:51:20.604515583,6.067545121744254,silver,"{""base_score"":6.067545,""is_void"":false}"
user_0140,2024-01-01 13:24:57.996172440,7.422782508851606,VIP,"{""base_score"":7.422783,""is_void"":false}"
user_0022,2024-01-01 08:30:17.043178651,5.238527992372469,gold,"{""base_score"":5.238528,""is_void"":false}"
user_0074,2024-01-01 07:14:23.176499175,5.451251557870196,bronze,"{""base_score"":5.451252,""is_void"":false}"
user_0104,2024-01-05 18:41:13.352336605,3.9825540042869307,bronze,"{""base_score"":3.982554,""is_void"":false}"
user_0074,2024-01-01 15:29:34.875550434,4.868930494417973,bronze,"{""base_score"":4.86893,""is_void"":true}"
user_0066,2024-01-02 12:04:03.488679742,6.84920434624173,VIP,"{""base_score"":6.849204,""is_void"":false}"
user_0024,2024-01-02 01:05:54.432123520,4.4840892881421075,bronze,"{""base_score"":4.484089,""is_void"":false}"
user_0057,2024-01-01 03:17:18.542652925,5.8544094249407115,silver,"{""base_score"":5.854409,""is_void"":false}"
user_0035,2024-01-01 23:12:38.108784272,6.4958175915314715,VIP,"{""base_score"":6.495818,""is_void"":true}"
user_0045,2024-01-01 18:31:48.169146442,7.195934382570302,VIP,"{""base_score"":7.195934,""is_void"":false}"
user_0102,2024-01-02 12:31:06.170689959,5.571549710780406,bronze,"{""base_score"":5.57155,""is_void"":false}"
user_0094,2024-01-02 02:28:40.285504335,6.746338811343276,bronze,"{""base_score"":6.746339,""is_void"":false}"
user_0091,2024-01-01 01:18:19.897578957,5.173850279446681,bronze,"{""base_score"":5.17385,""is_void"":false}"
user_0054,2024-01-02 01:19:21.264767388,4.836403157005229,bronze,"{""base_score"":4.836403,""is_void"":false}"
user_0143,2024-01-01 12:56:08.265594750,6.433296651032172,bronze,"{""base_score"":6.433297,""is_void"":false}"
user_0013,2024-01-05 05:51:04.422367038,5.481239055377287,silver,"{""base_score"":5.481239,""is_void"":false}"
user_0051,2024-01-03 19:00:03.251815052,6.5197439586362576,VIP,"{""base_score"":6.519744,""is_void"":false}"
user_0017,2024-01-01 20:46:19.593977062,6.585896009831144,silver,"{""base_score"":6.585896,""is_void"":true}"
user_0050,2024-01-04 19:42:16.289154067,4.984073978398339,gold,"{""base_score"":4.984074,""is_void"":false}"
user_0144,2024-01-01 07:14:06.622428062,5.662463958549512,bronze,"{""base_score"":5.662464,""is_void"":false}"
user_0054,2024-01-02 10:23:24.106313279,6.942953115909052,platinum,"{""base_score"":6.942953,""is_void"":false}"
user_0136,2024-01-01 08:06:35.161543569,7.093094655183011,gold,"{""base_score"":7.093095,""is_void"":true}"
user_0074,2024-01-01 16:35:16.406501379,7.156291244888705,platinum,"{""base_score"":7.156291,""is_void"":false}"
user_0104,2024-01-05 20:45:12.071771638,7.604615079762257,VIP,"{""base_score"":7.604615,""is_void"":false}"
user_0068,2024-01-03 11:39:44.172486996,5.360857870726653,silver,"{""base_score"":5.360858,""is_void"":false}"
user_0039,2024-01-01 05:12:12.425875045,4.116875976473336,bronze,"{""base_score"":4.116876,""is_void"":false}"
user_0114,2024-01-01 12:52:52.935174939,7.135155820050377,bronze,"{""base_score"":7.135156,""is_void"":false}"
user_0145,2024-01-05 13:09:42.223686629,4.610737950462099,silver,"{""base_score"":4.610738,""is_void"":false}"
user_0039,2024-01-04 01:11:55.373300811,5.166161912397562,VIP,"{""base_score"":5.166162,""is_void"":false}"
user_0116,2024-01-02 01:24:44.917292789,5.948344681558622,silver,"{""base_score"":5.948345,""is_void"":false}"
user_0039,2024-01-04 12:48:04.688688495,6.9076013100769025,gold,"{""base_score"":6.907601,""is_void"":false}"
user_0107,2024-01-02 02:26:27.438247625,6.291384687078908,silver,"{""base_score"":6.291385,""is_void"":false}"
user_0118,2024-01-01 12:16:45.475020382,6.090735715302219,bronze,"{""base_score"":6.090736,""is_void"":false}"
user_0067,2024-01-02 06:19:23.926210664,3.8527555360171664,silver,"{""base_score"":3.852756,""is_void"":false}"
user_0110,2024-01-01 22:51:06.502951986,5.2074968379661435,gold,"{""base_score"":5.207497,""is_void"":false}"
user_0040,2024-01-01 02:54:38.850573135,4.486937594378519,gold,"{""base_score"":4.486938,""is_void"":false}"
user_0011,2024-01-02 02:37:12.952235481,5.888008358182484,silver,"{""base_score"":5.888008,""is_void"":false}"
user_0014,2024-01-02 14:24:22.917220973,3.942923335672341,bronze,"{""base_score"":3.942923,""is_void"":true}"
user_0067,2024-01-02 09:19:55.370967954,4.827742881264654,gold,"{""base_score"":4.827743,""is_void"":true}"
user_0135,2024-01-04 20:03:18.004074609,5.714941019875822,bronze,"{""base_score"":5.714941,""is_void"":false}"
user_0019,2024-01-05 08:55:54.312770005,7.650198330635655,VIP,"{""base_score"":7.650198,""is_void"":false}"
user_0068,2024-01-04 01:12:01.963434865,4.924061720876538,bronze,"{""base_score"":4.924062,""is_void"":false}"
user_0105,2024-01-02 09:32:15.631940579,5.588690473580629,bronze,"{""base_score"":5.58869,""is_void"":false}"
user_0030,2024-01-01 20:19:26.217561921,5.404971700040475,silver,"{""base_score"":5.404972,""is_void"":false}"
user_0108,2024-01-01 12:51:44.556038121,5.4650736301882965,silver,"{""base_score"":5.465074,""is_void"":false}"
user_0045,2024-01-02 07:37:24.669537484,3.965948501854141,silver,"{""base_score"":3.965949,""is_void"":false}"
user_0121,2024-01-01 10:12:59.084721259,5.16701797221412,silver,"{""base_score"":5.167018,""is_void"":false}"
user_0086,2024-01-01 15:33:11.574150907,7.281079390836007,VIP,"{""base_score"":7.281079,""is_void"":false}"
user_0082,2024-01-01 01:55:27.695912390,6.142223941154456,silver,"{""base_score"":6.142224,""is_void"":false}"
user_0026,2024-01-01 04:02:14.208643204,5.504378606177231,silver,"{""base_score"":5.504379,""is_void"":true}"
user_0069,2024-01-02 03:31:58.765557834,4.563049054655335,silver,"{""base_score"":4.563049,""is_void"":false}"
user_0128,2024-01-02 13:06:56.535309300,6.307775017564522,bronze,"{""base_score"":6.307775,""is_void"":false}"
user_0002,2024-01-01 03:46:58.306240124,5.457490367975405,silver,"{""base_score"":5.45749,""is_void"":false}"
user_0113,2024-01-01 15:17:08.647415558,4.294975012593259,bronze,"{""base_score"":4.294975,""is_void"":true}"
user_0073,2024-01-01 11:16:04.456843633,4.557159083181321,gold,"{""base_score"":4.557159,""is_void"":false}"
user_0107,2024-01-02 03:39:08.549102565,5.190419420096257,bronze,"{""base_score"":5.190419,""is_void"":true}"
user_0099,2024-01-01 20:49:29.055894630,6.797075128860795,VIP,"{""base_score"":6.797075,""is_void"":false}"
user_0064,2024-01-01 17:34:02.758468385,4.373081979766547,silver,"{""base_score"":4.373082,""is_void"":false}"
user_0046,2024-01-01 13:02:51.816980312,5.37025165127466,platinum,"{""base_score"":5.370252,""is_void"":false}"
user_0094,2024-01-02 07:18:52.440789285,5.4534323858222455,silver,"{""base_score"":5.453432,""is_void"":false}"
user_0021,2024-01-01 01:29:28.890434238,6.206393884533499,bronze,"{""base_score"":6.206394,""is_void"":false}"
user_0087,2024-01-01 12:35:41.839414335,7.796126863590764,platinum,"{""base_score"":7.796127,""is_void"":false}"
user_0014,2024-01-04 23:29:03.213648919,4.671036954825964,gold,"{""base_score"":4.671037,""is_void"":false}"
user_0097,2024-01-01 14:01:20.360632569,7.716329147683344,gold,"{""base_score"":7.716329,""is_void"":false}"
user_0094,2024-01-02 18:08:39.010689677,6.796587107242587,silver,"{""base_score"":6.796587,""is_void"":false}"
user_0012,2024-01-04 02:06:37.042999534,4.966847410610615,gold,"{""base_score"":4.966847,""is_void"":true}"
user_0113,2024-01-01 23:55:03.476909325,3.8655589758244773,platinum,"{""base_score"":3.865559,""is_void"":false}"
user_0062,2024-01-01 12:42:37.933340561,6.6035203315560835,gold,"{""base_score"":6.60352,""is_void"":true}"
user_0118,2024-01-01 13:35:27.963542078,6.593554011671788,silver,"{""base_score"":6.593554,""is_void"":false}"
user_0006,2024-01-01 14:25:34.651661548,7.375301593669402,gold,"{""base_score"":7.375302,""is_void"":false}"
user_0026,2024-01-01 07:17:05.181608590,4.960584663828475,gold,"{""base_score"":4.960585,""is_void"":true}"
user_0074,2024-01-02 01:32:57.252205926,8.151721279152142,VIP,"{""base_score"":8.151721,""is_void"":false}"
user_0028,2024-01-01 10:54:26.208531838,3.1592324653448096,silver,"{""base_score"":3.159232,""is_void"":false}"
user_0049,2024-01-04 07:49:05.079534581,5.2649418705151145,silver,"{""base_score"":5.264942,""is_void"":false}"
user_0099,2024-01-02 02:00:35.585278993,5.4543924347503925,platinum,"{""base_score"":5.454392,""is_void"":true}"
user_0021,2024-01-01 15:48:23.673970098,6.239063546169858,silver,"{""base_score"":6.239064,""is_void"":true}"
user_0101,2024-01-02 00:50:09.459356499,6.953461127750739,gold,"{""base_score"":6.953461,""is_void"":false}"
user_0015,2024-01-01 21:08:58.308212071,6.221546351296467,silver,"{""base_score"":6.221546,""is_void"":false}"
user_0026,2024-01-01 20:31:02.330428565,3.777766820474421,bronze,"{""base_score"":3.777767,""is_void"":false}"
user_0088,2024-01-01 12:21:14.562140896,6.459131212578395,gold,"{""base_score"":6.459131,""is_void"":false}"
user_0119,2024-01-05 12:57:59.841034165,5.849292844957971,bronze,"{""base_score"":5.849293,""is_void"":false}"
user_0025,2024-01-02 04:47:07.902721665,3.6437541511355813,bronze,"{""base_score"":3.643754,""is_void"":false}"
user_0044,2024-01-01 16:55:56.281298148,4.624603417084565,gold,"{""base_score"":4.624603,""is_void"":false}"
user_0138,2024-01-01 17:54:23.005809917,7.350798726250108,gold,"{""base_score"":7.350799,""is_void"":true}"
user_0148,2024-01-02 00:49:24.530882137,6.2312491380088035,platinum,"{""base_score"":6.231249,""is_void"":false}"
user_0087,2024-01-04 06:17:49.501362918,4.72743790281357,bronze,"{""base_score"":4.727438,""is_void"":false}"
user_0067,2024-01-02 12:16:42.259231860,4.8892227200457254,bronze,"{""base_score"":4.889223,""is_void"":false}"
user_0052,2024-01-01 14:17:16.556360052,7.031128220365194,VIP,"{""base_score"":7.031128,""is_void"":true}"
user_0091,2024-01-01 05:33:04.920247839,5.2447570028348425,bronze,"{""base_score"":5.244757,""is_void"":true}"
user_0088,2024-01-01 22:25:30.992658858,3.728647544830466,bronze,"{""base_score"":3.728648,""is_void"":false}"
user_0044,2024-01-03 21:00:01.189371937,6.987620387130864,bronze,"{""base_score"":6.98762,""is_void"":false}"
user_0003,2024-01-06 14:05:50.149962733,7.199388916253084,silver,"{""base_score"":7.199389,""is_void"":false}"
user_0022,2024-01-01 15:32:57.031234259,6.2078089311324,platinum,"{""base_score"":6.207809,""is_void"":true}"
user_0143,2024-01-01 22:46:29.801592638,5.599972228233326,gold,"{""base_score"":5.599972,""is_void"":false}"
user_0062,2024-01-02 00:01:53.266928029,6.9521288417230265,gold,"{""base_score"":6.952129,""is_void"":false}"
user_0072,2024-01-01 11:42:28.476993459,4.282805707072007,bronze,"{""base_score"":4.282806,""is_void"":false}"
user_0070,2024-01-02 05:48:34.186778219,5.924735385293777,silver,"{""base_score"":5.924735,""is_void"":true}"
user_0117,2024-01-07 17:04:54.301316172,4.671448103735013,silver,"{""base_score"":4.671448,""is_void"":false}"
user_0009,2024-01-01 16:34:48.533678518,5.506840275392183,bronze,"{""base_score"":5.50684,""is_void"":false}"
user_0012,2024-01-04 12:31:19.131865333,4.175278504196305,bronze,"{""base_score"":4.175279,""is_void"":false}"
user_0041,2024-01-02 04:57:13.832310689,5.169048164443373,silver,"{""base_score"":5.169048,""is_void"":false}"
user_0072,2024-01-02 01:00:14.358168704,6.5038012026740875,bronze,"{""base_score"":6.503801,""is_void"":false}"
user_0100,2024-01-07 11:37:51.831834217,5.8559961057680345,silver,"{""base_score"":5.855996,""is_void"":false}"
user_0073,2024-01-02 00:05:08.894253461,4.964675294198401,gold,"{""base_score"":4.964675,""is_void"":false}"
user_0066,2024-01-02 19:01:19.042219004,4.390764197494206,bronze,"{""base_score"":4.390764,""is_void"":false}"
user_0140,2024-01-01 22:40:42.906084074,5.95475798783047,silver,"{""base_score"":5.954758,""is_void"":false}"
user_0024,2024-01-02 02:58:55.860447653,6.064896796351153,gold,"{""base_score"":6.064897,""is_void"":false}"
user_0085,2024-01-04 06:59:32.429602333,6.679928150789832,gold,"{""base_score"":6.679928,""is_void"":false}"
user_0081,2024-01-05 04:26:50.756322003,4.979919792392486,platinum,"{""base_score"":4.97992,""is_void"":false}"
user_0071,2024-01-02 03:57:35.299935331,5.685449588260106,silver,"{""base_score"":5.68545,""is_void"":false}"
user_0121,2024-01-02 01:18:43.978114490,5.816034962775451,platinum,"{""base_score"":5.816035,""is_void"":true}"
user_0040,2024-01-04 02:11:29.162308120,6.22222908811187,bronze,"{""base_score"":6.222229,""is_void"":false}"
user_0143,2024-01-02 00:49:46.603075119,4.914143970169427,silver,"{""base_score"":4.914144,""is_void"":false}"
user_0049,2024-01-06 09:59:26.233539747,3.370529306238315,bronze,"{""base_score"":3.370529,""is_void"":false}"
user_0081,2024-01-05 17:37:16.980530223,5.106447336146571,silver,"{""base_score"":5.106447,""is_void"":true}"
user_0078,2024-01-01 18:17:17.021624707,4.692064313084291,silver,"{""base_score"":4.692064,""is_void"":false}"
user_0127,2024-01-01 04:30:51.962443844,5.853225147547711,bronze,"{""base_score"":5.853225,""is_void"":false}"
user_0065,2024-01-03 23:55:45.276564967,3.5296984920818235,gold,"{""base_score"":3.529698,""is_void"":false}"
user_0042,2024-01-01 21:53:11.751417387,5.486969747642917,silver,"{""base_score"":5.48697,""is_void"":false}"
user_0003,2024-01-07 03:34:55.392390479,7.140012264462389,bronze,"{""base_score"":7.140012,""is_void"":false}"
user_0054,2024-01-02 12:24:54.892394641,5.294050235165047,bronze,"{""base_score"":5.29405,""is_void"":false}"
user_0123,2024-01-03 15:09:19.744172135,6.534454372584998,silver,"{""base_score"":6.534454,""is_void"":false}"
user_0001,2024-01-02 02:34:37.400278695,4.053012674726467,silver,"{""base_score"":4.053013,""is_void"":false}"
user_0134,2024-01-01 08:06:23.662924959,3.8811388268061853,silver,"{""base_score"":3.881139,""is_void"":false}"
user_0081,2024-01-06 05:44:48.260242660,6.654858384058961,bronze,"{""base_score"":6.654858,""is_void"":false}"
user_0021,2024-01-02 00:56:03.510256128,5.804168619796601,gold,"{""base_score"":5.804169,""is_void"":true}"
user_0045,2024-01-02 23:18:20.336877625,6.034056267486278,VIP,"{""base_score"":6.034056,""is_void"":true}"
user_0083,2024-01-04 16:45:05.803745448,4.327688365565643,silver,"{""base_score"":4.327688,""is_void"":false}"
user_0047,2024-01-01 09:49:53.622281438,5.829238132430714,gold,"{""base_score"":5.829238,""is_void"":true}"
user_0016,2024-01-01 07:28:46.167076977,5.873684537117389,platinum,"{""base_score"":5.873685,""is_void"":false}"
user_0099,2024-01-02 04:47:32.272561141,7.044380018323141,VIP,"{""base_score"":7.04438,""is_void"":false}"
user_0100,2024-01-07 15:06:56.018208883,8.394361350791952,gold,"{""base_score"":8.394361,""is_void"":true}"
user_0017,2024-01-02 00:19:03.228318122,7.210816446574439,platinum,"{""base_score"":7.210816,""is_void"":false}"
user_0042,2024-01-02 01:48:54.799060989,6.439498527619896,VIP,"{""base_score"":6.439499,""is_void"":false}"
user_0036,2024-01-01 09:23:39.963253257,3.3787007644228986,gold,"{""base_score"":3.378701,""is_void"":false}"
user_0098,2024-01-01 13:10:14.554724921,4.085912636626905,silver,"{""base_score"":4.085913,""is_void"":false}"
user_0109,2024-01-01 08:04:26.550074917,6.049338885606102,bronze,"{""base_score"":6.049339,""is_void"":false}"
user_0109,2024-01-01 22:48:11.519173357,3.9822159941867414,bronze,"{""base_score"":3.982216,""is_void"":false}"
user_0140,2024-01-02 01:59:32.061677207,6.139653073931951,silver,"{""base_score"":6.139653,""is_void"":true}"
user_0115,2024-01-02 05:00:28.108595293,6.402130538794618,silver,"{""base_score"":6.402131,""is_void"":true}"
user_0048,2024-01-02 08:46:05.541374264,6.851659447744518,silver,"{""base_score"":6.851659,""is_void"":false}"
user_0016,2024-01-01 18:16:49.507850376,5.832205631088887,silver,"{""base_score"":5.832206,""is_void"":false}"
user_0092,2024-01-01 07:35:11.268310329,5.390760956482841,silver,"{""base_score"":5.390761,""is_void"":false}"
user_0137,2024-01-02 02:05:33.345784935,6.739621847622001,platinum,"{""base_score"":6.739622,""is_void"":true}"
user_0146,2024-01-02 01:56:30.400187743,4.40524783983166,bronze,"{""base_score"":4.405248,""is_void"":false}"
user_0034,2024-01-02 01:09:01.277025857,5.353793649119732,bronze,"{""base_score"":5.353794,""is_void"":false}"
user_0035,2024-01-04 13:02:52.248357322,6.954341641733619,gold,"{""base_score"":6.954342,""is_void"":false}"
user_0005,2024-01-02 05:18:58.694827661,7.225665606993634,platinum,"{""base_score"":7.225666,""is_void"":false}"
user_0021,2024-01-02 07:34:06.232751079,8.131241676879444,VIP,"{""base_score"":8.131242,""is_void"":true}"
user_0083,2024-01-04 20:12:10.985304838,6.375930737782153,platinum,"{""base_score"":6.375931,""is_void"":false}"
user_0082,2024-01-01 03:42:30.924496742,7.1601657551164966,platinum,"{""base_score"":7.160166,""is_void"":false}"
user_0055,2024-01-03 13:03:54.363998731,4.683184617167642,silver,"{""base_score"":4.683185,""is_void"":false}"
user_0046,2024-01-02 01:40:34.412598744,5.796450744949533,silver,"{""base_score"":5.796451,""is_void"":true}"
user_0124,2024-01-03 01:35:29.539479281,4.517931106251655,bronze,"{""base_score"":4.517931,""is_void"":false}"
user_0069,2024-01-05 04:32:02.544448224,6.226696590073641,gold,"{""base_score"":6.226697,""is_void"":false}"
user_0121,2024-01-02 05:01:00.796198230,6.379001759291918,VIP,"{""base_score"":6.379002,""is_void"":false}"
user_0144,2024-01-01 11:39:42.191900801,5.549769864547223,silver,"{""base_score"":5.54977,""is_void"":true}"
user_0047,2024-01-01 16:31:13.983613096,7.277954719007386,silver,"{""base_score"":7.277955,""is_void"":false}"
user_0030,2024-01-01 23:23:43.873406832,5.730930504037647,bronze,"{""base_score"":5.730931,""is_void"":false}"
user_0142,2024-01-01 01:26:50.933832702,5.72391680697386,bronze,"{""base_score"":5.723917,""is_void"":false}"
user_0095,2024-01-02 03:04:46.713683110,5.593530692188987,bronze,"{""base_score"":5.593531,""is_void"":false}"
user_0043,2024-01-03 16:18:21.484961318,6.401325703764847,bronze,"{""base_score"":6.401326,""is_void"":true}"
user_0093,2024-01-01 09:30:37.470186759,5.823003091467116,VIP,"{""base_score"":5.823003,""is_void"":false}"
user_0077,2024-01-01 04:32:39.665481914,7.195574296878487,silver,"{""base_score"":7.195574,""is_void"":false}"
user_0135,2024-01-05 01:34:54.417496871,5.725731408708043,platinum,"{""base_score"":5.725731,""is_void"":false}"
user_0038,2024-01-03 15:47:25.186468531,5.243805317640107,gold,"{""base_score"":5.243805,""is_void"":false}"
user_0148,2024-01-02 15:30:11.863850996,5.634286471616563,bronze,"{""base_score"":5.634286,""is_void"":false}"
user_0140,2024-01-02 09:51:47.222924600,7.026378504246763,bronze,"{""base_score"":7.026379,""is_void"":false}"
user_0027,2024-01-01 19:08:12.260198089,5.678186355258329,platinum,"{""base_score"":5.678186,""is_void"":false}"
user_0024,2024-01-02 04:17:09.833488610,4.493454224455575,bronze,"{""base_score"":4.493454,""is_void"":false}"
user_0079,2024-01-01 15:36:17.859951360,7.105722643309622,VIP,"{""base_score"":7.105723,""is_void"":false}"
user_0006,2024-01-02 01:19:59.072540191,5.165444112031853,bronze,"{""base_score"":5.165444,""is_void"":true}"
user_0044,2024-01-04 03:00:51.953604514,6.972244450842756,gold,"{""base_score"":6.972244,""is_void"":false}"
user_0065,2024-01-04 09:41:24.697070554,8.858552544661325,platinum,"{""base_score"":8.858553,""is_void"":false}"
user_0145,2024-01-09 04:54:48.058140093,5.785198068523906,bronze,"{""base_score"":5.785198,""is_void"":false}"
user_0148,2024-01-02 22:43:28.591955744,4.598095798010244,bronze,"{""base_score"":4.598096,""is_void"":false}"
user_0022,2024-01-02 07:05:22.141223983,5.748988261573422,VIP,"{""base_score"":5.748988,""is_void"":false}"
user_0133,2024-01-02 01:30:32.208379346,4.868378243076974,bronze,"{""base_score"":4.868378,""is_void"":false}"
user_0013,2024-01-05 16:43:44.906440977,5.211054765584295,silver,"{""base_score"":5.211055,""is_void"":false}"
user_0112,2024-01-01 04:31:55.659201693,5.621837272234054,silver,"{""base_score"":5.621837,""is_void"":false}"
user_0126,2024-01-01 10:07:56.975981800,5.867579589129474,bronze,"{""base_score"":5.86758,""is_void"":false}"
user_0133,2024-01-02 03:06:59.151783749,5.558527002402324,gold,"{""base_score"":5.558527,""is_void"":true}"
user_0033,2024-01-01 10:49:06.778179066,7.6425266134676475,gold,"{""base_score"":7.642527,""is_void"":false}"
user_0134,2024-01-01 12:40:26.773708576,4.581575463131789,silver,"{""base_score"":4.581575,""is_void"":false}"
user_0017,2024-01-02 15:52:10.599924988,6.734361246322436,platinum,"{""base_score"":6.734361,""is_void"":false}"
user_0077,2024-01-01 15:04:59.305802134,6.213318991620449,bronze,"{""base_score"":6.213319,""is_void"":false}"
user_0070,2024-01-02 10:25:54.596051796,5.991042472808757,bronze,"{""base_score"":5.991042,""is_void"":false}"
user_0047,2024-01-01 21:43:24.832499836,6.377756799638341,silver,"{""base_score"":6.377757,""is_void"":false}"
user_0003,2024-01-07 06:15:48.750941504,7.850456382120506,VIP,"{""base_score"":7.850456,""is_void"":false}"
user_0115,2024-01-02 14:00:43.585028045,6.324602320722058,bronze,"{""base_score"":6.324602,""is_void"":false}"
user_0050,2024-01-05 09:27:39.573116329,4.662816346717532,bronze,"{""base_score"":4.662816,""is_void"":true}"
user_0099,2024-01-02 07:24:01.658237588,5.736672156650594,silver,"{""base_score"":5.736672,""is_void"":false}"
user_0061,2024-01-07 12:51:00.505560843,6.782474946226803,platinum,"{""base_score"":6.782475,""is_void"":true}"
user_0056,2024-01-01 08:24:31.126130337,6.5956991488989685,bronze,"{""base_score"":6.595699,""is_void"":true}"
user_0132,2024-01-01 12:33:30.202350393,3.312535728580361,silver,"{""base_score"":3.312536,""is_void"":true}"
user_0014,2024-01-07 21:52:12.895539595,5.273929491497512,gold,"{""base_score"":5.273929,""is_void"":false}"
user_0110,2024-01-02 06:45:27.864655008,5.88509336231654,silver,"{""base_score"":5.885093,""is_void"":false}"
user_0112,2024-01-01 11:29:39.259720989,2.728866719094337,bronze,"{""base_score"":2.728867,""is_void"":false}"
user_0056,2024-01-01 12:13:27.785942622,5.779594988222858,bronze,"{""base_score"":5.779595,""is_void"":false}"
user_0039,2024-01-04 18:37:20.325416188,6.0757441267262156,silver,"{""base_score"":6.075744,""is_void"":false}"
user_0000,2024-01-01 08:44:09.429771775,5.705026566968933,silver,"{""base_score"":5.705027,""is_void"":false}"
user_0140,2024-01-02 12:41:36.029245194,6.8997320044017165,platinum,"{""base_score"":6.899732,""is_void"":false}"
user_0142,2024-01-01 06:57:08.195965344,4.72797272774459,gold,"{""base_score"":4.727973,""is_void"":true}"
user_0036,2024-01-01 14:52:21.244685872,4.996673046358833,gold,"{""base_score"":4.996673,""is_void"":false}"
user_0004,2024-01-01 19:52:56.539249121,6.385735075225485,VIP,"{""base_score"":6.385735,""is_void"":false}"
user_0018,2024-01-04 06:14:26.323411790,4.942570736087292,silver,"{""base_score"":4.942571,""is_void"":false}"
user_0010,2024-01-01 19:00:11.240160195,5.531418135792968,silver,"{""base_score"":5.531418,""is_void"":false}"
user_0124,2024-01-03 10:57:35.420118266,6.385994948659003,VIP,"{""base_score"":6.385995,""is_void"":false}"
user_0133,2024-01-02 14:20:14.186690157,4.905819410016,bronze,"{""base_score"":4.905819,""is_void"":false}"
user_0022,2024-01-02 16:21:03.121402955,7.589462030607317,gold,"{""base_score"":7.589462,""is_void"":false}"
user_0112,2024-01-01 17:15:03.775462246,5.336170812755546,gold,"{""base_score"":5.336171,""is_void"":false}"
user_0026,2024-01-02 04:44:22.273514580,5.149493418979246,bronze,"{""base_score"":5.149493,""is_void"":true}"
user_0055,2024-01-03 15:24:57.336038966,5.086029314536775,silver,"{""base_score"":5.086029,""is_void"":true}"
user_0089,2024-01-01 13:59:07.099909144,5.142250137467251,bronze,"{""base_score"":5.14225,""is_void"":true}"
user_0107,2024-01-02 10:08:38.254862254,4.3982163676764845,bronze,"{""base_score"":4.398216,""is_void"":false}"
user_0131,2024-01-03 02:23:33.715107204,4.3210098095844875,silver,"{""base_score"":4.32101,""is_void"":false}"
user_0006,2024-01-02 09:44:06.533988736,4.354340452930369,bronze,"{""base_score"":4.35434,""is_void"":false}"
user_0029,2024-01-01 23:42:40.747310186,5.840564501087438,gold,"{""base_score"":5.840565,""is_void"":false}"
user_0042,2024-01-02 06:35:56.341479159,7.818598641849452,VIP,"{""base_score"":7.818599,""is_void"":false}"
user_0046,2024-01-02 06:55:57.349772264,4.755036508695817,platinum,"{""base_score"":4.755037,""is_void"":false}"
user_0149,2024-01-04 19:49:14.817732404,4.65191548392458,bronze,"{""base_score"":4.651915,""is_void"":false}"
user_0116,2024-01-05 10:10:21.565448838,4.025778901359153,bronze,"{""base_score"":4.025779,""is_void"":false}"
user_0048,2024-01-02 20:57:35.169906126,5.064249870523275,bronze,"{""base_score"":5.06425,""is_void"":false}"
user_0145,2024-01-09 16:46:29.849036239,6.316239449610099,bronze,"{""base_score"":6.316239,""is_void"":false}"
user_0074,2024-01-05 11:37:29.488249651,6.410999421074163,VIP,"{""base_score"":6.410999,""is_void"":false}"
user_0075,2024-01-02 17:29:42.374415965,5.616838187539679,silver,"{""base_score"":5.616838,""is_void"":false}"
user_0065,2024-01-04 22:53:35.130747902,6.080355714005567,bronze,"{""base_score"":6.080356,""is_void"":false}"
user_0021,2024-01-02 18:28:37.751228323,6.501761969556311,platinum,"{""base_score"":6.501762,""is_void"":false}"
user_0140,2024-01-02 14:15:02.704983438,5.8390518163564105,silver,"{""base_score"":5.839052,""is_void"":false}"
user_0002,2024-01-01 13:25:15.678201060,5.206975960226418,bronze,"{""base_score"":5.206976,""is_void"":false}"
user_0026,2024-01-02 18:53:04.885662046,4.214414949268871,bronze,"{""base_score"":4.214415,""is_void"":false}"
user_0034,2024-01-02 07:36:47.791339173,6.959558751594756,gold,"{""base_score"":6.959559,""is_void"":true}"
user_0041,2024-01-02 08:48:48.541167413,6.891633812098368,gold,"{""base_score"":6.891634,""is_void"":true}"
user_0019,2024-01-05 11:07:04.048347873,4.230180356329792,bronze,"{""base_score"":4.23018,""is_void"":true}"
user_0002,2024-01-01 15:33:03.533973129,6.720563505562495,VIP,"{""base_score"":6.720564,""is_void"":false}"
user_0101,2024-01-02 13:41:41.939765501,6.239848183656201,platinum,"{""base_score"":6.239848,""is_void"":false}"
user_0145,2024-01-10 08:29:38.010576415,7.092926396631769,platinum,"{""base_score"":7.092926,""is_void"":true}"
user_0018,2024-01-04 18:46:35.666759150,5.757762933089662,bronze,"{""base_score"":5.757763,""is_void"":false}"
user_0044,2024-01-04 17:42:19.746268295,5.8789016544219965,bronze,"{""base_score"":5.878902,""is_void"":false}"
user_0075,2024-01-03 07:44:54.150353537,6.213977754864543,platinum,"{""base_score"":6.213978,""is_void"":false}"
user_0139,2024-01-01 21:07:35.305580797,6.387889884373238,silver,"{""base_score"":6.38789,""is_void"":true}"
user_0104,2024-01-06 00:47:39.046518022,5.192352644599274,gold,"{""base_score"":5.192353,""is_void"":true}"
user_0114,2024-01-02 04:33:07.243156845,5.2166802662369465,gold,"{""base_score"":5.21668,""is_void"":false}"
user_0087,2024-01-04 10:01:27.535820803,3.218321816163643,bronze,"{""base_score"":3.218322,""is_void"":false}"
user_0062,2024-01-02 06:59:31.578934389,6.626433367443913,gold,"{""base_score"":6.626433,""is_void"":false}"
user_0029,2024-01-02 14:33:23.538898763,5.739731226222449,VIP,"{""base_score"":5.739731,""is_void"":false}"
user_0129,2024-01-01 10:46:31.732981201,6.763789225341146,gold,"{""base_score"":6.763789,""is_void"":false}"
user_0120,2024-01-04 12:15:17.269352383,4.285941055345115,silver,"{""base_score"":4.285941,""is_void"":false}"
user_0003,2024-01-07 10:31:49.861043401,6.697119239358777,platinum,"{""base_score"":6.697119,""is_void"":false}"
user_0107,2024-01-03 01:44:34.078327527,6.542130403226439,silver,"{""base_score"":6.54213,""is_void"":false}"
user_0012,2024-01-04 18:04:35.969130392,5.104394037902967,gold,"{""base_score"":5.104394,""is_void"":true}"
user_0110,2024-01-02 14:45:46.855955320,6.3605886267694105,platinum,"{""base_score"":6.360589,""is_void"":false}"
user_0123,2024-01-03 20:27:25.551553189,5.787509134105633,gold,"{""base_score"":5.787509,""is_void"":true}"
user_0019,2024-01-05 20:21:27.224790769,5.30006242928871,bronze,"{""base_score"":5.300062,""is_void"":false}"
user_0065,2024-01-05 07:34:33.197444098,5.395660746563015,bronze,"{""base_score"":5.395661,""is_void"":true}"
user_0018,2024-01-05 09:51:20.642980906,5.857083775112344,bronze,"{""base_score"":5.857084,""is_void"":false}"
user_0085,2024-01-04 21:29:10.865101033,6.216500221950257,silver,"{""base_score"":6.2165,""is_void"":false}"
user_0139,2024-01-02 07:28:09.257737031,4.992058448105572,silver,"{""base_score"":4.992058,""is_void"":true}"
user_0012,2024-01-05 00:02:25.691240373,5.1627922492320915,silver,"{""base_score"":5.162792,""is_void"":true}"
user_0059,2024-01-01 04:58:31.150513502,6.141474415166303,silver,"{""base_score"":6.141474,""is_void"":false}"
user_0145,2024-01-10 16:12:06.754682285,5.443062764568978,gold,"{""base_score"":5.443063,""is_void"":false}"
user_0045,2024-01-03 04:22:29.136803857,5.825189982999835,VIP,"{""base_score"":5.82519,""is_void"":false}"
user_0019,2024-01-05 22:09:10.972861049,5.018682230596397,bronze,"{""base_score"":5.018682,""is_void"":false}"
user_0073,2024-01-02 11:25:55.500414246,4.735268362295524,gold,"{""base_score"":4.735268,""is_void"":true}"
user_0076,2024-01-01 08:42:24.304608809,5.609374376223046,gold,"{""base_score"":5.609374,""is_void"":false}"
user_0099,2024-01-02 08:24:51.668001083,3.529534660021968,silver,"{""base_score"":3.529535,""is_void"":false}"
user_0047,2024-01-01 23:18:28.607128307,5.381773468688904,bronze,"{""base_score"":5.381773,""is_void"":false}"
user_0143,2024-01-02 16:45:05.988003087,6.628241447088212,gold,"{""base_score"":6.628241,""is_void"":false}"
user_0078,2024-01-01 22:30:51.115265149,5.254343725119387,VIP,"{""base_score"":5.254344,""is_void"":false}"
user_0042,2024-01-02 14:33:16.388921659,6.558923095342348,gold,"{""base_score"":6.558923,""is_void"":false}"
user_0144,2024-01-02 00:42:05.072736026,7.490106595411861,VIP,"{""base_score"":7.490107,""is_void"":false}"
user_0138,2024-01-01 20:46:23.243620727,7.71970515925439,VIP,"{""base_score"":7.719705,""is_void"":false}"
user_0074,2024-01-06 01:40:34.639288796,5.340931504341659,silver,"{""base_score"":5.340932,""is_void"":false}"
user_0003,2024-01-07 13:08:27.616926473,6.063066184757962,gold,"{""base_score"":6.063066,""is_void"":false}"
user_0089,2024-01-01 17:19:13.560553901,6.086032150792076,silver,"{""base_score"":6.086032,""is_void"":false}"
user_0083,2024-01-05 10:56:58.380693000,6.538205781971482,VIP,"{""base_score"":6.538206,""is_void"":false}"
user_0022,2024-01-02 18:35:49.591236326,5.374845736930106,bronze,"{""base_score"":5.374846,""is_void"":false}"
user_0095,2024-01-02 10:12:26.613870446,5.252039652446222,silver,"{""base_score"":5.25204,""is_void"":false}"
user_0126,2024-01-01 16:14:15.577033825,5.85160560708624,platinum,"{""base_score"":5.851606,""is_void"":false}"
user_0015,2024-01-02 02:15:18.130224350,5.420567759876784,bronze,"{""base_score"":5.420568,""is_void"":false}"
user_0108,2024-01-01 18:27:34.496413325,6.442430045806107,gold,"{""base_score"":6.44243,""is_void"":false}"
user_0021,2024-01-05 08:41:44.568823443,5.502581518556535,silver,"{""base_score"":5.502582,""is_void"":false}"
user_0112,2024-01-01 20:23:07.056304302,6.448957300689114,VIP,"{""base_score"":6.448957,""is_void"":false}"
user_0062,2024-01-02 09:58:40.384662123,8.430627591779622,platinum,"{""base_score"":8.430628,""is_void"":false}"
user_0000,2024-01-05 02:50:37.741455599,5.676707770964014,silver,"{""base_score"":5.676708,""is_void"":false}"
user_0144,2024-01-02 02:23:59.374929381,6.95050906178916,gold,"{""base_score"":6.950509,""is_void"":false}"
user_0024,2024-01-02 16:20:36.027811338,4.730316169467588,silver,"{""base_score"":4.730316,""is_void"":false}"
user_0089,2024-01-01 23:32:18.576286838,7.309970769926927,gold,"{""base_score"":7.309971,""is_void"":true}"
user_0027,2024-01-02 02:55:58.694721818,7.202147462973255,gold,"{""base_score"":7.202147,""is_void"":false}"
user_0139,2024-01-02 19:23:53.314434075,6.212667257901709,platinum,"{""base_score"":6.212667,""is_void"":false}"
user_0110,2024-01-02 19:25:53.249492756,6.166635543876888,bronze,"{""base_score"":6.166636,""is_void"":false}"
user_0120,2024-01-05 02:04:21.720226661,5.84343379282262,bronze,"{""base_score"":5.843434,""is_void"":false}"
user_0064,2024-01-02 04:35:46.372542719,5.233967098231915,gold,"{""base_score"":5.233967,""is_void"":false}"
user_0070,2024-01-02 18:36:33.241711435,5.3909184203367495,silver,"{""base_score"":5.390918,""is_void"":false}"
user_0095,2024-01-02 22:50:35.807827648,6.304398017752127,silver,"{""base_score"":6.304398,""is_void"":false}"
user_0117,2024-01-08 00:44:50.074098634,6.098255322528068,bronze,"{""base_score"":6.098255,""is_void"":true}"
user_0127,2024-01-01 11:07:05.876793353,4.839034367677681,silver,"{""base_score"":4.839034,""is_void"":false}"
user_0002,2024-01-01 21:00:18.225815286,6.176601147111563,platinum,"{""base_score"":6.176601,""is_void"":false}"
user_0099,2024-01-05 05:31:31.377331013,4.7778701126467205,bronze,"{""base_score"":4.77787,""is_void"":false}"
user_0016,2024-01-02 00:28:35.472132993,5.604759083794284,silver,"{""base_score"":5.604759,""is_void"":false}"
user_0043,2024-01-03 20:59:41.578093131,8.393563502950455,VIP,"{""base_score"":8.393564,""is_void"":false}"
user_0124,2024-01-04 01:28:39.216757690,5.301014285099501,bronze,"{""base_score"":5.301014,""is_void"":false}"
user_0037,2024-01-01 03:54:24.801089709,6.112856753106499,gold,"{""base_score"":6.112857,""is_void"":false}"
user_0119,2024-01-05 22:49:19.778222104,6.421510813772962,bronze,"{""base_score"":6.421511,""is_void"":false}"
user_0069,2024-01-05 07:45:48.015607178,6.0361703544464795,platinum,"{""base_score"":6.03617,""is_void"":false}"
user_0034,2024-01-02 16:45:33.392864327,7.4379987833211825,gold,"{""base_score"":7.437999,""is_void"":false}"
user_0050,2024-01-05 19:38:51.630944681,5.074642538101587,platinum,"{""base_score"":5.074643,""is_void"":false}"
user_0079,2024-01-04 08:25:31.770030644,5.181220326943573,bronze,"{""base_score"":5.18122,""is_void"":true}"
user_0114,2024-01-02 09:26:28.622405884,6.72027736490205,silver,"{""base_score"":6.720277,""is_void"":false}"
user_0090,2024-01-01 21:41:09.580234567,7.086605644831363,gold,"{""base_score"":7.086606,""is_void"":true}"
user_0139,2024-01-03 10:08:24.425581215,4.630992658621782,bronze,"{""base_score"":4.630993,""is_void"":false}"
user_0130,2024-01-01 04:33:00.498680298,4.505588814916052,bronze,"{""base_score"":4.505589,""is_void"":false}"
user_0113,2024-01-02 12:06:24.472129858,5.166214549323091,bronze,"{""base_score"":5.166215,""is_void"":false}"
user_0090,2024-01-01 23:25:44.467106177,6.032500544502287,VIP,"{""base_score"":6.032501,""is_void"":false}"
user_0043,2024-01-04 07:34:11.936138853,5.594142062315273,gold,"{""base_score"":5.594142,""is_void"":false}"
user_0061,2024-01-07 17:14:04.956784881,6.374581552253955,gold,"{""base_score"":6.374582,""is_void"":true}"
user_0017,2024-01-02 21:09:30.547162182,6.01047069388518,gold,"{""base_score"":6.010471,""is_void"":false}"
user_0056,2024-01-03 14:56:12.071427448,4.227935162249343,silver,"{""base_score"":4.227935,""is_void"":false}"
user_0138,2024-01-02 07:01:48.186815699,5.1077510302625875,silver,"{""base_score"":5.107751,""is_void"":false}"
user_0063,2024-01-01 02:39:43.437331764,5.199164189002006,silver,"{""base_score"":5.199164,""is_void"":false}"
user_0017,2024-01-03 06:06:19.780151185,4.955494112474913,gold,"{""base_score"":4.955494,""is_void"":true}"
user_0097,2024-01-01 22:15:37.382999824,5.628495531799081,bronze,"{""base_score"":5.628496,""is_void"":false}"
user_0144,2024-01-02 11:34:23.524238073,5.216125547539326,platinum,"{""base_score"":5.216126,""is_void"":true}"
user_0130,2024-01-01 20:23:30.253642083,7.730837905613942,platinum,"{""base_score"":7.730838,""is_void"":false}"
user_0041,2024-01-06 05:37:22.136631815,7.8225201824198045,silver,"{""base_score"":7.82252,""is_void"":true}"
user_0068,2024-01-04 09:45:24.805674290,4.638772163041239,silver,"{""base_score"":4.638772,""is_void"":false}"
user_0079,2024-01-04 17:02:07.264928669,5.751831420335306,bronze,"{""base_score"":5.751831,""is_void"":false}"
user_0037,2024-01-01 08:59:39.185064037,6.096984720711648,VIP,"{""base_score"":6.096985,""is_void"":false}"
user_0040,2024-01-04 11:44:09.997221025,6.473817428077369,VIP,"{""base_score"":6.473817,""is_void"":true}"
user_0035,2024-01-05 00:41:20.545770634,8.789581797586171,VIP,"{""base_score"":8.789582,""is_void"":false}"
user_0149,2024-01-05 02:46:50.847479556,5.1310313689352895,silver,"{""base_score"":5.131031,""is_void"":false}"
user_0111,2024-01-04 05:38:53.932930979,5.081245040606296,bronze,"{""base_score"":5.081245,""is_void"":false}"
user_0126,2024-01-03 20:45:45.321423222,4.770186165639504,bronze,"{""base_score"":4.770186,""is_void"":false}"
user_0122,2024-01-01 07:20:30.603469851,6.094361500516594,bronze,"{""base_score"":6.094362,""is_void"":false}"
user_0143,2024-01-03 03:35:02.521905273,2.454366163564986,bronze,"{""base_score"":2.454366,""is_void"":false}"
user_0015,2024-01-02 18:13:11.154306912,4.734901958680037,bronze,"{""base_score"":4.734902,""is_void"":false}"
user_0132,2024-01-01 22:20:16.937198011,5.72762246578232,VIP,"{""base_score"":5.727622,""is_void"":false}"
user_0009,2024-01-02 06:36:01.467577874,5.063097261578221,bronze,"{""base_score"":5.063097,""is_void"":true}"
user_0071,2024-01-02 16:12:13.497218539,5.838066657517935,bronze,"{""base_score"":5.838067,""is_void"":false}"
user_0089,2024-01-02 10:48:24.353203289,7.790674635736964,platinum,"{""base_score"":7.790675,""is_void"":true}"
user_0053,2024-01-01 02:51:05.464674320,4.721839198119761,silver,"{""base_score"":4.721839,""is_void"":false}"
user_0021,2024-01-06 00:01:35.208563273,7.423916022356302,gold,"{""base_score"":7.423916,""is_void"":false}"
user_0028,2024-01-01 14:37:44.749118117,4.235384287701433,gold,"{""base_score"":4.235384,""is_void"":false}"
user_0123,2024-01-04 04:38:43.067843853,7.674956125248639,platinum,"{""base_score"":7.674956,""is_void"":false}"
user_0047,2024-01-02 11:40:40.702445507,5.894405280247944,gold,"{""base_score"":5.894405,""is_void"":false}"
user_0046,2024-01-02 11:03:48.601477858,4.996533302941347,silver,"{""base_score"":4.996533,""is_void"":false}"
user_0138,2024-01-05 05:46:25.236872175,6.224486379544439,gold,"{""base_score"":6.224486,""is_void"":true}"
user_0021,2024-01-06 11:58:18.036217367,5.323036754926653,silver,"{""base_score"":5.323037,""is_void"":true}"
user_0137,2024-01-02 12:00:47.290068485,6.073669158242054,silver,"{""base_score"":6.073669,""is_void"":false}"
user_0138,2024-01-05 15:27:32.106800845,5.41621658624551,silver,"{""base_score"":5.416217,""is_void"":true}"
user_0089,2024-01-02 22:01:16.549610046,5.443221370629156,bronze,"{""base_score"":5.443221,""is_void"":true}"
user_0024,2024-01-03 07:27:09.021712384,5.108800607751482,gold,"{""base_score"":5.108801,""is_void"":false}"
user_0023,2024-01-01 07:06:02.187952620,4.302818300212334,bronze,"{""base_score"":4.302818,""is_void"":false}"
user_0042,2024-01-02 23:03:49.159259419,4.820016838248503,bronze,"{""base_score"":4.820017,""is_void"":false}"
user_0086,2024-01-02 00:50:20.352773758,4.407477873956347,bronze,"{""base_score"":4.407478,""is_void"":false}"
user_0023,2024-01-01 12:13:13.187653966,6.139094135728641,platinum,"{""base_score"":6.139094,""is_void"":false}"
user_0068,2024-01-04 21:19:02.548422726,5.835031257885064,silver,"{""base_score"":5.835031,""is_void"":false}"
user_0017,2024-01-03 13:08:16.911505087,6.547242691306274,gold,"{""base_score"":6.547243,""is_void"":true}"
user_0081,2024-01-06 12:57:23.578560451,8.312631475605892,platinum,"{""base_score"":8.312631,""is_void"":false}"
user_0003,2024-01-08 03:46:32.159226165,4.259824999234495,bronze,"{""base_score"":4.259825,""is_void"":true}"
user_0106,2024-01-01 05:29:25.998541130,6.405256872415695,gold,"{""base_score"":6.405257,""is_void"":false}"
user_0008,2024-01-01 23:51:53.950034066,5.563160358529873,silver,"{""base_score"":5.56316,""is_void"":false}"
user_0029,2024-01-03 03:57:17.123419197,5.563550269962069,bronze,"{""base_score"":5.56355,""is_void"":false}"
user_0026,2024-01-04 20:23:24.414679969,6.265592708393654,gold,"{""base_score"":6.265593,""is_void"":false}"
user_0124,2024-01-04 04:49:03.667540376,6.4896529154771825,VIP,"{""base_score"":6.489653,""is_void"":false}"
user_0008,2024-01-02 07:14:22.961954014,5.296625387672628,bronze,"{""base_score"":5.296625,""is_void"":true}"
user_0064,2024-01-02 12:01:56.428806006,4.949413234230949,silver,"{""base_score"":4.949413,""is_void"":false}"
user_0088,2024-01-02 03:56:49.922730209,5.494553800154635,bronze,"{""base_score"":5.494554,""is_void"":true}"
user_0077,2024-01-02 01:55:18.740748722,4.62085680472544,silver,"{""base_score"":4.620857,""is_void"":false}"
user_0102,2024-01-03 01:08:59.091134283,6.641481513880118,gold,"{""base_score"":6.641482,""is_void"":false}"
user_0120,2024-01-05 14:02:35.770811861,6.259150121554268,gold,"{""base_score"":6.25915,""is_void"":false}"
user_0059,2024-01-01 07:51:18.755041323,5.655705872583126,gold,"{""base_score"":5.655706,""is_void"":false}"
user_0124,2024-01-08 02:26:51.380334975,4.936580140181605,bronze,"{""base_score"":4.93658,""is_void"":false}"
user_0047,2024-01-02 22:07:53.419174049,5.650667526305706,gold,"{""base_score"":5.650668,""is_void"":false}"
user_0147,2024-01-03 20:25:31.006373062,7.000058052042169,gold,"{""base_score"":7.000058,""is_void"":true}"
user_0075,2024-01-03 22:02:29.939276564,8.6596538987794,gold,"{""base_score"":8.659654,""is_void"":false}"
user_0110,2024-01-03 08:03:33.580765127,5.824085889600387,bronze,"{""base_score"":5.824086,""is_void"":true}"
user_0131,2024-01-03 05:07:18.336568713,5.145289958233202,silver,"{""base_score"":5.14529,""is_void"":false}"
user_0118,2024-01-01 18:09:32.621509762,6.236654829614535,silver,"{""base_score"":6.236655,""is_void"":true}"
user_0127,2024-01-01 21:38:53.925917923,5.834094007221339,bronze,"{""base_score"":5.834094,""is_void"":false}"
user_0080,2024-01-01 04:40:04.975090597,4.141549239642844,bronze,"{""base_score"":4.141549,""is_void"":false}"
user_0006,2024-01-02 19:30:07.973103155,4.731107562045492,silver,"{""base_score"":4.731108,""is_void"":false}"
user_0073,2024-01-02 20:44:54.158676330,4.781618760102979,gold,"{""base_score"":4.781619,""is_void"":true}"
user_0027,2024-01-02 14:08:21.972020811,6.073024066894698,bronze,"{""base_score"":6.073024,""is_void"":false}"
user_0133,2024-01-02 20:47:21.448955577,5.063984699840307,platinum,"{""base_score"":5.063985,""is_void"":false}"
user_0035,2024-01-05 10:38:29.761836359,5.676810730173631,silver,"{""base_score"":5.676811,""is_void"":false}"
user_0034,2024-01-02 22:51:49.627622319,7.099901951575472,gold,"{""base_score"":7.099902,""is_void"":true}"
user_0037,2024-01-01 22:40:33.911594668,5.805889478078054,silver,"{""base_score"":5.805889,""is_void"":false}"
user_0096,2024-01-03 22:08:13.839509799,7.1093136046215575,silver,"{""base_score"":7.109314,""is_void"":false}"
user_0085,2024-01-05 13:28:55.467058427,5.429378716187319,gold,"{""base_score"":5.429379,""is_void"":false}"
user_0142,2024-01-01 12:09:36.503057725,8.191583579907123,VIP,"{""base_score"":8.191584,""is_void"":false}"
user_0062,2024-01-02 15:00:31.002690879,5.069799232801503,silver,"{""base_score"":5.069799,""is_void"":false}"
user_0042,2024-01-03 07:16:38.197317218,4.255217097901311,silver,"{""base_score"":4.255217,""is_void"":false}"
user_0007,2024-01-01 08:35:44.199752272,6.107820390222059,gold,"{""base_score"":6.10782,""is_void"":true}"
user_0001,2024-01-02 15:27:46.765208598,4.89153726019502,gold,"{""base_score"":4.891537,""is_void"":false}"
user_0056,2024-01-03 20:15:50.671997112,5.378634977740188,bronze,"{""base_score"":5.378635,""is_void"":false}"
user_0138,2024-01-06 05:38:04.782168935,6.099000821081758,silver,"{""base_score"":6.099001,""is_void"":true}"
user_0078,2024-01-02 08:05:47.933635112,5.446950515909759,silver,"{""base_score"":5.446951,""is_void"":false}"
user_0134,2024-01-01 15:29:58.049226775,5.621814816895934,VIP,"{""base_score"":5.621815,""is_void"":false}"
user_0015,2024-01-02 22:28:13.619177224,5.8429478111983775,silver,"{""base_score"":5.842948,""is_void"":false}"
user_0013,2024-01-06 00:42:47.765981351,5.736035642857697,silver,"{""base_score"":5.736036,""is_void"":false}"
user_0125,2024-01-01 18:02:09.023658586,7.665350719504414,VIP,"{""base_score"":7.665351,""is_void"":false}"
user_0016,2024-01-02 13:42:00.194121801,5.878909899010517,silver,"{""base_score"":5.87891,""is_void"":false}"
user_0007,2024-01-01 19:36:52.088735432,4.58443315571871,bronze,"{""base_score"":4.584433,""is_void"":true}"
user_0060,2024-01-01 20:24:06.245586770,4.326606898808884,bronze,"{""base_score"":4.326607,""is_void"":false}"
user_0138,2024-01-06 09:02:55.943042337,5.621375211259664,bronze,"{""base_score"":5.621375,""is_void"":false}"
user_0103,2024-01-01 14:11:47.928627286,4.449646696671459,bronze,"{""base_score"":4.449647,""is_void"":true}"
user_0014,2024-01-08 03:59:25.974937894,4.545156680846572,silver,"{""base_score"":4.545157,""is_void"":true}"
user_0125,2024-01-02 02:18:36.877171740,6.505225006352647,gold,"{""base_score"":6.505225,""is_void"":false}"
user_0126,2024-01-04 02:03:46.690797903,4.911317227969938,gold,"{""base_score"":4.911317,""is_void"":false}"
user_0120,2024-01-06 00:29:24.310647007,6.612245500377792,bronze,"{""base_score"":6.612246,""is_void"":false}"
user_0135,2024-01-05 06:20:43.537456117,5.876151826568391,silver,"{""base_score"":5.876152,""is_void"":false}"
user_0035,2024-01-05 13:56:51.466928757,5.821696215995796,bronze,"{""base_score"":5.821696,""is_void"":false}"
user_0146,2024-01-02 13:48:25.845309254,5.611838257869432,VIP,"{""base_score"":5.611838,""is_void"":false}"
user_0048,2024-01-03 00:46:39.649074352,5.91021860259234,bronze,"{""base_score"":5.910219,""is_void"":true}"
user_0120,2024-01-06 02:17:25.263693647,6.280767090929585,gold,"{""base_score"":6.280767,""is_void"":true}"
user_0086,2024-01-02 16:35:46.659786264,5.186023243110934,silver,"{""base_score"":5.186023,""is_void"":false}"
user_0116,2024-01-05 23:10:57.843726645,6.102680637925409,gold,"{""base_score"":6.102681,""is_void"":false}"
user_0094,2024-01-03 06:53:25.779695519,4.413319568103654,silver,"{""base_score"":4.41332,""is_void"":false}"
user_0096,2024-01-04 09:30:14.968294825,5.0717544914984884,gold,"{""base_score"":5.071754,""is_void"":false}"
user_0092,2024-01-01 19:42:49.597643267,4.451718933314543,bronze,"{""base_score"":4.451719,""is_void"":false}"
user_0116,2024-01-06 14:53:32.418584345,6.92292288676874,VIP,"{""base_score"":6.922923,""is_void"":false}"
user_0110,2024-01-03 12:36:34.516959401,5.2511047817187295,silver,"{""base_score"":5.251105,""is_void"":false}"
user_0020,2024-01-01 12:09:08.008619748,6.488606189460354,gold,"{""base_score"":6.488606,""is_void"":true}"
user_0123,2024-01-04 16:21:53.636547519,5.917783587728926,platinum,"{""base_score"":5.917784,""is_void"":false}"
user_0080,2024-01-01 08:03:14.849851283,6.84681425085004,VIP,"{""base_score"":6.846814,""is_void"":false}"
user_0048,2024-01-03 05:25:59.273802919,5.209064899832257,bronze,"{""base_score"":5.209065,""is_void"":false}"
user_0077,2024-01-02 03:03:37.642505322,4.976604323764111,bronze,"{""base_score"":4.976604,""is_void"":false}"
user_0145,2024-01-10 21:58:32.284631678,5.788479835152289,bronze,"{""base_score"":5.78848,""is_void"":false}"
user_0128,2024-01-05 19:18:49.189063051,5.748071553133496,bronze,"{""base_score"":5.748072,""is_void"":true}"
user_0125,2024-01-02 04:22:20.102647518,5.182604860141307,silver,"{""base_score"":5.182605,""is_void"":false}"
user_0069,2024-01-05 21:51:19.514334929,6.677186550472196,VIP,"{""base_score"":6.677187,""is_void"":true}"
user_0117,2024-01-08 07:55:36.709195282,6.772625830908287,VIP,"{""base_score"":6.772626,""is_void"":false}"
user_0057,2024-01-01 07:24:45.662352458,5.839782221238775,silver,"{""base_score"":5.839782,""is_void"":false}"
user_0102,2024-01-03 15:51:35.345228637,5.697748964280524,gold,"{""base_score"":5.697749,""is_void"":true}"
user_0095,2024-01-03 03:12:08.264979030,5.17115611246018,platinum,"{""base_score"":5.171156,""is_void"":false}"
user_0037,2024-01-02 02:05:07.541434382,6.9382052731186645,VIP,"{""base_score"":6.938205,""is_void"":true}"
user_0039,2024-01-05 00:36:51.815510808,4.214300516375419,bronze,"{""base_score"":4.214301,""is_void"":false}"
user_0009,2024-01-02 10:26:42.372181473,5.187820881283673,silver,"{""base_score"":5.187821,""is_void"":false}"
user_0020,2024-01-01 14:41:55.380004356,5.858783670040989,platinum,"{""base_score"":5.858784,""is_void"":false}"
user_0065,2024-01-09 00:45:29.913208384,5.929084508339902,silver,"{""base_score"":5.929085,""is_void"":false}"
user_0071,2024-01-02 22:32:02.930217763,5.708086003464177,silver,"{""base_score"":5.708086,""is_void"":true}"
user_0024,2024-01-03 11:48:20.403157704,6.011349469155386,VIP,"{""base_score"":6.011349,""is_void"":false}"
user_0062,2024-01-02 23:04:33.055988370,6.949358838361681,VIP,"{""base_score"":6.949359,""is_void"":false}"
user_0090,2024-01-02 09:39:26.889835081,7.055304560703678,VIP,"{""base_score"":7.055305,""is_void"":false}"
user_0034,2024-01-03 09:48:27.723452591,4.7314748019586075,gold,"{""base_score"":4.731475,""is_void"":false}"
user_0050,2024-01-05 23:08:49.982668218,5.863527168616635,bronze,"{""base_score"":5.863527,""is_void"":false}"
user_0055,2024-01-06 13:04:35.519939952,4.076534352287351,silver,"{""base_score"":4.076534,""is_void"":false}"
user_0075,2024-01-04 08:48:12.050397567,4.549296146924365,silver,"{""base_score"":4.549296,""is_void"":false}"
user_0054,2024-01-02 19:27:28.216754284,5.316363398206886,silver,"{""base_score"":5.316363,""is_void"":false}"
user_0110,2024-01-03 21:35:10.574496769,6.993172098046125,silver,"{""base_score"":6.993172,""is_void"":true}"
user_0049,2024-01-06 21:53:02.583176940,7.346696000850462,gold,"{""base_score"":7.346696,""is_void"":true}"
user_0065,2024-01-09 06:07:38.129610958,5.90849405387036,silver,"{""base_score"":5.908494,""is_void"":false}"
user_0056,2024-01-04 04:33:53.008440859,6.501836196726497,gold,"{""base_score"":6.501836,""is_void"":false}"
user_0027,2024-01-02 21:42:03.980447807,4.345559819687315,silver,"{""base_score"":4.34556,""is_void"":false}"
user_0102,2024-01-04 05:27:31.786315285,5.755751022917083,silver,"{""base_score"":5.755751,""is_void"":false}"
user_0035,2024-01-06 00:23:25.361784544,5.422675218812925,bronze,"{""base_score"":5.422675,""is_void"":false}"
user_0044,2024-01-05 03:50:36.475188955,4.869897020430618,bronze,"{""base_score"":4.869897,""is_void"":false}"
user_0118,2024-01-01 23:59:26.345567394,6.666275683702654,platinum,"{""base_score"":6.666276,""is_void"":false}"
user_0142,2024-01-01 13:32:35.222263202,4.841246938915528,silver,"{""base_score"":4.841247,""is_void"":false}"
user_0100,2024-01-11 08:08:33.815218292,6.147032217991823,bronze,"{""base_score"":6.147032,""is_void"":true}"
user_0137,2024-01-05 13:40:42.629504900,4.771736480831363,gold,"{""base_score"":4.771736,""is_void"":false}"
user_0128,2024-01-05 23:17:10.435462664,6.264851762240321,silver,"{""base_score"":6.264852,""is_void"":false}"
user_0072,2024-01-02 04:51:19.529843117,4.527402715921466,bronze,"{""base_score"":4.527403,""is_void"":true}"
user_0115,2024-01-03 02:27:25.059572030,5.589176702241218,silver,"{""base_score"":5.589177,""is_void"":false}"
user_0049,2024-01-07 01:08:42.768155847,5.4501423206913495,bronze,"{""base_score"":5.450142,""is_void"":false}"
user_0069,2024-01-06 04:49:28.844913523,5.0539426713411375,gold,"{""base_score"":5.053943,""is_void"":false}"
user_0080,2024-01-02 00:02:14.993484020,5.02350770672166,bronze,"{""base_score"":5.023508,""is_void"":false}"
user_0144,2024-01-03 01:01:57.804895147,4.97745920717143,bronze,"{""base_score"":4.977459,""is_void"":false}"
user_0127,2024-01-02 13:21:07.135682823,4.777765503962533,bronze,"{""base_score"":4.777766,""is_void"":false}"
user_0073,2024-01-03 04:04:25.340634644,4.066349740117951,silver,"{""base_score"":4.06635,""is_void"":true}"
user_0097,2024-01-02 01:03:52.811618251,5.760589555568549,bronze,"{""base_score"":5.76059,""is_void"":false}"
user_0030,2024-01-02 04:30:56.892171595,5.211972556731528,platinum,"{""base_score"":5.211973,""is_void"":true}"
user_0120,2024-01-06 11:32:05.489471083,5.495729403182036,bronze,"{""base_score"":5.495729,""is_void"":false}"
user_0082,2024-01-01 05:32:27.167769056,5.6556035775318625,gold,"{""base_score"":5.655604,""is_void"":false}"
user_0079,2024-01-04 20:27:11.646046529,5.475285601513348,silver,"{""base_score"":5.475286,""is_void"":false}"
user_0114,2024-01-02 12:36:53.986876234,7.17306288454953,silver,"{""base_score"":7.173063,""is_void"":true}"
user_0094,2024-01-03 15:35:05.320023131,5.69882270363771,bronze,"{""base_score"":5.698823,""is_void"":false}"
user_0010,2024-01-02 01:21:55.601631694,6.648043953146692,platinum,"{""base_score"":6.648044,""is_void"":false}"
user_0043,2024-01-04 16:07:03.503331391,6.345500664348623,platinum,"{""base_score"":6.345501,""is_void"":false}"
user_0026,2024-01-05 02:32:41.294669374,4.085010053773818,bronze,"{""base_score"":4.08501,""is_void"":false}"
user_0110,2024-01-04 06:10:20.193604723,4.511376986874022,bronze,"{""base_score"":4.511377,""is_void"":true}"
user_0005,2024-01-02 09:39:58.114588405,7.161586518810021,VIP,"{""base_score"":7.161587,""is_void"":false}"
user_0030,2024-01-02 07:45:30.526104019,4.0301271670654755,silver,"{""base_score"":4.030127,""is_void"":false}"
user_0089,2024-01-03 09:46:51.328420191,5.956343009741233,bronze,"{""base_score"":5.956343,""is_void"":false}"
user_0104,2024-01-06 10:30:52.017125725,4.715604420243889,bronze,"{""base_score"":4.715604,""is_void"":true}"
user_0075,2024-01-04 10:34:37.345795408,5.801810964354719,gold,"{""base_score"":5.801811,""is_void"":false}"
user_0129,2024-01-01 17:58:46.302557015,6.019541329811232,gold,"{""base_score"":6.019541,""is_void"":false}"
user_0137,2024-01-05 20:55:23.557896417,8.291014063954583,silver,"{""base_score"":8.291014,""is_void"":false}"
user_0019,2024-01-06 03:30:36.370920207,6.324548289506511,VIP,"{""base_score"":6.324548,""is_void"":false}"
user_0142,2024-01-02 01:55:33.891237202,3.566914871959664,silver,"{""base_score"":3.566915,""is_void"":false}"
user_0092,2024-01-02 02:10:44.879495367,4.476445634152082,silver,"{""base_score"":4.476446,""is_void"":true}"
user_0095,2024-01-03 12:32:11.449366308,6.029399778826274,silver,"{""base_score"":6.0294,""is_void"":false}"
user_0014,2024-01-08 14:38:32.935582188,6.70461244704876,silver,"{""base_score"":6.704612,""is_void"":false}"
user_0093,2024-01-01 23:26:16.025556612,4.9669967187211554,bronze,"{""base_score"":4.966997,""is_void"":true}"
user_0108,2024-01-01 23:52:40.524461510,6.314716510113311,bronze,"{""base_score"":6.314717,""is_void"":false}"
user_0087,2024-01-07 15:54:04.565900885,6.798195312545863,silver,"{""base_score"":6.798195,""is_void"":false}"
user_0012,2024-01-05 07:47:54.840738003,5.806330710937577,gold,"{""base_score"":5.806331,""is_void"":false}"
user_0078,2024-01-02 13:25:04.365573638,5.007337708519252,bronze,"{""base_score"":5.007338,""is_void"":false}"
user_0140,2024-01-03 03:48:03.490808232,6.624354495347657,silver,"{""base_score"":6.624354,""is_void"":false}"
user_0108,2024-01-02 10:03:36.617749824,6.794121672223891,gold,"{""base_score"":6.794122,""is_void"":false}"
user_0020,2024-01-02 05:44:21.946102435,5.976622174989968,gold,"{""base_score"":5.976622,""is_void"":false}"
user_0143,2024-01-03 18:28:47.670150157,5.343700951372141,gold,"{""base_score"":5.343701,""is_void"":false}"
user_0143,2024-01-04 06:58:49.555871499,6.145902003209258,platinum,"{""base_score"":6.145902,""is_void"":false}"
user_0025,2024-01-05 05:34:28.170656053,7.416532735261643,gold,"{""base_score"":7.416533,""is_void"":false}"
user_0120,2024-01-06 17:08:14.516824217,5.694866397373147,bronze,"{""base_score"":5.694866,""is_void"":false}"
user_0061,2024-01-08 02:32:57.056089979,5.991847045638988,silver,"{""base_score"":5.991847,""is_void"":true}"
user_0089,2024-01-03 11:24:31.850792161,6.88112886558686,gold,"{""base_score"":6.881129,""is_void"":false}"
user_0066,2024-01-02 23:13:45.222577782,6.26705368131733,bronze,"{""base_score"":6.267054,""is_void"":true}"
user_0117,2024-01-08 23:34:32.028661942,5.472452957149247,bronze,"{""base_score"":5.472453,""is_void"":false}"
user_0149,2024-01-05 06:24:30.858931113,5.843903350833846,bronze,"{""base_score"":5.843903,""is_void"":false}"
user_0119,2024-01-06 06:59:18.400011162,6.468713754610235,silver,"{""base_score"":6.468714,""is_void"":true}"
user_0139,2024-01-03 18:38:26.381187848,5.884993711315767,silver,"{""base_score"":5.884994,""is_void"":false}"
user_0141,2024-01-03 10:59:33.268795208,4.80954126269958,bronze,"{""base_score"":4.809541,""is_void"":true}"
user_0013,2024-01-06 14:21:17.414972258,7.112037853299887,platinum,"{""base_score"":7.112038,""is_void"":false}"
user_0038,2024-01-04 01:14:04.910572989,6.383687070441714,VIP,"{""base_score"":6.383687,""is_void"":false}"
user_0108,2024-01-03 01:00:05.589622318,5.047473053732241,bronze,"{""base_score"":5.047473,""is_void"":false}"
user_0088,2024-01-02 17:28:16.921013467,8.664637799525078,VIP,"{""base_score"":8.664638,""is_void"":false}"
user_0007,2024-01-02 03:51:52.179449103,4.138715570054603,bronze,"{""base_score"":4.138716,""is_void"":true}"
user_0014,2024-01-08 19:47:40.313101305,7.505381829447643,VIP,"{""base_score"":7.505382,""is_void"":false}"
user_0078,2024-01-02 15:44:14.407993955,6.0281990365551845,VIP,"{""base_score"":6.028199,""is_void"":false}"
user_0092,2024-01-02 06:26:20.796811916,5.464949042970098,bronze,"{""base_score"":5.464949,""is_void"":true}"
user_0025,2024-01-07 06:44:58.526622785,7.88855285110199,gold,"{""base_score"":7.888553,""is_void"":false}"
user_0025,2024-01-07 16:35:33.178727768,5.763907687989799,VIP,"{""base_score"":5.763908,""is_void"":true}"
user_0019,2024-01-06 09:02:11.913040258,6.27974396645618,VIP,"{""base_score"":6.279744,""is_void"":false}"
user_0084,2024-01-02 15:15:13.018218061,6.705666826448719,VIP,"{""base_score"":6.705667,""is_void"":true}"
user_0001,2024-01-02 22:41:22.566248695,4.737177175222152,silver,"{""base_score"":4.737177,""is_void"":false}"
user_0085,2024-01-06 01:29:03.970125043,6.482284386851295,bronze,"{""base_score"":6.482284,""is_void"":true}"
user_0071,2024-01-03 10:43:42.148105471,5.942415826131826,platinum,"{""base_score"":5.942416,""is_void"":true}"
user_0069,2024-01-06 10:48:06.726677440,6.478559698758745,gold,"{""base_score"":6.47856,""is_void"":false}"
user_0101,2024-01-03 00:04:48.810439562,4.905969650279148,gold,"{""base_score"":4.90597,""is_void"":false}"
user_0078,2024-01-02 17:26:24.687217980,4.174191118446153,silver,"{""base_score"":4.174191,""is_void"":false}"
user_0109,2024-01-02 00:31:50.226616041,5.069800453228194,silver,"{""base_score"":5.0698,""is_void"":false}"
user_0114,2024-01-02 13:40:45.258650412,4.253225564091906,bronze,"{""base_score"":4.253226,""is_void"":false}"
user_0138,2024-01-06 17:58:24.920403023,7.789164081108512,gold,"{""base_score"":7.789164,""is_void"":false}"
user_0119,2024-01-06 13:45:43.672160019,4.272838326426675,bronze,"{""base_score"":4.272838,""is_void"":false}"
user_0077,2024-01-05 11:44:00.025831094,5.713976363513933,gold,"{""base_score"":5.713976,""is_void"":false}"
user_0073,2024-01-06 21:47:01.377529006,5.581746854593289,platinum,"{""base_score"":5.581747,""is_void"":false}"
user_0035,2024-01-09 02:19:21.752639567,5.802805211186326,silver,"{""base_score"":5.802805,""is_void"":false}"
user_0089,2024-01-03 20:59:46.287884756,4.838352036508037,silver,"{""base_score"":4.838352,""is_void"":false}"
user_0020,2024-01-02 16:57:48.931912654,6.895439723320618,silver,"{""base_score"":6.89544,""is_void"":false}"
user_0139,2024-01-04 05:45:52.444631616,5.9760532789358916,VIP,"{""base_score"":5.976053,""is_void"":false}"
user_0126,2024-01-04 17:40:34.615771011,6.1924134174580345,gold,"{""base_score"":6.192413,""is_void"":false}"
user_0017,2024-01-03 19:18:20.173495673,5.9056493234517085,silver,"{""base_score"":5.905649,""is_void"":false}"
user_0117,2024-01-09 08:43:07.240219090,5.957942839382723,bronze,"{""base_score"":5.957943,""is_void"":false}"
user_0017,2024-01-03 22:53:16.699284038,6.043125404111797,bronze,"{""base_score"":6.043125,""is_void"":false}"
user_0108,2024-01-03 08:53:21.149599049,5.036238393199727,silver,"{""base_score"":5.036238,""is_void"":false}"
user_0013,2024-01-06 15:39:02.237948877,6.846890619540318,VIP,"{""base_score"":6.846891,""is_void"":false}"
user_0073,2024-01-10 18:29:17.842365846,4.670633527591432,gold,"{""base_score"":4.670634,""is_void"":false}"
user_0098,2024-01-03 17:36:36.727571219,5.68235140677161,bronze,"{""base_score"":5.682351,""is_void"":true}"
user_0109,2024-01-02 05:12:25.641862131,5.120491768849492,platinum,"{""base_score"":5.120492,""is_void"":true}"
user_0062,2024-01-03 13:44:26.291321251,7.933889316135022,silver,"{""base_score"":7.933889,""is_void"":true}"
user_0138,2024-01-07 01:42:16.422451501,6.369363105274336,platinum,"{""base_score"":6.369363,""is_void"":true}"
user_0116,2024-01-06 16:27:37.188883074,5.152147893811108,bronze,"{""base_score"":5.152148,""is_void"":false}"
user_0031,2024-01-01 02:50:24.367359048,5.306780905694139,gold,"{""base_score"":5.306781,""is_void"":true}"
user_0100,2024-01-11 17:33:20.340156857,5.924469933728979,VIP,"{""base_score"":5.92447,""is_void"":true}"
user_0109,2024-01-02 07:45:03.933347075,4.15632686158952,bronze,"{""base_score"":4.156327,""is_void"":false}"
user_0050,2024-01-06 06:46:53.230384842,5.262541933257698,gold,"{""base_score"":5.262542,""is_void"":false}"
user_0110,2024-01-04 07:14:20.440944401,6.038632350452016,VIP,"{""base_score"":6.038632,""is_void"":true}"
user_0134,2024-01-01 20:02:16.230952606,4.031899350734801,bronze,"{""base_score"":4.031899,""is_void"":true}"
user_0122,2024-01-01 22:04:24.274398319,5.761102835780215,bronze,"{""base_score"":5.761103,""is_void"":false}"
user_0114,2024-01-02 20:45:16.701881465,5.685006062805097,gold,"{""base_score"":5.685006,""is_void"":false}"
user_0095,2024-01-03 22:56:25.238214360,4.715308647252932,silver,"{""base_score"":4.715309,""is_void"":false}"
user_0040,2024-01-04 14:21:05.209825001,4.935106102940968,bronze,"{""base_score"":4.935106,""is_void"":false}"
user_0119,2024-01-06 23:14:04.403770806,6.694433614336731,silver,"{""base_score"":6.694434,""is_void"":false}"
user_0054,2024-01-03 00:51:24.985398341,6.313602572333877,gold,"{""base_score"":6.313603,""is_void"":false}"
user_0079,2024-01-05 01:22:21.748901832,5.49548437700484,bronze,"{""base_score"":5.495484,""is_void"":false}"
user_0047,2024-01-03 08:55:38.852727314,4.254878013727758,silver,"{""base_score"":4.254878,""is_void"":false}"
user_0046,2024-01-02 15:05:07.255839214,5.3120981210247455,platinum,"{""base_score"":5.312098,""is_void"":false}"
user_0023,2024-01-02 01:32:54.192650497,4.6781803900078,silver,"{""base_score"":4.67818,""is_void"":false}"
user_0144,2024-01-03 02:57:53.320838375,7.405055648235902,platinum,"{""base_score"":7.405056,""is_void"":false}"
user_0022,2024-01-03 07:39:27.415269069,6.158064392176971,silver,"{""base_score"":6.158064,""is_void"":false}"
user_0012,2024-01-05 21:56:08.938914462,5.97762201002767,VIP,"{""base_score"":5.977622,""is_void"":true}"
user_0140,2024-01-03 11:08:40.411263567,6.43704455257598,gold,"{""base_score"":6.437045,""is_void"":false}"
user_0083,2024-01-05 14:51:34.383095618,4.215639951647207,bronze,"{""base_score"":4.21564,""is_void"":true}"
user_0065,2024-01-09 15:54:11.842439972,5.44938078249063,platinum,"{""base_score"":5.449381,""is_void"":false}"
user_0110,2024-01-04 21:31:26.238626852,5.640439659094562,silver,"{""base_score"":5.64044,""is_void"":false}"
user_0057,2024-01-01 09:09:31.555690595,5.349990614191233,bronze,"{""base_score"":5.349991,""is_void"":false}"
user_0019,2024-01-06 23:05:04.175634684,7.030258878793177,bronze,"{""base_score"":7.030259,""is_void"":true}"
user_0109,2024-01-02 16:06:25.447879097,6.658918552906995,gold,"{""base_score"":6.658919,""is_void"":false}"
user_0026,2024-01-05 16:40:24.352366821,5.9660552374867715,bronze,"{""base_score"":5.966055,""is_void"":false}"
user_0082,2024-01-01 19:26:11.511261894,5.628075592878446,bronze,"{""base_score"":5.628076,""is_void"":false}"
user_0142,2024-01-02 14:16:23.214038000,4.494773596429682,bronze,"{""base_score"":4.494774,""is_void"":false}"
user_0140,2024-01-03 22:56:23.347357545,6.967975055452247,silver,"{""base_score"":6.967975,""is_void"":false}"
user_0054,2024-01-03 12:49:40.256634187,5.464916390187577,silver,"{""base_score"":5.464916,""is_void"":false}"
user_0117,2024-01-09 14:15:31.059627685,7.098838327179665,silver,"{""base_score"":7.098838,""is_void"":false}"
user_0091,2024-01-01 12:13:37.225047330,5.694245324174243,bronze,"{""base_score"":5.694245,""is_void"":false}"
user_0071,2024-01-03 13:24:45.604514685,5.387010494998127,bronze,"{""base_score"":5.38701,""is_void"":true}"
user_0020,2024-01-03 02:17:09.503532990,5.7708888301286265,gold,"{""base_score"":5.770889,""is_void"":false}"
user_0056,2024-01-04 14:41:29.328409720,7.225141966591068,silver,"{""base_score"":7.225142,""is_void"":true}"
user_0097,2024-01-02 08:47:24.130513988,5.5515165157343755,gold,"{""base_score"":5.551517,""is_void"":false}"
user_0147,2024-01-04 07:26:51.996123455,6.658895725960816,bronze,"{""base_score"":6.658896,""is_void"":false}"
user_0000,2024-01-05 12:35:46.393234957,5.664262542575388,bronze,"{""base_score"":5.664263,""is_void"":false}"
user_0107,2024-01-03 06:21:50.221907233,4.682291816489774,bronze,"{""base_score"":4.682292,""is_void"":false}"
user_0126,2024-01-04 20:03:52.798462881,5.353894375139628,silver,"{""base_score"":5.353894,""is_void"":false}"
user_0142,2024-01-03 00:28:24.612804053,3.9138156669062667,silver,"{""base_score"":3.913816,""is_void"":true}"
user_0063,2024-01-01 08:41:37.517333024,6.547378418214823,platinum,"{""base_score"":6.547378,""is_void"":true}"
user_0017,2024-01-07 05:36:09.936959381,5.248851572296532,silver,"{""base_score"":5.248852,""is_void"":false}"
user_0040,2024-01-04 19:46:10.874929661,5.788617007870812,silver,"{""base_score"":5.788617,""is_void"":false}"
user_0127,2024-01-02 18:34:42.551405445,6.62921486273372,silver,"{""base_score"":6.629215,""is_void"":false}"
user_0131,2024-01-03 09:53:07.634732149,4.686707752375411,bronze,"{""base_score"":4.686708,""is_void"":false}"
user_0095,2024-01-04 09:30:48.402097644,5.220559960344051,silver,"{""base_score"":5.22056,""is_void"":false}"
user_0018,2024-01-05 16:47:47.825999224,4.493809531352347,silver,"{""base_score"":4.49381,""is_void"":false}"
user_0018,2024-01-09 12:56:23.697273814,5.22593718014341,silver,"{""base_score"":5.225937,""is_void"":false}"
user_0071,2024-01-03 19:20:05.354380564,7.238381924660942,bronze,"{""base_score"":7.238382,""is_void"":false}"
user_0088,2024-01-06 00:16:40.721058333,6.454527776530853,gold,"{""base_score"":6.454528,""is_void"":false}"
user_0004,2024-01-01 21:29:58.812051950,6.616264845401496,VIP,"{""base_score"":6.616265,""is_void"":false}"
user_0102,2024-01-04 08:39:16.837075139,4.759241362586721,bronze,"{""base_score"":4.759241,""is_void"":false}"
user_0081,2024-01-07 03:46:30.025707244,6.329060942554145,gold,"{""base_score"":6.329061,""is_void"":false}"
user_0001,2024-01-03 04:50:48.114451163,5.928955328676391,gold,"{""base_score"":5.928955,""is_void"":false}"
user_0014,2024-01-09 07:55:59.042436111,4.914240146232949,bronze,"{""base_score"":4.91424,""is_void"":false}"
user_0068,2024-01-05 00:43:47.171987350,6.343710935025195,gold,"{""base_score"":6.343711,""is_void"":false}"
user_0108,2024-01-03 21:31:23.732779285,5.342844400603911,gold,"{""base_score"":5.342844,""is_void"":false}"
user_0123,2024-01-05 03:21:09.736690753,6.209754405106626,VIP,"{""base_score"":6.209754,""is_void"":true}"
user_0064,2024-01-02 17:11:21.465672441,6.970596878969406,VIP,"{""base_score"":6.970597,""is_void"":true}"
user_0044,2024-01-05 05:28:42.805521851,4.6072866715120915,bronze,"{""base_score"":4.607287,""is_void"":false}"
user_0145,2024-01-11 07:42:43.490317476,6.486016528483029,silver,"{""base_score"":6.486017,""is_void"":true}"
user_0068,2024-01-05 02:46:15.664685614,5.508959376605991,silver,"{""base_score"":5.508959,""is_void"":true}"
user_0047,2024-01-03 21:09:30.678782963,3.545108903708523,bronze,"{""base_score"":3.545109,""is_void"":false}"
user_0066,2024-01-03 03:17:09.395008905,6.549292116699978,silver,"{""base_score"":6.549292,""is_void"":false}"
user_0001,2024-01-03 17:08:38.647478289,5.178117955461569,VIP,"{""base_score"":5.178118,""is_void"":true}"
user_0045,2024-01-03 15:08:20.108668634,5.065550154951295,bronze,"{""base_score"":5.06555,""is_void"":false}"
user_0077,2024-01-06 02:39:28.611018339,5.955478379901876,silver,"{""base_score"":5.955478,""is_void"":false}"
user_0137,2024-01-06 04:10:23.706088393,8.220815447238598,platinum,"{""base_score"":8.220815,""is_void"":false}"
user_0110,2024-01-05 10:48:36.496045211,6.1350114145416725,silver,"{""base_score"":6.135011,""is_void"":false}"
user_0117,2024-01-09 16:25:03.425261383,4.950865402379822,silver,"{""base_score"":4.950865,""is_void"":false}"
user_0081,2024-01-07 18:16:40.064042906,5.4487366323518955,VIP,"{""base_score"":5.448737,""is_void"":true}"
user_0016,2024-01-03 04:58:39.146351464,5.446137499921792,silver,"{""base_score"":5.446137,""is_void"":false}"
user_0058,2024-01-01 23:29:50.775368704,4.1253828555025915,bronze,"{""base_score"":4.125383,""is_void"":true}"
user_0149,2024-01-05 12:08:38.491846375,6.600867034361252,bronze,"{""base_score"":6.600867,""is_void"":false}"
user_0006,2024-01-03 11:27:27.396631671,6.861387229180629,VIP,"{""base_score"":6.861387,""is_void"":true}"
user_0131,2024-01-06 14:57:36.872178125,5.974777827170293,bronze,"{""base_score"":5.974778,""is_void"":true}"
user_0102,2024-01-04 19:52:53.461541501,5.423568261971815,silver,"{""base_score"":5.423568,""is_void"":true}"
user_0042,2024-01-03 19:06:03.476509356,5.363745654968455,bronze,"{""base_score"":5.363746,""is_void"":false}"
user_0116,2024-01-07 05:53:45.254693664,5.542769682765078,silver,"{""base_score"":5.54277,""is_void"":true}"
user_0125,2024-01-02 15:49:22.228217625,7.695741514269159,VIP,"{""base_score"":7.695742,""is_void"":false}"
user_0006,2024-01-03 15:17:30.467156629,6.019659049259675,silver,"{""base_score"":6.019659,""is_void"":true}"
user_0015,2024-01-03 11:09:25.221068881,5.779527242924721,VIP,"{""base_score"":5.779527,""is_void"":false}"
user_0099,2024-01-07 15:29:28.130488371,5.953879363425258,bronze,"{""base_score"":5.953879,""is_void"":false}"
user_0149,2024-01-06 03:05:48.315998594,5.307224645862601,silver,"{""base_score"":5.307225,""is_void"":false}"
user_0003,2024-01-08 10:35:26.763029407,6.89750480450647,platinum,"{""base_score"":6.897505,""is_void"":false}"
user_0099,2024-01-07 23:26:48.541024319,2.792623955214518,silver,"{""base_score"":2.792624,""is_void"":false}"
user_0020,2024-01-03 09:27:38.296644927,5.383232966151304,bronze,"{""base_score"":5.383233,""is_void"":false}"
user_0097,2024-01-02 14:40:31.650239818,7.185689439551319,platinum,"{""base_score"":7.185689,""is_void"":true}"
user_0093,2024-01-02 01:03:01.147813072,6.0103821999821125,silver,"{""base_score"":6.010382,""is_void"":false}"
user_0013,2024-01-06 19:40:07.280847673,5.6970573624886605,silver,"{""base_score"":5.697057,""is_void"":false}"
user_0102,2024-01-04 23:04:46.566059759,6.293099392174966,VIP,"{""base_score"":6.293099,""is_void"":false}"
user_0134,2024-01-02 07:58:41.154980021,4.5299712579717255,bronze,"{""base_score"":4.529971,""is_void"":false}"
user_0129,2024-01-01 21:25:50.797744189,6.464373645104177,silver,"{""base_score"":6.464374,""is_void"":true}"
user_0004,2024-01-02 10:46:16.909652332,5.84450546376899,bronze,"{""base_score"":5.844505,""is_void"":false}"
user_0036,2024-01-02 03:29:35.184708476,4.882746936030111,silver,"{""base_score"":4.882747,""is_void"":false}"
user_0036,2024-01-02 07:19:26.742642994,5.426842250202404,bronze,"{""base_score"":5.426842,""is_void"":false}"
user_0067,2024-01-02 20:18:23.690823520,5.860528097070307,gold,"{""base_score"":5.860528,""is_void"":false}"
user_0021,2024-01-10 10:05:20.293570440,4.583200546833531,bronze,"{""base_score"":4.583201,""is_void"":false}"
user_0128,2024-01-06 05:35:14.412191129,6.786624303977303,gold,"{""base_score"":6.786624,""is_void"":false}"
user_0116,2024-01-07 14:14:14.469253617,4.083883174380478,bronze,"{""base_score"":4.083883,""is_void"":false}"
user_0121,2024-01-02 06:06:29.671300687,4.974508785686492,silver,"{""base_score"":4.974509,""is_void"":false}"
user_0029,2024-01-03 14:38:40.554270159,4.112682477309664,silver,"{""base_score"":4.112682,""is_void"":false}"
user_0002,2024-01-02 10:15:57.260835775,5.109162763810922,gold,"{""base_score"":5.109163,""is_void"":false}"
user_0136,2024-01-01 18:07:29.191294095,4.139271911633946,silver,"{""base_score"":4.139272,""is_void"":false}"
user_0043,2024-01-04 23:45:40.862739525,5.310447449028245,silver,"{""base_score"":5.310447,""is_void"":true}"
user_0098,2024-01-04 01:00:51.047998601,7.584336148211295,platinum,"{""base_score"":7.584336,""is_void"":true}"
user_0136,2024-01-01 20:30:08.984162415,5.660923852199721,silver,"{""base_score"":5.660924,""is_void"":true}"
user_0005,2024-01-02 13:43:44.301129073,6.454245474183711,bronze,"{""base_score"":6.454245,""is_void"":true}"
user_0000,2024-01-05 15:55:45.866431569,9.203680163771564,VIP,"{""base_score"":9.20368,""is_void"":false}"
user_0000,2024-01-06 05:06:27.176403288,6.545193772436935,silver,"{""base_score"":6.545194,""is_void"":false}"
user_0023,2024-01-02 13:37:47.201324085,4.700383364232227,bronze,"{""base_score"":4.700383,""is_void"":false}"
user_0007,2024-01-02 08:55:21.319398114,5.285788888894139,silver,"{""base_score"":5.285789,""is_void"":false}"
user_0122,2024-01-02 04:21:14.463020662,5.218152651397682,bronze,"{""base_score"":5.218153,""is_void"":false}"
user_0090,2024-01-02 17:20:29.291438953,4.567349039065653,bronze,"{""base_score"":4.567349,""is_void"":false}"
user_0147,2024-01-07 11:26:50.999270279,5.551279657492496,gold,"{""base_score"":5.55128,""is_void"":false}"
user_0120,2024-01-06 20:45:20.345537281,6.302026458132261,bronze,"{""base_score"":6.302026,""is_void"":false}"
user_0144,2024-01-03 11:55:14.895966975,7.192744591874979,platinum,"{""base_score"":7.192745,""is_void"":false}"
user_0035,2024-01-09 13:00:42.921469077,6.070588868190038,VIP,"{""base_score"":6.070589,""is_void"":false}"
user_0043,2024-01-05 01:42:51.663547473,5.197686069114177,gold,"{""base_score"":5.197686,""is_void"":false}"
user_0127,2024-01-02 21:14:20.075103940,5.759761378530112,gold,"{""base_score"":5.759761,""is_void"":true}"
user_0036,2024-01-02 19:25:23.695054811,5.949964612161391,gold,"{""base_score"":5.949965,""is_void"":false}"
user_0008,2024-01-05 22:17:55.907048928,7.610419812584546,VIP,"{""base_score"":7.61042,""is_void"":false}"
user_0100,2024-01-11 20:40:35.585273054,8.039337396823123,silver,"{""base_score"":8.039337,""is_void"":false}"
user_0120,2024-01-06 23:12:18.122049603,5.1422450778522,bronze,"{""base_score"":5.142245,""is_void"":false}"
user_0145,2024-01-11 09:39:21.711017884,5.577902827948667,silver,"{""base_score"":5.577903,""is_void"":false}"
user_0139,2024-01-04 09:52:49.904341574,6.165023056662797,silver,"{""base_score"":6.165023,""is_void"":false}"
user_0018,2024-01-09 15:51:51.434190179,4.600333285657888,bronze,"{""base_score"":4.600333,""is_void"":false}"
user_0115,2024-01-03 10:13:16.340611733,6.2304063923878426,gold,"{""base_score"":6.230406,""is_void"":false}"
user_0126,2024-01-05 12:02:51.413444031,5.234435995155929,bronze,"{""base_score"":5.234436,""is_void"":false}"
user_0104,2024-01-08 11:31:45.216929504,4.546781048652344,VIP,"{""base_score"":4.546781,""is_void"":true}"
user_0122,2024-01-02 10:50:46.906881991,5.318373533286252,bronze,"{""base_score"":5.318374,""is_void"":false}"
user_0125,2024-01-03 06:30:41.685793281,5.170863788951769,bronze,"{""base_score"":5.170864,""is_void"":false}"
user_0066,2024-01-03 06:26:01.047535152,7.086960969782071,bronze,"{""base_score"":7.086961,""is_void"":true}"
user_0006,2024-01-04 03:28:48.265920559,5.381114115767088,bronze,"{""base_score"":5.381114,""is_void"":false}"
user_0068,2024-01-05 13:43:10.518225182,4.125349389274361,bronze,"{""base_score"":4.125349,""is_void"":true}"
user_0030,2024-01-02 13:36:35.166033902,4.446053184604962,bronze,"{""base_score"":4.446053,""is_void"":false}"
user_0017,2024-01-07 10:21:37.424908187,4.018024219889177,bronze,"{""base_score"":4.018024,""is_void"":false}"
user_0018,2024-01-09 21:27:29.450480769,4.1786929208733445,bronze,"{""base_score"":4.178693,""is_void"":false}"
user_0104,2024-01-11 00:30:34.449852899,6.053589392870953,silver,"{""base_score"":6.053589,""is_void"":false}"
user_0075,2024-01-04 19:10:46.001971154,5.513401982364117,silver,"{""base_score"":5.513402,""is_void"":false}"
user_0080,2024-01-02 10:25:41.632855271,6.0576195832687,silver,"{""base_score"":6.05762,""is_void"":false}"
user_0111,2024-01-04 12:05:09.952548380,4.180498784723561,silver,"{""base_score"":4.180499,""is_void"":true}"
user_0082,2024-01-02 02:26:12.861034251,4.911066513308241,bronze,"{""base_score"":4.911067,""is_void"":false}"
user_0094,2024-01-04 01:27:25.654423429,5.01287142714229,bronze,"{""base_score"":5.012871,""is_void"":true}"
user_0012,2024-01-06 06:59:37.045248120,5.946963429716173,bronze,"{""base_score"":5.946963,""is_void"":false}"
user_0127,2024-01-03 03:08:44.136929081,6.672296351093524,gold,"{""base_score"":6.672296,""is_void"":false}"
user_0067,2024-01-03 12:01:23.735347014,7.143511562915312,VIP,"{""base_score"":7.143512,""is_void"":false}"
user_0023,2024-01-02 17:31:15.317426784,8.05012280708061,VIP,"{""base_score"":8.050123,""is_void"":false}"
user_0121,2024-01-02 15:39:40.095390429,4.499626755915809,silver,"{""base_score"":4.499627,""is_void"":false}"
user_0110,2024-01-05 15:33:12.583874643,6.355749696839984,silver,"{""base_score"":6.35575,""is_void"":true}"
user_0007,2024-01-02 20:01:31.499355447,4.95716072312812,silver,"{""base_score"":4.957161,""is_void"":false}"
user_0028,2024-01-02 05:21:28.021023758,4.553106674382494,gold,"{""base_score"":4.553107,""is_void"":false}"
user_0002,2024-01-02 14:14:18.928500209,6.539543989956989,gold,"{""base_score"":6.539544,""is_void"":false}"
user_0040,2024-01-05 08:55:41.147876043,5.263215614312063,platinum,"{""base_score"":5.263216,""is_void"":true}"
user_0014,2024-01-09 21:33:16.362397879,6.91971321660549,platinum,"{""base_score"":6.919713,""is_void"":true}"
user_0106,2024-01-01 11:41:30.633447227,5.752971509163301,silver,"{""base_score"":5.752972,""is_void"":false}"
user_0078,2024-01-03 05:43:21.600828661,6.898867194570022,gold,"{""base_score"":6.898867,""is_void"":false}"
user_0147,2024-01-07 21:32:51.639094211,6.355356150205261,platinum,"{""base_score"":6.355356,""is_void"":false}"
user_0112,2024-01-01 21:24:03.862822563,5.356862285966248,silver,"{""base_score"":5.356862,""is_void"":false}"
user_0091,2024-01-01 21:28:17.195155264,7.2937200065520225,VIP,"{""base_score"":7.29372,""is_void"":false}"
user_0076,2024-01-01 18:42:18.441595381,5.140942464256599,bronze,"{""base_score"":5.140942,""is_void"":false}"
user_0008,2024-01-06 03:38:58.490666702,6.135796216556151,VIP,"{""base_score"":6.135796,""is_void"":true}"
user_0010,2024-01-02 11:41:25.695907518,6.962568815729635,gold,"{""base_score"":6.962569,""is_void"":false}"
user_0092,2024-01-02 14:15:39.605707037,5.360331911993993,bronze,"{""base_score"":5.360332,""is_void"":false}"
user_0000,2024-01-06 07:04:22.021440734,6.302700601153857,gold,"{""base_score"":6.302701,""is_void"":false}"
user_0006,2024-01-04 07:07:17.527101052,5.314336046594515,bronze,"{""base_score"":5.314336,""is_void"":false}"
user_0032,2024-01-01 23:22:37.742422997,6.752974177076849,gold,"{""base_score"":6.752974,""is_void"":false}"
user_0132,2024-01-02 04:19:52.598970370,4.756375199132146,gold,"{""base_score"":4.756375,""is_void"":true}"
user_0068,2024-01-05 16:57:31.175674210,5.555613313953147,gold,"{""base_score"":5.555613,""is_void"":false}"
user_0106,2024-01-01 18:08:58.359622602,5.107646246725152,platinum,"{""base_score"":5.107646,""is_void"":true}"
user_0061,2024-01-08 06:10:09.992355695,4.888914917832894,bronze,"{""base_score"":4.888915,""is_void"":false}"
user_0025,2024-01-07 21:17:57.620299694,5.583799488759731,bronze,"{""base_score"":5.583799,""is_void"":false}"
user_0055,2024-01-06 16:25:08.442011018,6.278438958173675,silver,"{""base_score"":6.278439,""is_void"":false}"
user_0013,2024-01-07 09:51:26.144668273,5.715975214295187,bronze,"{""base_score"":5.715975,""is_void"":false}"
user_0115,2024-01-03 11:30:08.872295491,6.713484996947723,silver,"{""base_score"":6.713485,""is_void"":true}"
user_0027,2024-01-03 11:38:31.228364005,6.053619016922017,bronze,"{""base_score"":6.053619,""is_void"":false}"
user_0056,2024-01-04 17:36:50.091024589,6.7404558752028905,silver,"{""base_score"":6.740456,""is_void"":false}"
user_0147,2024-01-08 08:41:55.525086638,6.392754406935374,silver,"{""base_score"":6.392754,""is_void"":false}"
user_0088,2024-01-06 12:33:36.187764095,7.503649996606092,platinum,"{""base_score"":7.50365,""is_void"":true}"
user_0068,2024-01-05 23:43:37.635299280,4.998794999537044,bronze,"{""base_score"":4.998795,""is_void"":true}"
user_0081,2024-01-08 06:01:55.828221207,5.716887371648668,platinum,"{""base_score"":5.716887,""is_void"":true}"
user_0117,2024-01-10 07:40:35.198000032,6.3438397804648785,silver,"{""base_score"":6.34384,""is_void"":true}"
user_0038,2024-01-04 06:39:14.450285523,5.988506679357715,silver,"{""base_score"":5.988507,""is_void"":true}"
user_0095,2024-01-04 19:43:08.948200844,6.7076058561191365,silver,"{""base_score"":6.707606,""is_void"":true}"
user_0130,2024-01-02 09:15:31.442303497,6.693979009066831,silver,"{""base_score"":6.693979,""is_void"":false}"
user_0085,2024-01-06 02:37:33.499416936,7.357107546901151,bronze,"{""base_score"":7.357108,""is_void"":false}"
user_0066,2024-01-03 16:56:15.651976012,6.972341906874992,silver,"{""base_score"":6.972342,""is_void"":false}"
user_0021,2024-01-10 17:17:41.263948306,5.18043447661205,bronze,"{""base_score"":5.180434,""is_void"":false}"
user_0037,2024-01-02 10:12:37.403772959,4.707381233258135,silver,"{""base_score"":4.707381,""is_void"":false}"
user_0141,2024-01-03 13:00:07.688611334,6.038879651205337,silver,"{""base_score"":6.03888,""is_void"":false}"
user_0081,2024-01-08 20:41:18.094572113,5.537731600232897,silver,"{""base_score"":5.537732,""is_void"":false}"
user_0045,2024-01-04 00:29:14.106517564,5.895194608392911,platinum,"{""base_score"":5.895195,""is_void"":false}"
user_0062,2024-01-06 18:50:39.518141115,5.986660879562035,bronze,"{""base_score"":5.986661,""is_void"":false}"
user_0086,2024-01-03 04:13:55.015818925,7.252263418779842,VIP,"{""base_score"":7.252263,""is_void"":true}"
user_0080,2024-01-05 20:50:23.828773100,5.648231017076654,gold,"{""base_score"":5.648231,""is_void"":false}"
user_0104,2024-01-11 11:17:06.537697368,7.400043508029461,VIP,"{""base_score"":7.400044,""is_void"":false}"
user_0038,2024-01-04 11:03:23.890455661,3.9872213498683555,platinum,"{""base_score"":3.987221,""is_void"":false}"
user_0097,2024-01-03 04:12:35.846228698,6.070079470060932,bronze,"{""base_score"":6.070079,""is_void"":false}"
user_0066,2024-01-03 18:58:07.520282845,7.4398911221663075,silver,"{""base_score"":7.439891,""is_void"":false}"
user_0141,2024-01-03 18:40:43.347385342,6.889641710551122,bronze,"{""base_score"":6.889642,""is_void"":false}"
user_0023,2024-01-03 03:44:21.770256728,7.108926392339387,platinum,"{""base_score"":7.108926,""is_void"":true}"
user_0022,2024-01-06 13:13:09.495462673,7.103849243310313,silver,"{""base_score"":7.103849,""is_void"":true}"
user_0069,2024-01-06 23:19:58.148427126,5.317991779644829,bronze,"{""base_score"":5.317992,""is_void"":false}"
user_0076,2024-01-04 09:58:37.445770371,7.178514229872003,VIP,"{""base_score"":7.178514,""is_void"":false}"
user_0103,2024-01-01 17:53:35.600848212,5.931039867143278,bronze,"{""base_score"":5.93104,""is_void"":false}"
user_0060,2024-01-01 22:28:07.240521352,6.117077056827883,silver,"{""base_score"":6.117077,""is_void"":true}"
user_0137,2024-01-06 15:12:13.223281936,5.730748774289121,gold,"{""base_score"":5.730749,""is_void"":false}"
user_0071,2024-01-04 07:00:21.270144462,4.786058464190747,bronze,"{""base_score"":4.786058,""is_void"":false}"
user_0019,2024-01-10 02:31:53.532209646,4.897931290066908,silver,"{""base_score"":4.897931,""is_void"":false}"
user_0017,2024-01-07 23:18:53.880071622,7.322355675692835,platinum,"{""base_score"":7.322356,""is_void"":false}"
user_0146,2024-01-02 20:26:26.066001960,4.991141411090595,bronze,"{""base_score"":4.991141,""is_void"":false}"
user_0020,2024-01-03 13:52:25.935561178,5.002490402216717,silver,"{""base_score"":5.00249,""is_void"":false}"
user_0142,2024-01-03 02:41:32.906277219,4.401882778938229,bronze,"{""base_score"":4.401883,""is_void"":false}"
user_0041,2024-01-06 09:21:49.431434874,6.9478725521143865,gold,"{""base_score"":6.947873,""is_void"":false}"
user_0014,2024-01-10 05:13:41.006568086,5.893062139510841,bronze,"{""base_score"":5.893062,""is_void"":true}"
user_0045,2024-01-04 06:53:34.726975384,5.124456552903773,VIP,"{""base_score"":5.124457,""is_void"":false}"
user_0092,2024-01-02 18:18:17.273992359,5.559976968496015,platinum,"{""base_score"":5.559977,""is_void"":false}"
user_0064,2024-01-03 06:10:52.617923495,5.957136112880076,bronze,"{""base_score"":5.957136,""is_void"":false}"
user_0117,2024-01-10 19:52:38.341319789,4.717199971436351,silver,"{""base_score"":4.7172,""is_void"":false}"
user_0091,2024-01-01 22:42:08.614523136,6.231500360422546,silver,"{""base_score"":6.2315,""is_void"":false}"
user_0060,2024-01-02 01:25:09.748285934,7.814960562432061,gold,"{""base_score"":7.814961,""is_void"":false}"
user_0095,2024-01-05 07:09:35.160117743,6.751559208858624,silver,"{""base_score"":6.751559,""is_void"":false}"
user_0145,2024-01-12 00:02:03.673917341,6.112548577810316,bronze,"{""base_score"":6.112549,""is_void"":false}"
user_0061,2024-01-08 19:39:13.300540878,5.49620742563429,bronze,"{""base_score"":5.496207,""is_void"":false}"
user_0023,2024-01-03 17:46:19.648171915,8.627764434249485,VIP,"{""base_score"":8.627764,""is_void"":true}"
user_0061,2024-01-09 04:53:26.891692700,3.461883379099991,silver,"{""base_score"":3.461883,""is_void"":false}"
user_0126,2024-01-06 02:36:16.111680243,6.40676264720061,platinum,"{""base_score"":6.406763,""is_void"":true}"
user_0032,2024-01-02 09:02:53.023635077,5.763442979239135,silver,"{""base_score"":5.763443,""is_void"":false}"
user_0142,2024-01-03 09:14:35.593346036,6.087320946441819,VIP,"{""base_score"":6.087321,""is_void"":false}"
user_0088,2024-01-06 19:09:18.985186292,6.04561253558551,bronze,"{""base_score"":6.045613,""is_void"":false}"
user_0090,2024-01-03 03:06:07.902630823,5.056227125273536,bronze,"{""base_score"":5.056227,""is_void"":true}"
user_0047,2024-01-03 22:23:10.944435791,6.63311948219847,VIP,"{""base_score"":6.633119,""is_void"":false}"
user_0138,2024-01-09 11:52:57.321342457,7.0853014163781545,VIP,"{""base_score"":7.085301,""is_void"":true}"
user_0005,2024-01-03 04:06:34.434994894,5.936494454010928,silver,"{""base_score"":5.936494,""is_void"":false}"
user_0044,2024-01-05 08:03:43.340497614,5.525520507206832,silver,"{""base_score"":5.525521,""is_void"":false}"
user_0062,2024-01-07 08:40:42.213013349,6.565145432809661,silver,"{""base_score"":6.565145,""is_void"":false}"
user_0071,2024-01-04 12:22:20.570984121,4.982080079394995,silver,"{""base_score"":4.98208,""is_void"":false}"
user_0071,2024-01-05 02:52:57.382771283,5.964416006865527,bronze,"{""base_score"":5.964416,""is_void"":false}"
user_0022,2024-01-06 15:01:30.125180513,7.082965341637226,platinum,"{""base_score"":7.082965,""is_void"":false}"
user_0033,2024-01-01 13:16:36.260619452,6.207685190990803,bronze,"{""base_score"":6.207685,""is_void"":true}"
user_0014,2024-01-13 17:52:56.278365232,5.168685358727785,gold,"{""base_score"":5.168685,""is_void"":false}"
user_0085,2024-01-06 09:50:39.092717814,4.447871033855974,bronze,"{""base_score"":4.447871,""is_void"":false}"
user_0052,2024-01-02 03:52:38.949251709,5.321900892625884,bronze,"{""base_score"":5.321901,""is_void"":false}"
user_0084,2024-01-05 21:12:34.979554507,8.371611464280521,gold,"{""base_score"":8.371611,""is_void"":true}"
user_0088,2024-01-07 04:24:45.476494138,6.4685576314636535,silver,"{""base_score"":6.468558,""is_void"":true}"
user_0105,2024-01-02 20:49:42.197191545,5.580111870067082,gold,"{""base_score"":5.580112,""is_void"":false}"
user_0082,2024-01-02 06:24:40.953682247,5.457130332709916,bronze,"{""base_score"":5.45713,""is_void"":false}"
user_0097,2024-01-03 20:09:40.706578492,8.006156536849987,VIP,"{""base_score"":8.006157,""is_void"":false}"
user_0088,2024-01-07 06:55:03.259657771,4.761360208478539,gold,"{""base_score"":4.76136,""is_void"":false}"
user_0097,2024-01-03 22:07:35.837791184,8.220027802161141,platinum,"{""base_score"":8.220028,""is_void"":false}"
user_0092,2024-01-06 13:04:45.022917593,5.260267035512818,bronze,"{""base_score"":5.260267,""is_void"":false}"
user_0047,2024-01-04 12:36:35.357228468,5.357580678626257,silver,"{""base_score"":5.357581,""is_void"":false}"
user_0036,2024-01-03 01:15:40.661839509,5.105567521311688,silver,"{""base_score"":5.105568,""is_void"":true}"
user_0118,2024-01-02 05:28:17.415916011,6.700202177911139,silver,"{""base_score"":6.700202,""is_void"":false}"
user_0051,2024-01-04 09:17:48.874451463,4.653549976917331,bronze,"{""base_score"":4.65355,""is_void"":false}"
user_0082,2024-01-02 20:50:47.246256547,3.75302505351015,bronze,"{""base_score"":3.753025,""is_void"":false}"
user_0029,2024-01-04 05:55:44.581349501,5.623399839027988,silver,"{""base_score"":5.6234,""is_void"":false}"
user_0064,2024-01-03 17:12:06.510304538,3.5634036002130687,bronze,"{""base_score"":3.563404,""is_void"":false}"
user_0079,2024-01-05 08:05:02.409535340,5.764125033569888,silver,"{""base_score"":5.764125,""is_void"":false}"
user_0093,2024-01-02 11:39:19.541353793,6.5004693178721595,bronze,"{""base_score"":6.500469,""is_void"":false}"
user_0078,2024-01-03 20:10:36.511587661,5.717145128450714,bronze,"{""base_score"":5.717145,""is_void"":false}"
user_0054,2024-01-03 14:50:32.792577352,7.005838586866115,gold,"{""base_score"":7.005839,""is_void"":false}"
user_0144,2024-01-04 03:13:49.717809396,6.0856276702237935,silver,"{""base_score"":6.085628,""is_void"":false}"
user_0076,2024-01-05 01:29:17.764710081,8.01169464130954,silver,"{""base_score"":8.011695,""is_void"":false}"
user_0121,2024-01-05 10:38:10.325407471,4.337430311447702,silver,"{""base_score"":4.33743,""is_void"":false}"
user_0110,2024-01-06 03:50:48.417272164,6.020115940434159,gold,"{""base_score"":6.020116,""is_void"":false}"
user_0083,2024-01-08 20:30:19.902791163,4.955147624430459,silver,"{""base_score"":4.955148,""is_void"":true}"
user_0132,2024-01-02 12:43:45.902945231,5.488235742376725,silver,"{""base_score"":5.488236,""is_void"":false}"
user_0019,2024-01-10 04:19:44.235483321,6.845596595239898,VIP,"{""base_score"":6.845597,""is_void"":false}"
user_0138,2024-01-13 07:41:40.408436758,7.584558828040824,silver,"{""base_score"":7.584559,""is_void"":true}"
user_0127,2024-01-03 18:07:22.631944819,6.424439374639605,VIP,"{""base_score"":6.424439,""is_void"":true}"
user_0075,2024-01-05 02:22:43.796914605,7.2528218934360495,gold,"{""base_score"":7.252822,""is_void"":false}"
user_0110,2024-01-06 14:05:29.000458975,5.376962559397131,bronze,"{""base_score"":5.376963,""is_void"":false}"
user_0078,2024-01-04 08:22:15.266222689,5.629461774623838,silver,"{""base_score"":5.629462,""is_void"":false}"
user_0040,2024-01-05 23:03:56.755921230,6.515487885651174,gold,"{""base_score"":6.515488,""is_void"":true}"
user_0119,2024-01-07 08:08:23.594432595,7.241226842531501,VIP,"{""base_score"":7.241227,""is_void"":false}"
user_0036,2024-01-03 02:49:28.676304206,5.374184690427036,silver,"{""base_score"":5.374185,""is_void"":true}"
user_0047,2024-01-04 21:50:40.346020965,4.867749744336432,bronze,"{""base_score"":4.86775,""is_void"":false}"
user_0077,2024-01-06 04:58:20.248234291,5.618629217330389,silver,"{""base_score"":5.618629,""is_void"":true}"
user_0125,2024-01-03 22:25:36.508408419,5.066462767266714,bronze,"{""base_score"":5.066463,""is_void"":true}"
user_0057,2024-01-01 23:08:58.726310523,5.064596045434896,gold,"{""base_score"":5.064596,""is_void"":true}"
user_0074,2024-01-06 13:44:23.211994852,6.415653444160954,silver,"{""base_score"":6.415653,""is_void"":false}"
user_0006,2024-01-04 20:20:29.505469415,5.206477766859564,gold,"{""base_score"":5.206478,""is_void"":false}"
user_0017,2024-01-08 07:15:37.318204420,6.7344199090334484,platinum,"{""base_score"":6.73442,""is_void"":false}"
user_0008,2024-01-06 15:00:36.550569854,6.533963202095699,gold,"{""base_score"":6.533963,""is_void"":false}"
user_0010,2024-01-02 14:24:11.653727002,7.269308543897374,gold,"{""base_score"":7.269309,""is_void"":false}"
user_0130,2024-01-02 19:38:26.503097235,4.6614700726204585,gold,"{""base_score"":4.66147,""is_void"":false}"
user_0126,2024-01-06 17:12:48.248386078,6.712075657056724,platinum,"{""base_score"":6.712076,""is_void"":false}"
user_0123,2024-01-05 10:17:41.660925523,7.0719913970900725,platinum,"{""base_score"":7.071991,""is_void"":false}"
user_0008,2024-01-07 01:05:19.746054004,5.257740296416773,bronze,"{""base_score"":5.25774,""is_void"":true}"
user_0011,2024-01-02 12:05:08.030810734,6.436178453296614,silver,"{""base_score"":6.436178,""is_void"":false}"
user_0042,2024-01-04 07:00:16.114452682,4.875724401771734,bronze,"{""base_score"":4.875724,""is_void"":false}"
user_0084,2024-01-06 10:39:53.708947637,4.819220422221924,platinum,"{""base_score"":4.81922,""is_void"":false}"
user_0050,2024-01-09 19:15:51.131133112,6.722275342412563,gold,"{""base_score"":6.722275,""is_void"":true}"
user_0073,2024-01-10 20:36:31.270847635,4.058757080530816,silver,"{""base_score"":4.058757,""is_void"":false}"
user_0025,2024-01-08 09:02:50.790775798,3.666346156080371,bronze,"{""base_score"":3.666346,""is_void"":false}"
user_0109,2024-01-03 05:00:50.592672182,5.164593890083913,silver,"{""base_score"":5.164594,""is_void"":true}"
user_0047,2024-01-05 01:52:23.335821664,6.820093943941461,gold,"{""base_score"":6.820094,""is_void"":true}"
user_0009,2024-01-02 17:35:45.099899457,4.643421857139166,bronze,"{""base_score"":4.643422,""is_void"":false}"
user_0111,2024-01-05 01:46:08.029193802,7.241776935618627,bronze,"{""base_score"":7.241777,""is_void"":false}"
user_0135,2024-01-05 09:57:18.865645875,5.9314948119700475,platinum,"{""base_score"":5.931495,""is_void"":false}"
user_0002,2024-01-02 17:36:53.269026390,6.024842570920862,gold,"{""base_score"":6.024843,""is_void"":false}"
user_0065,2024-01-09 20:37:33.123863682,4.016737410752885,bronze,"{""base_score"":4.016737,""is_void"":false}"
user_0124,2024-01-08 15:19:30.191867487,5.2143583640499385,bronze,"{""base_score"":5.214358,""is_void"":false}"
user_0105,2024-01-03 02:18:14.392687462,6.623753492598764,VIP,"{""base_score"":6.623753,""is_void"":false}"
user_0128,2024-01-06 16:23:16.083667691,5.461146662162531,gold,"{""base_score"":5.461147,""is_void"":false}"
user_0062,2024-01-07 11:07:27.461336732,9.017397379864715,gold,"{""base_score"":9.017397,""is_void"":true}"
user_0055,2024-01-07 01:06:29.557405912,5.229417213007062,silver,"{""base_score"":5.229417,""is_void"":false}"
user_0106,2024-01-01 22:07:34.083800744,4.894718255280193,bronze,"{""base_score"":4.894718,""is_void"":true}"
user_0023,2024-01-03 23:45:52.190736928,6.111671259207898,bronze,"{""base_score"":6.111671,""is_void"":false}"
user_0035,2024-01-09 22:31:22.876500004,8.162676028214827,gold,"{""base_score"":8.162676,""is_void"":false}"
user_0090,2024-01-03 17:26:24.577637815,5.998583757480955,bronze,"{""base_score"":5.998584,""is_void"":false}"
user_0100,2024-01-12 00:58:07.150451369,4.539628074632208,bronze,"{""base_score"":4.539628,""is_void"":true}"
user_0017,2024-01-08 20:02:25.545984757,6.683266201393969,gold,"{""base_score"":6.683266,""is_void"":false}"
user_0076,2024-01-05 15:26:32.168482204,5.684451513354409,VIP,"{""base_score"":5.684452,""is_void"":false}"
user_0054,2024-01-06 03:39:06.585356886,6.899800392380993,gold,"{""base_score"":6.8998,""is_void"":false}"
user_0075,2024-01-08 17:57:19.667509971,4.424372322902438,silver,"{""base_score"":4.424372,""is_void"":false}"
user_0143,2024-01-04 15:41:10.357094520,4.887124349049758,silver,"{""base_score"":4.887124,""is_void"":true}"
user_0011,2024-01-02 16:52:20.398780350,5.361718628470546,silver,"{""base_score"":5.361719,""is_void"":true}"
user_0149,2024-01-06 04:33:24.332835650,5.925813626497475,silver,"{""base_score"":5.925814,""is_void"":false}"
user_0067,2024-01-04 00:02:23.162176669,5.341850499470555,silver,"{""base_score"":5.34185,""is_void"":false}"
user_0115,2024-01-03 17:29:03.218284349,7.181732138692851,silver,"{""base_score"":7.181732,""is_void"":false}"
user_0063,2024-01-01 20:25:36.893177367,5.8368982289166995,silver,"{""base_score"":5.836898,""is_void"":false}"
user_0046,2024-01-02 19:00:45.043748284,6.77937962614067,platinum,"{""base_score"":6.77938,""is_void"":false}"
user_0115,2024-01-03 22:49:31.689496373,6.083304619776438,VIP,"{""base_score"":6.083305,""is_void"":false}"
user_0103,2024-01-01 21:13:03.926478304,6.8815274809215286,bronze,"{""base_score"":6.881527,""is_void"":true}"
user_0021,2024-01-11 01:27:41.972916499,4.771620562308205,silver,"{""base_score"":4.771621,""is_void"":true}"
user_0105,2024-01-03 05:57:00.115529599,6.623546800837158,bronze,"{""base_score"":6.623547,""is_void"":false}"
user_0112,2024-01-02 02:36:58.543627645,6.9501873377355885,silver,"{""base_score"":6.950187,""is_void"":false}"
user_0058,2024-01-02 03:50:59.700906707,5.543367304594283,bronze,"{""base_score"":5.543367,""is_void"":false}"
user_0138,2024-01-13 23:05:30.355415348,6.642416331800794,bronze,"{""base_score"":6.642416,""is_void"":false}"
user_0096,2024-01-04 11:08:04.622932153,3.9698628592814997,gold,"{""base_score"":3.969863,""is_void"":false}"
user_0050,2024-01-09 22:38:05.846853530,5.522694469354544,silver,"{""base_score"":5.522694,""is_void"":true}"
user_0001,2024-01-03 19:25:00.762799681,7.4402606842352625,VIP,"{""base_score"":7.440261,""is_void"":false}"
user_0101,2024-01-03 09:54:28.554377290,5.952146457285237,bronze,"{""base_score"":5.952146,""is_void"":true}"
user_0031,2024-01-01 16:33:01.300969684,4.4994499694418195,bronze,"{""base_score"":4.49945,""is_void"":false}"
user_0113,2024-01-06 01:37:58.717329522,4.94690762427288,silver,"{""base_score"":4.946908,""is_void"":true}"
user_0078,2024-01-04 21:58:57.283565470,3.2340212989617974,bronze,"{""base_score"":3.234021,""is_void"":true}"
user_0070,2024-01-02 20:31:34.229438878,5.692786827530137,bronze,"{""base_score"":5.692787,""is_void"":false}"
user_0024,2024-01-03 13:12:55.365479552,4.983982267561078,VIP,"{""base_score"":4.983982,""is_void"":false}"
user_0106,2024-01-02 11:05:36.608087380,6.198512111969719,bronze,"{""base_score"":6.198512,""is_void"":false}"
user_0024,2024-01-04 03:26:10.355514714,5.93706497315488,bronze,"{""base_score"":5.937065,""is_void"":false}"
user_0062,2024-01-07 21:28:38.014072733,5.981564081870264,silver,"{""base_score"":5.981564,""is_void"":false}"
user_0125,2024-01-04 01:25:55.256680212,6.1592234808293,silver,"{""base_score"":6.159223,""is_void"":false}"
user_0138,2024-01-14 01:39:49.430629091,6.044807546677758,silver,"{""base_score"":6.044808,""is_void"":false}"
user_0148,2024-01-03 03:48:47.295860823,5.866934526496768,silver,"{""base_score"":5.866935,""is_void"":false}"
user_0143,2024-01-05 01:36:18.012936871,5.415359261899652,platinum,"{""base_score"":5.415359,""is_void"":false}"
user_0083,2024-01-09 09:09:47.594864051,5.41336198954833,bronze,"{""base_score"":5.413362,""is_void"":false}"
user_0030,2024-01-02 19:00:11.913881171,3.7651543269002827,silver,"{""base_score"":3.765154,""is_void"":false}"
user_0125,2024-01-04 02:34:19.323634091,4.678978894717771,gold,"{""base_score"":4.678979,""is_void"":true}"
user_0120,2024-01-07 04:44:24.650105285,6.644491961904881,platinum,"{""base_score"":6.644492,""is_void"":false}"
user_0148,2024-01-03 07:21:09.511089874,5.505133474911098,silver,"{""base_score"":5.505133,""is_void"":false}"
user_0097,2024-01-04 11:23:08.537632210,6.554533437353247,silver,"{""base_score"":6.554533,""is_void"":false}"
user_0021,2024-01-11 03:09:02.570760262,4.49770798206056,bronze,"{""base_score"":4.497708,""is_void"":false}"
user_0075,2024-01-08 22:40:19.755889713,6.845637991085171,bronze,"{""base_score"":6.845638,""is_void"":true}"
user_0067,2024-01-04 04:46:47.291552954,5.283283870362633,bronze,"{""base_score"":5.283284,""is_void"":true}"
user_0126,2024-01-07 02:30:11.961615676,6.580142853375097,gold,"{""base_score"":6.580143,""is_void"":false}"
user_0058,2024-01-02 10:45:23.351722328,5.2943905251667145,bronze,"{""base_score"":5.294391,""is_void"":false}"
user_0049,2024-01-07 14:41:08.183149044,6.862670640890668,gold,"{""base_score"":6.862671,""is_void"":false}"
user_0012,2024-01-06 16:54:30.478866636,5.668908819342832,bronze,"{""base_score"":5.668909,""is_void"":false}"
user_0125,2024-01-04 15:48:49.566117319,6.897857872559184,platinum,"{""base_score"":6.897858,""is_void"":false}"
user_0113,2024-01-08 15:02:59.946748934,6.573673740539845,platinum,"{""base_score"":6.573674,""is_void"":false}"
user_0006,2024-01-08 04:42:38.488138307,3.94452107649881,bronze,"{""base_score"":3.944521,""is_void"":false}"
user_0065,2024-01-10 07:24:23.741956744,3.5698881537340177,bronze,"{""base_score"":3.569888,""is_void"":true}"
user_0071,2024-01-05 10:43:07.382234454,5.156251202270718,bronze,"{""base_score"":5.156251,""is_void"":false}"
user_0070,2024-01-02 22:12:35.584736924,6.40749474576502,platinum,"{""base_score"":6.407495,""is_void"":false}"
user_0137,2024-01-07 01:49:10.698890156,6.039690307014805,bronze,"{""base_score"":6.03969,""is_void"":false}"
user_0022,2024-01-06 17:09:15.448559539,5.791884318179561,silver,"{""base_score"":5.791884,""is_void"":false}"
user_0045,2024-01-04 12:31:33.315740808,5.412727044610062,silver,"{""base_score"":5.412727,""is_void"":false}"
user_0027,2024-01-05 19:57:17.996622661,5.295447795495085,gold,"{""base_score"":5.295448,""is_void"":false}"
user_0036,2024-01-03 08:28:50.365891829,5.092109803704155,silver,"{""base_score"":5.09211,""is_void"":false}"
user_0136,2024-01-02 01:06:44.271842964,4.7135525157886775,silver,"{""base_score"":4.713553,""is_void"":false}"
user_0141,2024-01-03 23:58:33.115180617,7.2238575586062,VIP,"{""base_score"":7.223858,""is_void"":true}"
user_0006,2024-01-08 17:41:56.172671871,3.9029052804571913,bronze,"{""base_score"":3.902905,""is_void"":false}"
user_0094,2024-01-04 03:09:33.121281464,6.899660597122197,platinum,"{""base_score"":6.899661,""is_void"":false}"
user_0034,2024-01-04 01:44:19.812775995,4.732007250133644,bronze,"{""base_score"":4.732007,""is_void"":false}"
user_0028,2024-01-02 09:40:23.219496744,4.737997443939342,silver,"{""base_score"":4.737997,""is_void"":false}"
user_0043,2024-01-05 07:53:19.062465756,6.999256273568543,platinum,"{""base_score"":6.999256,""is_void"":false}"
user_0029,2024-01-04 16:55:03.975182034,5.961585453930024,gold,"{""base_score"":5.961585,""is_void"":false}"
user_0073,2024-01-11 05:41:49.720961041,3.582101878878818,gold,"{""base_score"":3.582102,""is_void"":false}"
user_0149,2024-01-06 10:36:17.691333569,4.639216231001115,bronze,"{""base_score"":4.639216,""is_void"":false}"
user_0087,2024-01-07 22:23:38.905116865,5.0567616687609735,silver,"{""base_score"":5.056762,""is_void"":false}"
user_0108,2024-01-06 16:17:23.888940593,4.388931247229788,silver,"{""base_score"":4.388931,""is_void"":false}"
user_0073,2024-01-11 13:56:45.894993814,4.593240790842269,silver,"{""base_score"":4.593241,""is_void"":false}"
user_0002,2024-01-03 04:55:55.917812704,6.013436548062582,silver,"{""base_score"":6.013437,""is_void"":false}"
user_0012,2024-01-07 07:31:39.522180026,5.963700872827212,silver,"{""base_score"":5.963701,""is_void"":false}"
user_0040,2024-01-06 05:42:35.916116050,6.1770808454182955,silver,"{""base_score"":6.177081,""is_void"":false}"
user_0036,2024-01-03 21:43:10.643250589,4.693217595648985,bronze,"{""base_score"":4.693218,""is_void"":true}"
user_0126,2024-01-07 15:47:09.531402569,5.778966792176788,silver,"{""base_score"":5.778967,""is_void"":true}"
user_0126,2024-01-07 18:34:07.862839359,4.739343553546118,bronze,"{""base_score"":4.739344,""is_void"":false}"
user_0128,2024-01-06 19:44:03.240381491,6.710882128259656,platinum,"{""base_score"":6.710882,""is_void"":false}"
user_0095,2024-01-08 07:35:49.757533904,4.819500821148487,gold,"{""base_score"":4.819501,""is_void"":false}"
user_0083,2024-01-09 22:58:31.549409996,4.244637630119212,bronze,"{""base_score"":4.244638,""is_void"":false}"
user_0097,2024-01-05 01:14:39.525321062,6.812755518049796,gold,"{""base_score"":6.812756,""is_void"":true}"
user_0061,2024-01-09 16:26:21.819125631,6.055443154628369,platinum,"{""base_score"":6.055443,""is_void"":false}"
user_0100,2024-01-15 07:23:43.661609487,7.962318588963536,bronze,"{""base_score"":7.962319,""is_void"":false}"
user_0119,2024-01-07 10:01:11.619578551,4.470104664828271,bronze,"{""base_score"":4.470105,""is_void"":false}"
user_0114,2024-01-03 10:06:14.478599318,5.458373025923783,bronze,"{""base_score"":5.458373,""is_void"":false}"
user_0092,2024-01-07 04:18:38.732798673,4.272987754849329,bronze,"{""base_score"":4.272988,""is_void"":false}"
user_0008,2024-01-07 15:29:17.081318200,5.719103990343796,gold,"{""base_score"":5.719104,""is_void"":false}"
user_0108,2024-01-07 06:27:56.556950543,6.569224365567535,VIP,"{""base_score"":6.569224,""is_void"":false}"
user_0054,2024-01-06 17:43:05.221789308,6.06466447796148,bronze,"{""base_score"":6.064664,""is_void"":false}"
user_0111,2024-01-05 04:31:14.787893562,5.825611887064867,gold,"{""base_score"":5.825612,""is_void"":false}"
user_0080,2024-01-06 00:26:50.467826364,4.798129940676941,bronze,"{""base_score"":4.79813,""is_void"":false}"
user_0132,2024-01-02 20:34:09.084817910,4.394986935098505,silver,"{""base_score"":4.394987,""is_void"":false}"
user_0050,2024-01-09 23:56:40.098407286,4.96661851190324,gold,"{""base_score"":4.966619,""is_void"":false}"
user_0139,2024-01-05 00:01:49.395562660,5.206218640115499,silver,"{""base_score"":5.206219,""is_void"":false}"
user_0126,2024-01-07 23:50:14.268580054,5.294410507474654,bronze,"{""base_score"":5.294411,""is_void"":false}"
user_0049,2024-01-07 22:04:24.977290515,5.725405853417697,silver,"{""base_score"":5.725406,""is_void"":false}"
user_0072,2024-01-02 05:56:21.899541787,7.238102430154817,VIP,"{""base_score"":7.238102,""is_void"":false}"
user_0079,2024-01-06 00:02:02.429595008,5.435578000829065,bronze,"{""base_score"":5.435578,""is_void"":true}"
user_0115,2024-01-04 05:38:57.659027046,5.375528507850161,bronze,"{""base_score"":5.375529,""is_void"":true}"
user_0103,2024-01-01 23:39:32.091615599,4.155826813766632,bronze,"{""base_score"":4.155827,""is_void"":false}"
user_0127,2024-01-04 02:39:17.802531087,6.198046619512966,silver,"{""base_score"":6.198047,""is_void"":false}"
user_0055,2024-01-07 10:17:01.433676041,5.081813776557207,silver,"{""base_score"":5.081814,""is_void"":false}"
user_0075,2024-01-09 03:03:02.840235491,6.742106178212189,gold,"{""base_score"":6.742106,""is_void"":false}"
user_0064,2024-01-05 19:59:54.255646378,7.07056966248895,gold,"{""base_score"":7.07057,""is_void"":false}"
user_0136,2024-01-02 10:40:10.353022401,6.441588093684055,platinum,"{""base_score"":6.441588,""is_void"":false}"
user_0045,2024-01-05 02:49:40.836461960,4.934588473394365,platinum,"{""base_score"":4.934588,""is_void"":true}"
user_0088,2024-01-07 13:57:52.995290117,5.0632401218803045,bronze,"{""base_score"":5.06324,""is_void"":true}"
user_0018,2024-01-10 04:28:46.040810716,5.860362376883743,silver,"{""base_score"":5.860362,""is_void"":false}"
user_0127,2024-01-04 16:42:19.200097372,5.11480338886417,bronze,"{""base_score"":5.114803,""is_void"":true}"
user_0057,2024-01-02 03:32:33.304908067,5.576928119017505,silver,"{""base_score"":5.576928,""is_void"":false}"
user_0051,2024-01-04 12:20:38.263336767,7.228809587282488,VIP,"{""base_score"":7.22881,""is_void"":false}"
user_0087,2024-01-08 00:08:57.580813634,7.061089173723701,gold,"{""base_score"":7.061089,""is_void"":false}"
user_0074,2024-01-08 23:20:24.939547598,6.582349980639034,VIP,"{""base_score"":6.58235,""is_void"":false}"
user_0127,2024-01-05 01:33:26.406575449,4.444566697749033,silver,"{""base_score"":4.444567,""is_void"":false}"
user_0079,2024-01-06 06:23:59.940067457,6.390398573227981,silver,"{""base_score"":6.390399,""is_void"":false}"
user_0077,2024-01-09 22:12:42.209327966,5.584045471502433,silver,"{""base_score"":5.584045,""is_void"":false}"
user_0015,2024-01-03 12:39:10.417898318,5.338643888686574,bronze,"{""base_score"":5.338644,""is_void"":false}"
user_0003,2024-01-08 12:50:24.380930175,6.224383303596876,bronze,"{""base_score"":6.224383,""is_void"":false}"
user_0059,2024-01-01 20:51:39.114741379,4.208147141045797,silver,"{""base_score"":4.208147,""is_void"":false}"
user_0149,2024-01-06 15:13:39.147754914,5.248239151284393,bronze,"{""base_score"":5.248239,""is_void"":false}"
user_0137,2024-01-07 13:45:29.711747688,7.495511669362719,VIP,"{""base_score"":7.495512,""is_void"":false}"
user_0094,2024-01-06 09:38:01.641497363,5.937937331690343,bronze,"{""base_score"":5.937937,""is_void"":false}"
user_0094,2024-01-06 19:44:18.115158588,5.522228048338212,bronze,"{""base_score"":5.522228,""is_void"":false}"
user_0058,2024-01-02 17:22:29.023710123,4.364338381598812,gold,"{""base_score"":4.364338,""is_void"":false}"
user_0026,2024-01-08 18:56:15.686343379,5.989715646795477,bronze,"{""base_score"":5.989716,""is_void"":false}"
user_0001,2024-01-03 22:30:39.313232139,6.899951348350501,VIP,"{""base_score"":6.899951,""is_void"":false}"
user_0050,2024-01-10 03:54:39.522976832,5.128886076305687,gold,"{""base_score"":5.128886,""is_void"":false}"
user_0047,2024-01-05 15:24:02.056593989,4.4226039978161795,bronze,"{""base_score"":4.422604,""is_void"":false}"
user_0028,2024-01-03 01:10:27.351784435,5.637602167200894,gold,"{""base_score"":5.637602,""is_void"":true}"
user_0038,2024-01-04 13:59:43.449258831,6.339103967532097,gold,"{""base_score"":6.339104,""is_void"":false}"
user_0003,2024-01-08 22:50:41.740312695,6.514647857425185,gold,"{""base_score"":6.514648,""is_void"":true}"
user_0091,2024-01-04 17:41:13.925768486,7.280942023589548,platinum,"{""base_score"":7.280942,""is_void"":false}"
user_0139,2024-01-05 15:18:40.107494863,4.698368947018943,gold,"{""base_score"":4.698369,""is_void"":false}"
user_0103,2024-01-02 12:05:56.317977165,5.1025917643343055,silver,"{""base_score"":5.102592,""is_void"":false}"
user_0067,2024-01-04 07:45:25.143355572,3.9143530887525197,silver,"{""base_score"":3.914353,""is_void"":false}"
user_0063,2024-01-01 21:25:59.406690136,4.95550849928729,gold,"{""base_score"":4.955508,""is_void"":false}"
user_0046,2024-01-05 13:08:18.885226063,7.785187620944747,VIP,"{""base_score"":7.785188,""is_void"":false}"
user_0021,2024-01-11 09:16:34.602705965,7.075200419781089,silver,"{""base_score"":7.0752,""is_void"":false}"
user_0089,2024-01-06 12:56:04.821592574,6.69691725997567,gold,"{""base_score"":6.696917,""is_void"":false}"
user_0084,2024-01-06 11:44:46.378137819,5.166917643632465,silver,"{""base_score"":5.166918,""is_void"":false}"
user_0001,2024-01-04 01:15:38.192628325,5.695622013923797,gold,"{""base_score"":5.695622,""is_void"":true}"
user_0062,2024-01-08 08:05:42.264904742,7.853174824213141,VIP,"{""base_score"":7.853175,""is_void"":false}"
user_0041,2024-01-06 14:18:56.035285098,4.522494414491679,bronze,"{""base_score"":4.522494,""is_void"":true}"
user_0025,2024-01-08 13:45:03.889634681,4.634507024456643,bronze,"{""base_score"":4.634507,""is_void"":false}"
user_0105,2024-01-03 09:48:28.180786918,6.7970335565046796,silver,"{""base_score"":6.797034,""is_void"":true}"
user_0078,2024-01-05 05:39:29.189540372,4.841071457984154,silver,"{""base_score"":4.841071,""is_void"":false}"
user_0095,2024-01-08 10:56:52.014173326,4.88552287530631,silver,"{""base_score"":4.885523,""is_void"":true}"
user_0107,2024-01-03 16:57:59.469305079,5.868546234052297,bronze,"{""base_score"":5.868546,""is_void"":false}"
user_0147,2024-01-08 19:27:04.321248046,5.865919727612075,silver,"{""base_score"":5.86592,""is_void"":false}"
user_0120,2024-01-07 10:38:07.982796085,5.455476756430156,silver,"{""base_score"":5.455477,""is_void"":false}"
user_0093,2024-01-02 23:39:12.590351504,6.037031188505036,silver,"{""base_score"":6.037031,""is_void"":true}"
user_0131,2024-01-07 02:46:28.829024768,6.561093090287099,gold,"{""base_score"":6.561093,""is_void"":false}"
user_0071,2024-01-05 15:57:51.136589838,7.598384507462767,gold,"{""base_score"":7.598385,""is_void"":false}"
user_0147,2024-01-08 21:54:23.960716846,5.939010656556521,gold,"{""base_score"":5.939011,""is_void"":false}"
user_0114,2024-01-03 11:45:04.091686462,6.333817511661296,gold,"{""base_score"":6.333818,""is_void"":false}"
user_0097,2024-01-08 22:01:29.145880181,7.9725794999235475,gold,"{""base_score"":7.972579,""is_void"":false}"
user_0135,2024-01-05 19:22:58.600787439,5.382755516206999,silver,"{""base_score"":5.382756,""is_void"":false}"
user_0077,2024-01-10 07:46:11.262120959,5.543466816852512,gold,"{""base_score"":5.543467,""is_void"":false}"
user_0108,2024-01-07 17:15:05.084183511,5.555621501150597,bronze,"{""base_score"":5.555622,""is_void"":true}"
user_0042,2024-01-04 14:54:27.157613152,6.415838633250339,bronze,"{""base_score"":6.415839,""is_void"":false}"
user_0144,2024-01-04 14:42:31.261961169,5.903514418274099,silver,"{""base_score"":5.903514,""is_void"":true}"
user_0093,2024-01-03 07:01:29.505801616,6.6991676840769605,platinum,"{""base_score"":6.699168,""is_void"":false}"
user_0117,2024-01-11 03:17:56.468827502,5.089444204655732,gold,"{""base_score"":5.089444,""is_void"":false}"
user_0069,2024-01-07 15:11:31.886189023,5.169040744086042,bronze,"{""base_score"":5.169041,""is_void"":false}"
user_0130,2024-01-03 02:01:42.463354607,6.690644734811987,silver,"{""base_score"":6.690645,""is_void"":false}"
user_0011,2024-01-03 00:20:03.432716529,3.9961938495374465,bronze,"{""base_score"":3.996194,""is_void"":false}"
user_0017,2024-01-11 21:50:52.081206753,6.336269225944097,gold,"{""base_score"":6.336269,""is_void"":true}"
user_0076,2024-01-06 02:21:02.829315410,6.599489684724191,platinum,"{""base_score"":6.59949,""is_void"":false}"
user_0109,2024-01-03 16:56:04.441706615,4.755449029580318,silver,"{""base_score"":4.755449,""is_void"":false}"
user_0121,2024-01-05 15:34:27.443052517,5.032530885375634,silver,"{""base_score"":5.032531,""is_void"":true}"
user_0066,2024-01-04 05:07:58.768071429,6.866757177323254,silver,"{""base_score"":6.866757,""is_void"":true}"
user_0097,2024-01-09 01:03:57.050719188,6.69879991528201,silver,"{""base_score"":6.6988,""is_void"":false}"
user_0082,2024-01-03 05:08:09.599460008,5.564764290863379,platinum,"{""base_score"":5.564764,""is_void"":false}"
user_0144,2024-01-07 11:14:29.800195377,4.699450378897105,gold,"{""base_score"":4.69945,""is_void"":false}"
user_0098,2024-01-04 04:14:41.625273737,5.752398278925937,silver,"{""base_score"":5.752398,""is_void"":false}"
user_0062,2024-01-08 23:56:29.803507395,5.973849311013662,silver,"{""base_score"":5.973849,""is_void"":false}"
user_0145,2024-01-12 08:30:33.160419932,7.024953230182524,bronze,"{""base_score"":7.024953,""is_void"":true}"
user_0016,2024-01-03 08:46:03.382349431,7.208126382214867,bronze,"{""base_score"":7.208126,""is_void"":true}"
user_0147,2024-01-09 09:04:01.110689063,6.835559196101371,bronze,"{""base_score"":6.835559,""is_void"":true}"
user_0023,2024-01-04 05:06:47.148660563,5.006322622412209,silver,"{""base_score"":5.006323,""is_void"":false}"
user_0043,2024-01-09 00:39:10.806588356,7.052734960030909,VIP,"{""base_score"":7.052735,""is_void"":false}"
user_0123,2024-01-08 22:32:38.805520420,6.625687543288984,silver,"{""base_score"":6.625688,""is_void"":false}"
user_0110,2024-01-07 00:04:18.142226227,5.535905030080789,bronze,"{""base_score"":5.535905,""is_void"":true}"
user_0145,2024-01-12 11:50:24.742396463,5.271625307212462,bronze,"{""base_score"":5.271625,""is_void"":false}"
user_0112,2024-01-02 14:03:01.899155168,6.3760513298134915,silver,"{""base_score"":6.376051,""is_void"":false}"
user_0095,2024-01-08 18:29:35.397334682,6.289804656557864,platinum,"{""base_score"":6.289805,""is_void"":false}"
user_0051,2024-01-04 16:35:01.137387058,5.789592368132691,silver,"{""base_score"":5.789592,""is_void"":false}"
user_0000,2024-01-06 10:15:42.548526947,5.438621108029348,gold,"{""base_score"":5.438621,""is_void"":false}"
user_0018,2024-01-10 07:10:51.342424480,6.906936643683046,platinum,"{""base_score"":6.906937,""is_void"":false}"
user_0044,2024-01-05 13:44:09.689460892,5.387051976014685,bronze,"{""base_score"":5.387052,""is_void"":false}"
user_0006,2024-01-09 01:12:18.638081803,6.592962646525267,gold,"{""base_score"":6.592963,""is_void"":false}"
user_0076,2024-01-06 10:41:59.351713059,7.40044958275556,VIP,"{""base_score"":7.40045,""is_void"":false}"
user_0116,2024-01-07 18:37:19.698470850,5.764881066304902,silver,"{""base_score"":5.764881,""is_void"":false}"
user_0144,2024-01-07 13:22:04.626749569,5.182067436774857,bronze,"{""base_score"":5.182067,""is_void"":false}"
user_0073,2024-01-12 00:58:35.688895860,6.243275992045205,VIP,"{""base_score"":6.243276,""is_void"":false}"
user_0131,2024-01-07 12:15:48.234261921,6.320909546632633,platinum,"{""base_score"":6.32091,""is_void"":false}"
user_0147,2024-01-09 12:43:33.532880377,4.481010289367889,silver,"{""base_score"":4.48101,""is_void"":false}"
user_0128,2024-01-10 09:56:36.874545493,6.732516113064124,silver,"{""base_score"":6.732516,""is_void"":false}"
user_0069,2024-01-07 17:33:35.041107790,4.572733401043698,bronze,"{""base_score"":4.572733,""is_void"":false}"
user_0048,2024-01-03 20:53:09.427462115,5.517822695934103,platinum,"{""base_score"":5.517823,""is_void"":false}"
user_0146,2024-01-03 03:07:12.478727072,4.600607843596062,silver,"{""base_score"":4.600608,""is_void"":false}"
user_0036,2024-01-04 01:47:25.521054700,4.944658278282553,bronze,"{""base_score"":4.944658,""is_void"":true}"
user_0061,2024-01-09 22:47:40.753271663,5.686998792509356,gold,"{""base_score"":5.686999,""is_void"":false}"
user_0011,2024-01-03 15:07:51.413146091,4.781902915760438,VIP,"{""base_score"":4.781903,""is_void"":false}"
user_0119,2024-01-07 12:40:51.587153275,6.454342198714271,platinum,"{""base_score"":6.454342,""is_void"":false}"
user_0097,2024-01-09 05:44:44.782495287,6.892005004080135,bronze,"{""base_score"":6.892005,""is_void"":false}"
user_0012,2024-01-07 10:36:13.273326900,4.866266034081787,bronze,"{""base_score"":4.866266,""is_void"":false}"
user_0033,2024-01-04 23:23:05.653096126,6.729504288870215,VIP,"{""base_score"":6.729504,""is_void"":false}"
user_0083,2024-01-10 12:33:03.253340561,7.270649396160262,VIP,"{""base_score"":7.270649,""is_void"":true}"
user_0081,2024-01-12 11:20:20.176209361,6.65598163467053,silver,"{""base_score"":6.655982,""is_void"":false}"
user_0120,2024-01-09 12:57:17.428811926,7.1802037926827715,gold,"{""base_score"":7.180204,""is_void"":false}"
user_0039,2024-01-05 04:56:01.545153564,3.1156200036601276,silver,"{""base_score"":3.11562,""is_void"":false}"
user_0138,2024-01-14 03:03:03.548316510,7.627033648156443,silver,"{""base_score"":7.627034,""is_void"":false}"
user_0066,2024-01-07 16:18:32.293623720,6.626395397486721,bronze,"{""base_score"":6.626395,""is_void"":false}"
user_0123,2024-01-09 09:23:25.330198099,7.50206824534097,bronze,"{""base_score"":7.502068,""is_void"":false}"
user_0035,2024-01-10 00:24:46.759449154,5.3115817651039,bronze,"{""base_score"":5.311582,""is_void"":true}"
user_0005,2024-01-03 09:08:09.180764802,5.779276950223723,platinum,"{""base_score"":5.779277,""is_void"":true}"
user_0008,2024-01-07 17:47:15.597702148,5.250833747016104,bronze,"{""base_score"":5.250834,""is_void"":false}"
user_0055,2024-01-07 19:41:40.788137630,5.032279840718811,bronze,"{""base_score"":5.03228,""is_void"":true}"
user_0142,2024-01-04 00:46:17.553134783,5.816576337446378,silver,"{""base_score"":5.816576,""is_void"":true}"
user_0007,2024-01-03 10:23:13.580825187,6.298446710857537,bronze,"{""base_score"":6.298447,""is_void"":false}"
user_0055,2024-01-08 10:37:21.307473652,5.183102532678564,bronze,"{""base_score"":5.183103,""is_void"":false}"
user_0016,2024-01-04 00:37:58.991820838,5.913354349617076,silver,"{""base_score"":5.913354,""is_void"":false}"
user_0139,2024-01-06 04:15:04.992667809,6.1616826356598855,silver,"{""base_score"":6.161683,""is_void"":false}"
user_0101,2024-01-03 20:34:24.724898927,5.83184505797913,gold,"{""base_score"":5.831845,""is_void"":false}"
user_0114,2024-01-04 03:13:42.098354392,6.8033930925800625,VIP,"{""base_score"":6.803393,""is_void"":true}"
user_0106,2024-01-02 19:35:13.678518737,6.147727344502219,bronze,"{""base_score"":6.147727,""is_void"":false}"
user_0098,2024-01-04 07:40:20.409894884,7.65667236024222,VIP,"{""base_score"":7.656672,""is_void"":false}"
user_0116,2024-01-07 20:57:18.525336584,7.591626528755837,VIP,"{""base_score"":7.591627,""is_void"":false}"
user_0001,2024-01-04 14:59:23.429428021,6.149034438133617,platinum,"{""base_score"":6.149034,""is_void"":false}"
user_0129,2024-01-02 09:04:19.521408545,4.836155414662472,gold,"{""base_score"":4.836155,""is_void"":false}"
user_0110,2024-01-07 13:45:39.388304681,5.616539127072166,gold,"{""base_score"":5.616539,""is_void"":false}"
user_0110,2024-01-07 17:03:04.847753670,5.128840034064013,gold,"{""base_score"":5.12884,""is_void"":false}"
user_0059,2024-01-02 05:26:53.993955431,6.029330589680343,gold,"{""base_score"":6.029331,""is_void"":false}"
user_0120,2024-01-10 00:33:07.873616362,5.028811360848301,bronze,"{""base_score"":5.028811,""is_void"":false}"
user_0057,2024-01-02 13:32:50.930077024,7.1266930125686505,VIP,"{""base_score"":7.126693,""is_void"":true}"
user_0007,2024-01-03 17:03:52.937035571,5.009004300110523,silver,"{""base_score"":5.009004,""is_void"":true}"
user_0136,2024-01-02 13:19:05.088651414,5.183312552218378,gold,"{""base_score"":5.183313,""is_void"":false}"
user_0035,2024-01-10 04:10:38.260809836,7.318356880221817,silver,"{""base_score"":7.318357,""is_void"":false}"
user_0015,2024-01-03 22:20:18.791406408,4.40621084405875,bronze,"{""base_score"":4.406211,""is_void"":true}"
user_0093,2024-01-03 11:46:20.038178813,5.986529303837246,silver,"{""base_score"":5.986529,""is_void"":false}"
user_0035,2024-01-10 19:32:29.326409609,7.1041757155049945,silver,"{""base_score"":7.104176,""is_void"":false}"
user_0128,2024-01-10 17:59:09.309257285,7.0141970898129795,silver,"{""base_score"":7.014197,""is_void"":false}"
user_0066,2024-01-07 22:59:40.835448644,7.15675505365289,silver,"{""base_score"":7.156755,""is_void"":false}"
user_0000,2024-01-06 16:18:57.726031813,6.11802381814713,bronze,"{""base_score"":6.118024,""is_void"":false}"
user_0142,2024-01-04 12:28:43.250701727,5.8759690458834,silver,"{""base_score"":5.875969,""is_void"":true}"
user_0077,2024-01-10 22:21:13.265180066,7.312104022856665,silver,"{""base_score"":7.312104,""is_void"":false}"
user_0039,2024-01-05 12:42:37.870485216,6.778002695590866,VIP,"{""base_score"":6.778003,""is_void"":true}"
user_0101,2024-01-04 07:08:32.607377370,3.7700272655427662,bronze,"{""base_score"":3.770027,""is_void"":false}"
user_0079,2024-01-06 18:18:20.675068561,5.6186759425973785,silver,"{""base_score"":5.618676,""is_void"":false}"
user_0004,2024-01-02 22:06:12.572676059,5.946729871747591,bronze,"{""base_score"":5.94673,""is_void"":false}"
user_0113,2024-01-09 05:50:20.486860649,4.7075794575790075,silver,"{""base_score"":4.707579,""is_void"":false}"
user_0060,2024-01-02 08:55:02.038290274,7.458934681622416,silver,"{""base_score"":7.458935,""is_void"":false}"
user_0104,2024-01-11 19:47:00.147592766,5.946021308036299,gold,"{""base_score"":5.946021,""is_void"":false}"
user_0134,2024-01-02 23:07:10.442985162,6.450977473666476,VIP,"{""base_score"":6.450977,""is_void"":false}"
user_0091,2024-01-05 01:46:04.967910542,6.335203011189429,bronze,"{""base_score"":6.335203,""is_void"":false}"
user_0100,2024-01-15 17:59:11.639085233,6.185144596142417,gold,"{""base_score"":6.185145,""is_void"":false}"
user_0038,2024-01-04 16:55:52.091095337,5.151664387934624,bronze,"{""base_score"":5.151664,""is_void"":false}"
user_0035,2024-01-11 01:55:36.019345374,6.661903441748547,bronze,"{""base_score"":6.661903,""is_void"":false}"
user_0062,2024-01-09 04:01:35.824567229,5.21085208514628,silver,"{""base_score"":5.210852,""is_void"":true}"
user_0127,2024-01-05 13:05:17.379946593,5.157228158871075,bronze,"{""base_score"":5.157228,""is_void"":true}"
user_0078,2024-01-05 07:25:56.003448874,6.754887719978232,gold,"{""base_score"":6.754888,""is_void"":false}"
user_0052,2024-01-02 15:26:05.107320807,6.217705606201529,gold,"{""base_score"":6.217706,""is_void"":false}"
user_0116,2024-01-08 01:01:20.162107336,7.202522263999615,gold,"{""base_score"":7.202522,""is_void"":true}"
user_0128,2024-01-11 08:07:18.499847274,5.024656158702356,silver,"{""base_score"":5.024656,""is_void"":false}"
user_0135,2024-01-06 03:19:30.942053531,4.883172022582206,gold,"{""base_score"":4.883172,""is_void"":false}"
user_0044,2024-01-06 03:48:57.142101980,6.620374257649779,silver,"{""base_score"":6.620374,""is_void"":false}"
user_0106,2024-01-03 07:53:01.575131594,6.015587134295726,bronze,"{""base_score"":6.015587,""is_void"":true}"
user_0088,2024-01-08 04:07:33.017985438,4.94144678599552,bronze,"{""base_score"":4.941447,""is_void"":false}"
user_0067,2024-01-04 10:40:57.564214624,6.302366299255803,gold,"{""base_score"":6.302366,""is_void"":true}"
user_0059,2024-01-02 09:28:22.549929954,7.4337179637046225,VIP,"{""base_score"":7.433718,""is_void"":false}"
user_0017,2024-01-12 08:14:17.209812250,5.093581442322123,bronze,"{""base_score"":5.093581,""is_void"":true}"
user_0041,2024-01-06 17:18:56.892364843,5.623006638260503,silver,"{""base_score"":5.623007,""is_void"":false}"
user_0082,2024-01-03 17:31:14.801730010,6.110117895054365,gold,"{""base_score"":6.110118,""is_void"":false}"
user_0132,2024-01-02 23:54:06.765272572,6.284481260506264,platinum,"{""base_score"":6.284481,""is_void"":true}"
user_0129,2024-01-02 22:16:38.153425344,5.220623224642976,silver,"{""base_score"":5.220623,""is_void"":false}"
user_0028,2024-01-03 05:17:22.193380051,5.31203180106,gold,"{""base_score"":5.312032,""is_void"":false}"
user_0101,2024-01-07 08:48:00.706639454,5.847881230187585,gold,"{""base_score"":5.847881,""is_void"":false}"
user_0012,2024-01-07 22:28:02.372416150,6.770313312245655,platinum,"{""base_score"":6.770313,""is_void"":false}"
user_0101,2024-01-07 12:55:53.503045403,5.236551935582484,bronze,"{""base_score"":5.236552,""is_void"":false}"
user_0051,2024-01-04 20:45:40.198305818,6.361685114947575,VIP,"{""base_score"":6.361685,""is_void"":false}"
user_0067,2024-01-07 23:20:04.933875730,6.182343980055641,bronze,"{""base_score"":6.182344,""is_void"":false}"
user_0107,2024-01-04 08:10:05.959826871,6.642791806563526,platinum,"{""base_score"":6.642792,""is_void"":false}"
user_0063,2024-01-02 00:47:43.481614822,4.65752263000862,bronze,"{""base_score"":4.657523,""is_void"":false}"
user_0121,2024-01-05 19:37:03.599972041,3.1747998952336136,bronze,"{""base_score"":3.1748,""is_void"":false}"
user_0080,2024-01-06 11:48:39.239594290,4.403694282990651,bronze,"{""base_score"":4.403694,""is_void"":true}"
user_0149,2024-01-07 00:08:41.445186499,6.016282684034056,silver,"{""base_score"":6.016283,""is_void"":false}"
user_0095,2024-01-09 07:14:09.714033533,5.758151130507716,silver,"{""base_score"":5.758151,""is_void"":true}"
user_0044,2024-01-08 05:52:27.330167577,6.086879692826783,bronze,"{""base_score"":6.08688,""is_void"":true}"
user_0116,2024-01-08 07:56:49.962856652,6.072562291593567,silver,"{""base_score"":6.072562,""is_void"":false}"
user_0061,2024-01-10 01:50:29.681303211,7.044949289711636,silver,"{""base_score"":7.044949,""is_void"":false}"
user_0080,2024-01-06 19:26:06.870057827,5.1770282106250844,gold,"{""base_score"":5.177028,""is_void"":true}"
user_0020,2024-01-04 04:37:25.573411747,4.842479220443191,platinum,"{""base_score"":4.842479,""is_void"":false}"
user_0017,2024-01-12 15:03:58.128456888,5.70687066656887,gold,"{""base_score"":5.706871,""is_void"":false}"
user_0086,2024-01-03 09:56:41.680088240,4.861654958986442,bronze,"{""base_score"":4.861655,""is_void"":false}"
user_0028,2024-01-03 14:54:53.005624751,3.8932092696794323,bronze,"{""base_score"":3.893209,""is_void"":false}"
user_0149,2024-01-07 14:48:29.256953661,6.779550981270777,VIP,"{""base_score"":6.779551,""is_void"":true}"
user_0128,2024-01-11 21:18:49.801984270,6.891480354331362,bronze,"{""base_score"":6.89148,""is_void"":true}"
user_0105,2024-01-03 13:06:16.828806207,6.899333750278395,silver,"{""base_score"":6.899334,""is_void"":false}"
user_0110,2024-01-08 01:04:51.529596105,6.84671406296985,VIP,"{""base_score"":6.846714,""is_void"":true}"
user_0089,2024-01-07 01:20:38.692126575,8.941710436866174,VIP,"{""base_score"":8.94171,""is_void"":false}"
user_0009,2024-01-02 22:51:56.223288088,5.8068606802058165,silver,"{""base_score"":5.806861,""is_void"":false}"
user_0058,2024-01-02 22:28:40.686640552,4.661560578594719,gold,"{""base_score"":4.661561,""is_void"":false}"
user_0074,2024-01-09 11:32:28.383625157,6.624853318879962,silver,"{""base_score"":6.624853,""is_void"":false}"
user_0137,2024-01-08 01:36:54.899090016,4.9350989711981175,gold,"{""base_score"":4.935099,""is_void"":false}"
user_0032,2024-01-02 20:44:28.096621295,4.1275858573282145,bronze,"{""base_score"":4.127586,""is_void"":false}"
user_0074,2024-01-09 23:37:25.908105542,5.798760794565287,bronze,"{""base_score"":5.798761,""is_void"":true}"
user_0051,2024-01-05 01:45:36.906486474,6.0197280944694445,gold,"{""base_score"":6.019728,""is_void"":false}"
user_0020,2024-01-04 18:27:12.403476964,4.78717677320114,bronze,"{""base_score"":4.787177,""is_void"":true}"
user_0015,2024-01-04 10:22:41.699743200,5.0457082698414055,gold,"{""base_score"":5.045708,""is_void"":false}"
user_0054,2024-01-07 07:42:42.285456214,5.8067692056924045,silver,"{""base_score"":5.806769,""is_void"":false}"
user_0012,2024-01-08 08:34:31.589997509,7.242837603835531,platinum,"{""base_score"":7.242838,""is_void"":false}"
user_0010,2024-01-02 23:55:47.273941291,7.054581829976872,platinum,"{""base_score"":7.054582,""is_void"":false}"
user_0052,2024-01-02 17:06:58.368078858,5.107167232794196,silver,"{""base_score"":5.107167,""is_void"":false}"
user_0030,2024-01-03 02:21:27.843452871,4.513565139960896,gold,"{""base_score"":4.513565,""is_void"":true}"
user_0083,2024-01-10 18:45:57.542996251,4.301425717989298,bronze,"{""base_score"":4.301426,""is_void"":false}"
user_0002,2024-01-03 12:54:39.273936929,5.9084766398518695,silver,"{""base_score"":5.908477,""is_void"":true}"
user_0045,2024-01-05 14:51:06.818255954,4.853569487966875,bronze,"{""base_score"":4.853569,""is_void"":false}"
user_0067,2024-01-08 13:39:44.137282382,5.747527451683865,platinum,"{""base_score"":5.747527,""is_void"":false}"
user_0144,2024-01-08 00:15:13.825320905,4.6651568075827266,platinum,"{""base_score"":4.665157,""is_void"":false}"
user_0095,2024-01-13 06:49:04.971807020,6.941641360995415,VIP,"{""base_score"":6.941641,""is_void"":false}"
user_0132,2024-01-03 10:52:25.700328246,4.8486864303138475,platinum,"{""base_score"":4.848686,""is_void"":true}"
user_0051,2024-01-05 05:10:01.998273786,7.354683982008812,VIP,"{""base_score"":7.354684,""is_void"":false}"
user_0067,2024-01-08 14:50:45.403235085,4.5836456585542384,bronze,"{""base_score"":4.583646,""is_void"":true}"
user_0063,2024-01-02 08:52:33.513231503,5.60580132627745,VIP,"{""base_score"":5.605801,""is_void"":false}"
user_0133,2024-01-03 06:35:06.225255802,5.77320773528734,silver,"{""base_score"":5.773208,""is_void"":false}"
user_0143,2024-01-05 07:30:35.425109085,7.454500254143117,silver,"{""base_score"":7.4545,""is_void"":true}"
user_0144,2024-01-08 14:24:56.801711045,6.233948722215293,silver,"{""base_score"":6.233949,""is_void"":true}"
user_0112,2024-01-02 15:39:41.495454663,5.478981761571818,silver,"{""base_score"":5.478982,""is_void"":false}"
user_0075,2024-01-09 04:45:01.773065455,5.658739717093288,bronze,"{""base_score"":5.65874,""is_void"":true}"
user_0081,2024-01-12 20:58:09.271706378,4.233223349242555,bronze,"{""base_score"":4.233223,""is_void"":false}"
user_0147,2024-01-09 15:57:09.457680223,4.363502410921268,bronze,"{""base_score"":4.363502,""is_void"":false}"
user_0042,2024-01-05 03:11:20.931981022,3.9669238284652244,silver,"{""base_score"":3.966924,""is_void"":false}"
user_0052,2024-01-03 01:09:28.404940404,7.957648012552497,platinum,"{""base_score"":7.957648,""is_void"":false}"
user_0134,2024-01-03 09:53:17.507139426,6.91429112144014,gold,"{""base_score"":6.914291,""is_void"":false}"
user_0057,2024-01-02 19:06:24.784046071,6.369544519833829,silver,"{""base_score"":6.369545,""is_void"":false}"
user_0035,2024-01-11 09:39:24.232833736,6.46006048251482,silver,"{""base_score"":6.46006,""is_void"":false}"
user_0084,2024-01-08 23:04:00.143127523,4.460158515252367,silver,"{""base_score"":4.460159,""is_void"":false}"
user_0048,2024-01-04 12:52:41.855294023,5.2184788765491295,bronze,"{""base_score"":5.218479,""is_void"":true}"
user_0133,2024-01-03 07:58:51.601090058,7.886264384471695,platinum,"{""base_score"":7.886264,""is_void"":false}"
user_0136,2024-01-02 15:34:19.779440010,5.525384246128043,bronze,"{""base_score"":5.525384,""is_void"":false}"
user_0045,2024-01-06 06:44:15.509765026,4.929851657570574,gold,"{""base_score"":4.929852,""is_void"":false}"
user_0079,2024-01-06 20:03:56.673049835,5.046210445300881,gold,"{""base_score"":5.04621,""is_void"":true}"
user_0147,2024-01-09 19:31:37.883362181,6.7670598659384495,silver,"{""base_score"":6.76706,""is_void"":false}"
user_0111,2024-01-05 14:19:36.320214397,6.559890322515039,platinum,"{""base_score"":6.55989,""is_void"":false}"
user_0032,2024-01-03 08:53:02.892174333,3.3310031135661013,bronze,"{""base_score"":3.331003,""is_void"":false}"
user_0088,2024-01-08 08:49:33.838286748,5.565997991301953,platinum,"{""base_score"":5.565998,""is_void"":true}"
user_0092,2024-01-07 13:04:50.288516592,5.221395610958216,gold,"{""base_score"":5.221396,""is_void"":false}"
user_0098,2024-01-04 21:21:32.845152424,5.857981064473915,gold,"{""base_score"":5.857981,""is_void"":false}"
user_0003,2024-01-12 02:08:30.726981119,7.097179834400084,gold,"{""base_score"":7.09718,""is_void"":false}"
user_0044,2024-01-08 11:04:26.125274008,6.41213542654223,platinum,"{""base_score"":6.412135,""is_void"":true}"
user_0128,2024-01-12 01:55:05.168405602,8.017476300112465,VIP,"{""base_score"":8.017476,""is_void"":true}"
user_0036,2024-01-04 03:58:06.949101653,5.19916141807533,silver,"{""base_score"":5.199161,""is_void"":false}"
user_0044,2024-01-08 17:47:19.292804712,7.664919130240378,platinum,"{""base_score"":7.664919,""is_void"":false}"
user_0048,2024-01-04 16:02:49.465010870,5.910084350592429,gold,"{""base_score"":5.910084,""is_void"":false}"
user_0026,2024-01-08 23:23:01.188780470,7.832042363092057,silver,"{""base_score"":7.832042,""is_void"":false}"
user_0023,2024-01-04 11:24:14.806490621,6.428068863860574,VIP,"{""base_score"":6.428069,""is_void"":false}"
user_0052,2024-01-03 16:19:21.130874437,5.053966055947485,silver,"{""base_score"":5.053966,""is_void"":true}"
user_0131,2024-01-07 23:37:06.122375155,4.8785509631949315,silver,"{""base_score"":4.878551,""is_void"":false}"
user_0000,2024-01-07 00:50:30.385541831,5.720783547511341,bronze,"{""base_score"":5.720784,""is_void"":false}"
user_0042,2024-01-05 17:39:51.416515951,4.203399392348124,bronze,"{""base_score"":4.203399,""is_void"":false}"
user_0009,2024-01-03 07:51:10.147578668,7.134812281673661,platinum,"{""base_score"":7.134812,""is_void"":false}"
user_0084,2024-01-09 09:09:45.434275009,4.180188702078778,silver,"{""base_score"":4.180189,""is_void"":true}"
user_0037,2024-01-02 20:34:54.660320004,6.003287902937868,silver,"{""base_score"":6.003288,""is_void"":true}"
user_0118,2024-01-02 17:50:08.592321095,4.354469031331798,bronze,"{""base_score"":4.354469,""is_void"":false}"
user_0087,2024-01-08 15:32:50.310118482,5.9884840249430225,silver,"{""base_score"":5.988484,""is_void"":true}"
user_0117,2024-01-11 13:19:31.449268713,7.156281018387857,platinum,"{""base_score"":7.156281,""is_void"":true}"
user_0095,2024-01-13 10:29:19.579750926,8.154503554061526,platinum,"{""base_score"":8.154504,""is_void"":false}"
user_0065,2024-01-10 12:15:58.199266276,4.175141127685757,bronze,"{""base_score"":4.175141,""is_void"":false}"
user_0129,2024-01-06 20:42:50.151059860,6.044419319993773,silver,"{""base_score"":6.044419,""is_void"":false}"
user_0071,2024-01-06 00:40:10.861987214,5.07638657681869,silver,"{""base_score"":5.076387,""is_void"":false}"
user_0142,2024-01-04 23:52:23.912052487,5.015996191425453,gold,"{""base_score"":5.015996,""is_void"":true}"
user_0149,2024-01-08 03:51:30.131758485,5.041767288639042,silver,"{""base_score"":5.041767,""is_void"":false}"
user_0088,2024-01-08 15:03:44.299091200,6.167905013987345,silver,"{""base_score"":6.167905,""is_void"":false}"
user_0101,2024-01-07 17:56:32.157440318,5.264470502029977,silver,"{""base_score"":5.264471,""is_void"":true}"
user_0038,2024-01-04 23:50:30.585706344,7.224258584235265,silver,"{""base_score"":7.224259,""is_void"":false}"
user_0122,2024-01-04 17:13:22.635194287,6.019677196617897,silver,"{""base_score"":6.019677,""is_void"":false}"
user_0100,2024-01-15 21:23:04.228984344,5.137941795374721,silver,"{""base_score"":5.137942,""is_void"":false}"
user_0135,2024-01-06 05:54:33.600760399,6.35537471739352,platinum,"{""base_score"":6.355375,""is_void"":false}"
user_0040,2024-01-06 10:01:36.099316440,5.490236495360055,gold,"{""base_score"":5.490236,""is_void"":false}"
user_0118,2024-01-02 18:59:14.351120383,6.477446117273574,silver,"{""base_score"":6.477446,""is_void"":false}"
user_0070,2024-01-03 03:03:32.889017604,5.294105924977668,platinum,"{""base_score"":5.294106,""is_void"":false}"
user_0027,2024-01-05 22:37:45.263142956,5.658298561057171,platinum,"{""base_score"":5.658299,""is_void"":false}"
user_0025,2024-01-08 16:37:54.665544457,4.648080994852138,bronze,"{""base_score"":4.648081,""is_void"":false}"
user_0084,2024-01-09 22:56:14.507401070,6.253430208663852,silver,"{""base_score"":6.25343,""is_void"":false}"
user_0047,2024-01-05 20:24:18.533002683,6.070235038756598,bronze,"{""base_score"":6.070235,""is_void"":false}"
user_0015,2024-01-04 15:28:42.041231568,7.1040177461946765,gold,"{""base_score"":7.104018,""is_void"":false}"
user_0064,2024-01-08 17:06:37.257153278,5.6753525576185995,bronze,"{""base_score"":5.675353,""is_void"":true}"
user_0097,2024-01-13 01:30:21.636919215,6.712277182528913,gold,"{""base_score"":6.712277,""is_void"":false}"
user_0047,2024-01-06 06:09:01.303378631,5.719967660826405,bronze,"{""base_score"":5.719968,""is_void"":false}"
user_0143,2024-01-05 19:00:32.519122233,4.660423449405945,silver,"{""base_score"":4.660423,""is_void"":false}"
user_0116,2024-01-08 09:51:14.995848620,5.268295583183233,VIP,"{""base_score"":5.268296,""is_void"":false}"
user_0076,2024-01-06 20:23:27.673311268,6.4857983369218,silver,"{""base_score"":6.485798,""is_void"":false}"
user_0140,2024-01-04 03:53:00.707252503,6.566712219151518,platinum,"{""base_score"":6.566712,""is_void"":false}"
user_0064,2024-01-09 04:38:49.534105365,6.700106292062644,VIP,"{""base_score"":6.700106,""is_void"":false}"
user_0020,2024-01-05 01:14:38.214292404,6.246084773867665,platinum,"{""base_score"":6.246085,""is_void"":false}"
user_0005,2024-01-07 00:35:37.761736237,6.210141725542872,bronze,"{""base_score"":6.210142,""is_void"":false}"
user_0140,2024-01-04 09:58:08.432114966,8.12196837576747,platinum,"{""base_score"":8.121968,""is_void"":false}"
user_0143,2024-01-05 21:30:30.073959645,5.842644478138361,bronze,"{""base_score"":5.842644,""is_void"":true}"
user_0110,2024-01-10 03:17:20.607746641,5.511272117147486,silver,"{""base_score"":5.511272,""is_void"":false}"
user_0015,2024-01-04 21:08:56.709422076,6.047652441469785,platinum,"{""base_score"":6.047652,""is_void"":false}"
user_0044,2024-01-09 09:37:37.996251669,6.507041197885698,gold,"{""base_score"":6.507041,""is_void"":false}"
user_0006,2024-01-09 10:04:53.757058037,5.369621403576938,silver,"{""base_score"":5.369621,""is_void"":false}"
user_0007,2024-01-03 23:43:06.463052169,5.70332968509852,silver,"{""base_score"":5.70333,""is_void"":true}"
user_0036,2024-01-04 19:21:01.684137122,8.036900861560508,platinum,"{""base_score"":8.036901,""is_void"":false}"
user_0085,2024-01-06 17:12:27.330037610,6.810466937154026,gold,"{""base_score"":6.810467,""is_void"":false}"
user_0009,2024-01-03 22:06:20.850178317,6.464760181105797,silver,"{""base_score"":6.46476,""is_void"":false}"
user_0147,2024-01-10 09:16:15.487238255,5.9061138377588085,platinum,"{""base_score"":5.906114,""is_void"":false}"
user_0068,2024-01-06 11:27:41.614031180,6.015674292344502,bronze,"{""base_score"":6.015674,""is_void"":true}"
user_0039,2024-01-05 20:51:55.682417443,5.565650337636951,bronze,"{""base_score"":5.56565,""is_void"":false}"
user_0077,2024-01-11 12:01:30.723327035,7.2472034356458686,gold,"{""base_score"":7.247203,""is_void"":false}"
user_0118,2024-01-03 00:47:51.085186439,7.113025680914413,VIP,"{""base_score"":7.113026,""is_void"":false}"
user_0046,2024-01-05 20:39:53.542245675,5.9392112032242075,bronze,"{""base_score"":5.939211,""is_void"":false}"
user_0007,2024-01-04 02:46:35.144704293,6.479021460203321,bronze,"{""base_score"":6.479021,""is_void"":false}"
user_0007,2024-01-04 17:09:07.042510453,5.688272486394179,bronze,"{""base_score"":5.688272,""is_void"":false}"
user_0127,2024-01-08 11:34:59.025916134,6.5123842445580475,platinum,"{""base_score"":6.512384,""is_void"":false}"
user_0016,2024-01-04 14:56:55.390521106,6.444866894085354,bronze,"{""base_score"":6.444867,""is_void"":true}"
user_0095,2024-01-13 23:51:21.730397850,4.793975562673031,silver,"{""base_score"":4.793976,""is_void"":true}"
user_0057,2024-01-03 01:23:56.493602375,6.590885459963878,VIP,"{""base_score"":6.590885,""is_void"":false}"
user_0116,2024-01-09 00:08:37.651955624,5.2047424310261095,bronze,"{""base_score"":5.204742,""is_void"":true}"
user_0009,2024-01-04 06:14:17.220419239,4.71315918499415,silver,"{""base_score"":4.713159,""is_void"":false}"
user_0134,2024-01-03 11:46:12.148864044,5.964902694637349,silver,"{""base_score"":5.964903,""is_void"":true}"
user_0104,2024-01-12 09:03:20.221047194,5.646522175842883,platinum,"{""base_score"":5.646522,""is_void"":true}"
user_0067,2024-01-08 20:02:15.161761936,5.223345356975801,silver,"{""base_score"":5.223345,""is_void"":false}"
user_0031,2024-01-01 19:23:51.972606818,5.752864267099393,silver,"{""base_score"":5.752864,""is_void"":false}"
user_0146,2024-01-03 12:28:12.650981034,5.07684277248831,bronze,"{""base_score"":5.076843,""is_void"":false}"
user_0045,2024-01-06 17:04:57.810657220,5.116850291034312,gold,"{""base_score"":5.11685,""is_void"":false}"
user_0073,2024-01-12 03:48:45.026211574,4.888070555007953,gold,"{""base_score"":4.888071,""is_void"":false}"
user_0059,2024-01-02 17:53:07.126259749,5.30881786272198,bronze,"{""base_score"":5.308818,""is_void"":false}"
user_0034,2024-01-04 10:42:45.144169851,5.993639611798852,silver,"{""base_score"":5.99364,""is_void"":false}"
user_0062,2024-01-09 07:23:12.429663426,6.590641222986732,platinum,"{""base_score"":6.590641,""is_void"":false}"
user_0022,2024-01-07 06:59:58.279203760,6.286308039158535,bronze,"{""base_score"":6.286308,""is_void"":false}"
user_0000,2024-01-07 11:17:48.388444075,4.214775072343584,bronze,"{""base_score"":4.214775,""is_void"":false}"
user_0043,2024-01-09 14:14:26.033869820,5.363039712289192,silver,"{""base_score"":5.36304,""is_void"":false}"
user_0016,2024-01-05 04:33:26.517926772,5.756251388831912,silver,"{""base_score"":5.756251,""is_void"":false}"
user_0062,2024-01-09 15:07:43.116331182,6.344830218574971,bronze,"{""base_score"":6.34483,""is_void"":false}"
user_0129,2024-01-07 03:23:57.758459579,5.009282259606594,silver,"{""base_score"":5.009282,""is_void"":false}"
user_0024,2024-01-04 06:22:33.055131019,4.640156451442012,bronze,"{""base_score"":4.640156,""is_void"":false}"
user_0000,2024-01-07 18:08:18.413433015,6.217132135080385,silver,"{""base_score"":6.217132,""is_void"":false}"
user_0016,2024-01-07 18:29:18.641727988,7.388030094731691,gold,"{""base_score"":7.38803,""is_void"":false}"
user_0076,2024-01-07 06:03:36.734167386,6.407998553130916,silver,"{""base_score"":6.407999,""is_void"":false}"
user_0041,2024-01-07 02:27:22.046761402,4.861982884850953,bronze,"{""base_score"":4.861983,""is_void"":false}"
user_0073,2024-01-12 16:45:12.649590067,4.953786738103821,platinum,"{""base_score"":4.953787,""is_void"":false}"
user_0004,2024-01-03 13:45:30.916548923,6.121644164205557,bronze,"{""base_score"":6.121644,""is_void"":false}"
user_0049,2024-01-11 03:07:29.973308206,5.147622012657617,gold,"{""base_score"":5.147622,""is_void"":false}"
user_0061,2024-01-10 07:49:11.964855161,5.330470088954806,silver,"{""base_score"":5.33047,""is_void"":true}"
user_0064,2024-01-09 11:04:44.150771128,6.051297812772808,gold,"{""base_score"":6.051298,""is_void"":false}"
user_0082,2024-01-05 18:55:06.490759926,4.870598859100981,bronze,"{""base_score"":4.870599,""is_void"":false}"
user_0117,2024-01-11 15:48:05.567351196,7.639094062896132,bronze,"{""base_score"":7.639094,""is_void"":false}"
user_0070,2024-01-03 11:56:49.611489580,5.483107747977953,silver,"{""base_score"":5.483108,""is_void"":false}"
user_0126,2024-01-08 11:12:58.028262583,6.002509101873882,bronze,"{""base_score"":6.002509,""is_void"":false}"
user_0079,2024-01-09 09:48:07.078105375,5.052711311221982,bronze,"{""base_score"":5.052711,""is_void"":false}"
user_0039,2024-01-06 11:30:54.446169368,6.184792857931665,gold,"{""base_score"":6.184793,""is_void"":false}"
user_0034,2024-01-04 12:56:05.279097328,7.850775607843087,platinum,"{""base_score"":7.850776,""is_void"":false}"
user_0048,2024-01-05 06:19:28.668407597,4.937473185580895,bronze,"{""base_score"":4.937473,""is_void"":true}"
user_0089,2024-01-07 05:59:39.875838269,6.903538655305326,platinum,"{""base_score"":6.903539,""is_void"":false}"
user_0036,2024-01-08 00:07:52.897601730,4.832380803782278,gold,"{""base_score"":4.832381,""is_void"":false}"
user_0137,2024-01-08 12:47:00.852468114,5.908818781896229,platinum,"{""base_score"":5.908819,""is_void"":false}"
user_0071,2024-01-06 11:18:46.831498874,6.8953940883295655,gold,"{""base_score"":6.895394,""is_void"":false}"
user_0129,2024-01-07 11:32:12.581664450,6.132276844556659,gold,"{""base_score"":6.132277,""is_void"":false}"
user_0102,2024-01-05 05:57:29.688599741,3.804376598593583,silver,"{""base_score"":3.804377,""is_void"":false}"
user_0050,2024-01-10 13:39:20.908774272,7.544042551431541,gold,"{""base_score"":7.544043,""is_void"":true}"
user_0034,2024-01-05 04:35:29.322802225,6.8135497040843225,VIP,"{""base_score"":6.81355,""is_void"":true}"
user_0111,2024-01-05 21:06:15.609775861,5.2331446426244534,bronze,"{""base_score"":5.233145,""is_void"":false}"
user_0049,2024-01-11 12:20:38.730641315,7.023368070175676,silver,"{""base_score"":7.023368,""is_void"":true}"
user_0037,2024-01-03 08:25:31.616826110,5.372802386301155,bronze,"{""base_score"":5.372802,""is_void"":false}"
user_0139,2024-01-06 11:00:48.789540173,6.74200916695296,VIP,"{""base_score"":6.742009,""is_void"":false}"
user_0072,2024-01-02 07:51:07.630667371,4.75294397986058,silver,"{""base_score"":4.752944,""is_void"":false}"
user_0007,2024-01-05 01:43:35.542237021,4.960408984249904,gold,"{""base_score"":4.960409,""is_void"":true}"
user_0074,2024-01-10 11:24:45.569603770,6.4691298240810005,platinum,"{""base_score"":6.46913,""is_void"":true}"
user_0069,2024-01-08 07:15:13.127732063,7.042838701457415,VIP,"{""base_score"":7.042839,""is_void"":false}"
user_0129,2024-01-07 17:26:32.617046133,6.021338504062689,bronze,"{""base_score"":6.021339,""is_void"":false}"
user_0106,2024-01-03 17:36:39.037525179,5.762542341911708,gold,"{""base_score"":5.762542,""is_void"":true}"
user_0028,2024-01-04 00:14:51.242608467,5.910245605869482,platinum,"{""base_score"":5.910246,""is_void"":false}"
user_0022,2024-01-07 10:51:00.487182335,3.9565229682376106,bronze,"{""base_score"":3.956523,""is_void"":true}"
user_0090,2024-01-03 20:48:42.074240769,6.322830784795961,gold,"{""base_score"":6.322831,""is_void"":true}"
user_0007,2024-01-05 12:41:11.208701488,5.998361003921655,silver,"{""base_score"":5.998361,""is_void"":false}"
user_0047,2024-01-06 12:50:39.246358929,7.473759952011773,gold,"{""base_score"":7.47376,""is_void"":false}"
user_0020,2024-01-05 13:50:10.802875267,5.366330863906888,silver,"{""base_score"":5.366331,""is_void"":false}"
user_0003,2024-01-12 17:23:33.597387594,5.3927794194899645,bronze,"{""base_score"":5.392779,""is_void"":false}"
user_0137,2024-01-09 01:36:16.790557873,5.586524428706864,bronze,"{""base_score"":5.586524,""is_void"":false}"
user_0013,2024-01-07 15:08:38.938432245,5.441711112906063,bronze,"{""base_score"":5.441711,""is_void"":true}"
user_0001,2024-01-04 17:34:37.750074065,5.461756652189899,bronze,"{""base_score"":5.461757,""is_void"":false}"
user_0139,2024-01-06 14:53:50.836783002,6.196232914421131,gold,"{""base_score"":6.196233,""is_void"":true}"
user_0028,2024-01-04 04:05:56.230025409,4.0874025337610975,silver,"{""base_score"":4.087403,""is_void"":false}"
user_0122,2024-01-05 08:45:33.318484629,3.9913843954405324,bronze,"{""base_score"":3.991384,""is_void"":false}"
user_0004,2024-01-04 04:48:19.265943180,6.428291709009347,gold,"{""base_score"":6.428292,""is_void"":false}"
user_0023,2024-01-04 12:54:18.539496044,7.301877766011337,gold,"{""base_score"":7.301878,""is_void"":true}"
user_0016,2024-01-08 03:51:48.401617117,6.201331866617875,silver,"{""base_score"":6.201332,""is_void"":false}"
user_0105,2024-01-07 06:34:58.982718996,7.441173546707298,VIP,"{""base_score"":7.441174,""is_void"":false}"
user_0093,2024-01-03 23:56:33.361325124,6.826523331796964,silver,"{""base_score"":6.826523,""is_void"":false}"
user_0071,2024-01-06 21:35:20.563145920,6.683352803598988,platinum,"{""base_score"":6.683353,""is_void"":false}"
user_0036,2024-01-08 15:44:15.817061237,4.101333158097325,bronze,"{""base_score"":4.101333,""is_void"":false}"
user_0013,2024-01-07 18:34:44.575984475,6.661637997185676,gold,"{""base_score"":6.661638,""is_void"":false}"
user_0085,2024-01-10 00:06:27.621115653,8.341057760237062,VIP,"{""base_score"":8.341058,""is_void"":false}"
user_0034,2024-01-05 19:01:42.225631923,7.583099986848192,platinum,"{""base_score"":7.5831,""is_void"":false}"
user_0088,2024-01-09 06:55:16.587256814,6.1220140141032635,silver,"{""base_score"":6.122014,""is_void"":false}"
user_0103,2024-01-02 18:11:15.878640840,6.010219458847471,gold,"{""base_score"":6.010219,""is_void"":false}"
user_0127,2024-01-08 13:46:46.424610352,5.6521551095561575,silver,"{""base_score"":5.652155,""is_void"":false}"
user_0074,2024-01-10 18:40:32.742343907,6.110858427613839,gold,"{""base_score"":6.110858,""is_void"":false}"
user_0000,2024-01-08 09:26:27.468233737,6.665392497433631,gold,"{""base_score"":6.665392,""is_void"":false}"
user_0042,2024-01-06 00:13:41.956202521,8.03032168855892,VIP,"{""base_score"":8.030322,""is_void"":false}"
user_0128,2024-01-12 09:02:04.787861418,4.436227291152785,silver,"{""base_score"":4.436227,""is_void"":false}"
user_0079,2024-01-09 15:51:21.127881290,5.696425348061679,bronze,"{""base_score"":5.696425,""is_void"":false}"
user_0092,2024-01-07 19:00:06.512418591,5.798676463304443,silver,"{""base_score"":5.798676,""is_void"":false}"
user_0068,2024-01-06 14:08:48.250460326,4.1140593039084346,bronze,"{""base_score"":4.114059,""is_void"":false}"
user_0024,2024-01-04 20:57:43.934849831,5.585681811032196,bronze,"{""base_score"":5.585682,""is_void"":false}"
user_0134,2024-01-06 04:02:00.972987429,4.733550451882531,silver,"{""base_score"":4.73355,""is_void"":false}"
user_0115,2024-01-04 11:58:01.342460676,6.14086308742786,gold,"{""base_score"":6.140863,""is_void"":false}"
user_0149,2024-01-08 05:30:34.815011139,6.709218057449365,bronze,"{""base_score"":6.709218,""is_void"":true}"
user_0128,2024-01-12 18:29:12.643145445,6.722905577608227,bronze,"{""base_score"":6.722906,""is_void"":false}"
user_0043,2024-01-09 23:44:57.955924492,5.59656513631107,bronze,"{""base_score"":5.596565,""is_void"":false}"
user_0038,2024-01-05 06:05:38.228990223,6.545876551965558,platinum,"{""base_score"":6.545877,""is_void"":false}"
user_0037,2024-01-03 16:55:35.274073666,6.160214348616961,gold,"{""base_score"":6.160214,""is_void"":true}"
user_0137,2024-01-11 18:01:55.138672277,7.230686380927062,bronze,"{""base_score"":7.230686,""is_void"":false}"
user_0083,2024-01-10 21:23:48.263139313,5.614845093347489,bronze,"{""base_score"":5.614845,""is_void"":false}"
user_0068,2024-01-09 21:47:56.870475624,5.012940814102835,silver,"{""base_score"":5.012941,""is_void"":false}"
user_0145,2024-01-13 00:52:03.294370130,4.475157878408791,bronze,"{""base_score"":4.475158,""is_void"":true}"
user_0090,2024-01-04 12:10:02.258742329,6.013329634656923,silver,"{""base_score"":6.01333,""is_void"":true}"
user_0136,2024-01-02 20:32:13.449550860,5.797044739106892,silver,"{""base_score"":5.797045,""is_void"":true}"
user_0147,2024-01-10 19:41:37.905238381,5.640913249596632,VIP,"{""base_score"":5.640913,""is_void"":false}"
user_0011,2024-01-03 20:57:27.458286909,5.369093542176024,bronze,"{""base_score"":5.369094,""is_void"":false}"
user_0054,2024-01-09 18:34:55.104185504,6.025639569061887,gold,"{""base_score"":6.02564,""is_void"":false}"
user_0110,2024-01-10 06:08:51.226418941,5.3946899582170635,bronze,"{""base_score"":5.39469,""is_void"":false}"
user_0121,2024-01-05 20:49:31.372854637,6.330201700243882,VIP,"{""base_score"":6.330202,""is_void"":true}"
user_0022,2024-01-08 02:03:44.072152302,6.445802196244505,VIP,"{""base_score"":6.445802,""is_void"":false}"
user_0047,2024-01-06 21:45:02.543174242,6.406989401146028,gold,"{""base_score"":6.406989,""is_void"":true}"
user_0082,2024-01-06 00:40:33.654271472,5.190505082466286,silver,"{""base_score"":5.190505,""is_void"":true}"
user_0119,2024-01-08 01:56:15.141071242,5.253857012834919,bronze,"{""base_score"":5.253857,""is_void"":true}"
user_0016,2024-01-08 16:59:24.669837731,6.516958402866912,platinum,"{""base_score"":6.516958,""is_void"":false}"
user_0090,2024-01-04 18:43:19.942388883,6.866079351541017,gold,"{""base_score"":6.866079,""is_void"":false}"
user_0044,2024-01-09 19:40:08.362875177,5.411979858998152,bronze,"{""base_score"":5.41198,""is_void"":false}"
user_0032,2024-01-03 20:58:56.083035311,6.256793720299603,silver,"{""base_score"":6.256794,""is_void"":true}"
user_0077,2024-01-12 02:18:40.961388954,7.674875194433834,silver,"{""base_score"":7.674875,""is_void"":false}"
user_0062,2024-01-10 01:55:51.109561226,6.630706473611784,platinum,"{""base_score"":6.630706,""is_void"":false}"
user_0095,2024-01-14 09:46:28.440474168,3.5946452224297873,gold,"{""base_score"":3.594645,""is_void"":false}"
user_0047,2024-01-07 10:36:56.601826972,6.737521704415758,gold,"{""base_score"":6.737522,""is_void"":true}"
user_0123,2024-01-09 18:01:16.222250971,6.098085106437619,gold,"{""base_score"":6.098085,""is_void"":false}"
user_0011,2024-01-04 00:29:35.421000047,4.335316295427696,bronze,"{""base_score"":4.335316,""is_void"":false}"
user_0129,2024-01-08 08:07:28.015310722,5.714106957877818,silver,"{""base_score"":5.714107,""is_void"":false}"
user_0004,2024-01-04 20:25:36.269954642,5.092596682847326,bronze,"{""base_score"":5.092597,""is_void"":false}"
user_0110,2024-01-10 17:59:37.065142918,6.810073354695818,gold,"{""base_score"":6.810073,""is_void"":false}"
user_0051,2024-01-05 16:37:12.980948125,5.857773554476287,silver,"{""base_score"":5.857774,""is_void"":false}"
user_0057,2024-01-03 13:00:00.917116645,7.107138590943607,silver,"{""base_score"":7.107139,""is_void"":true}"
user_0002,2024-01-03 22:21:46.626724302,5.617356681722531,bronze,"{""base_score"":5.617357,""is_void"":true}"
user_0105,2024-01-09 20:18:42.646227410,5.049873773486375,bronze,"{""base_score"":5.049874,""is_void"":false}"
user_0024,2024-01-05 05:22:23.964760517,5.140784195963126,silver,"{""base_score"":5.140784,""is_void"":true}"
user_0098,2024-01-05 07:18:28.189742958,5.636552441465502,bronze,"{""base_score"":5.636552,""is_void"":false}"
user_0108,2024-01-08 05:51:35.442538255,6.05858155158059,bronze,"{""base_score"":6.058582,""is_void"":false}"
user_0126,2024-01-08 22:55:50.196521012,7.2520158768419,gold,"{""base_score"":7.252016,""is_void"":false}"
user_0106,2024-01-04 07:57:58.369614509,5.547684142684685,silver,"{""base_score"":5.547684,""is_void"":true}"
user_0045,2024-01-07 08:35:19.709430054,5.146943599697282,silver,"{""base_score"":5.146944,""is_void"":false}"
user_0110,2024-01-11 04:28:22.849878986,5.8408717377563715,silver,"{""base_score"":5.840872,""is_void"":false}"
user_0123,2024-01-10 02:10:46.124442505,6.466411371883566,platinum,"{""base_score"":6.466411,""is_void"":false}"
user_0047,2024-01-07 19:51:58.624273369,4.596122907102265,silver,"{""base_score"":4.596123,""is_void"":false}"
user_0018,2024-01-10 21:49:04.042262141,5.390165437712176,gold,"{""base_score"":5.390165,""is_void"":false}"
user_0133,2024-01-03 11:36:59.778695973,6.585572947878259,VIP,"{""base_score"":6.585573,""is_void"":false}"
user_0022,2024-01-08 09:00:07.672086843,6.7660206614704625,gold,"{""base_score"":6.766021,""is_void"":false}"
user_0089,2024-01-07 15:28:01.362792157,7.166847049916225,silver,"{""base_score"":7.166847,""is_void"":false}"
user_0035,2024-01-11 13:15:16.875511928,5.693901341343073,gold,"{""base_score"":5.693901,""is_void"":true}"
user_0018,2024-01-11 07:19:41.426850444,5.157906520025927,silver,"{""base_score"":5.157907,""is_void"":false}"
user_0116,2024-01-09 06:34:02.428167128,5.378139526410919,silver,"{""base_score"":5.37814,""is_void"":false}"
user_0021,2024-01-12 00:32:40.476602388,6.115752666121348,silver,"{""base_score"":6.115753,""is_void"":true}"
user_0100,2024-01-15 22:47:29.786764090,5.545790827575811,silver,"{""base_score"":5.545791,""is_void"":false}"
user_0103,2024-01-02 22:08:20.813930462,5.24451380152987,bronze,"{""base_score"":5.244514,""is_void"":false}"
user_0009,2024-01-04 17:48:55.991485659,4.994057740809601,silver,"{""base_score"":4.994058,""is_void"":true}"
user_0025,2024-01-09 08:06:55.947830561,5.530012530145064,bronze,"{""base_score"":5.530013,""is_void"":false}"
user_0119,2024-01-08 14:26:03.418457305,5.875725124451551,silver,"{""base_score"":5.875725,""is_void"":false}"
user_0076,2024-01-07 16:29:53.422864184,5.634380698169483,silver,"{""base_score"":5.634381,""is_void"":true}"
user_0018,2024-01-11 09:08:46.776693985,6.529252383757106,VIP,"{""base_score"":6.529252,""is_void"":false}"
user_0148,2024-01-05 11:04:03.182359315,6.239590046363619,bronze,"{""base_score"":6.23959,""is_void"":false}"
user_0039,2024-01-06 16:22:47.680702149,4.972970651961981,gold,"{""base_score"":4.972971,""is_void"":false}"
user_0000,2024-01-08 18:13:13.632702457,5.641778651963143,silver,"{""base_score"":5.641779,""is_void"":false}"
user_0138,2024-01-14 16:37:32.382930298,6.8853545103092255,bronze,"{""base_score"":6.885355,""is_void"":false}"
user_0002,2024-01-04 05:14:01.423443014,5.286201889291051,bronze,"{""base_score"":5.286202,""is_void"":false}"
user_0083,2024-01-11 09:31:38.949818643,5.516117146717293,bronze,"{""base_score"":5.516117,""is_void"":false}"
user_0148,2024-01-06 01:35:28.196026257,5.660115460938404,bronze,"{""base_score"":5.660115,""is_void"":false}"
user_0086,2024-01-03 18:52:24.699306198,5.430282375252331,bronze,"{""base_score"":5.430282,""is_void"":false}"
user_0087,2024-01-08 23:21:51.243439348,6.040449683619488,silver,"{""base_score"":6.04045,""is_void"":false}"
user_0058,2024-01-03 00:17:08.390104571,6.266075531504243,silver,"{""base_score"":6.266076,""is_void"":false}"
user_0019,2024-01-13 06:09:31.324724379,6.3997557623340215,bronze,"{""base_score"":6.399756,""is_void"":false}"
user_0085,2024-01-13 23:00:18.698991911,6.753194305440623,bronze,"{""base_score"":6.753194,""is_void"":true}"
user_0134,2024-01-09 14:47:11.891482998,3.9737768999609,bronze,"{""base_score"":3.973777,""is_void"":false}"
user_0013,2024-01-08 10:05:32.384269166,7.160124665153378,silver,"{""base_score"":7.160125,""is_void"":false}"
user_0132,2024-01-03 12:16:59.005346494,4.512076775187552,silver,"{""base_score"":4.512077,""is_void"":false}"
user_0062,2024-01-13 04:56:21.884057042,5.823780602039066,silver,"{""base_score"":5.823781,""is_void"":false}"
user_0080,2024-01-07 11:07:54.640950296,4.875267280834101,bronze,"{""base_score"":4.875267,""is_void"":false}"
user_0024,2024-01-05 13:36:49.961816715,5.722894675517034,bronze,"{""base_score"":5.722895,""is_void"":false}"
user_0093,2024-01-04 08:46:30.911548677,7.560412061538887,VIP,"{""base_score"":7.560412,""is_void"":false}"
user_0027,2024-01-06 03:23:42.593085968,5.351600475898395,bronze,"{""base_score"":5.3516,""is_void"":false}"
user_0040,2024-01-07 00:31:19.507908038,6.027176912947247,bronze,"{""base_score"":6.027177,""is_void"":true}"
user_0108,2024-01-10 17:37:11.037151157,5.519291577547902,bronze,"{""base_score"":5.519292,""is_void"":true}"
user_0007,2024-01-05 15:32:41.063665313,6.52478472590221,VIP,"{""base_score"":6.524785,""is_void"":false}"
user_0067,2024-01-09 06:25:34.439211667,5.454518111075718,gold,"{""base_score"":5.454518,""is_void"":false}"
user_0089,2024-01-08 03:32:42.069679276,6.892174657687316,gold,"{""base_score"":6.892175,""is_void"":true}"
user_0019,2024-01-13 21:03:27.061830012,6.905673039720731,VIP,"{""base_score"":6.905673,""is_void"":true}"
user_0044,2024-01-09 23:37:47.769049391,4.543836767959231,bronze,"{""base_score"":4.543837,""is_void"":false}"
user_0051,2024-01-08 04:31:31.603132269,7.514176398534301,VIP,"{""base_score"":7.514176,""is_void"":false}"
user_0099,2024-01-08 14:52:55.181918858,4.3711678379797565,bronze,"{""base_score"":4.371168,""is_void"":false}"
user_0146,2024-01-03 18:21:25.394200300,7.1399973889650425,gold,"{""base_score"":7.139997,""is_void"":false}"
user_0125,2024-01-04 21:11:20.723056558,4.68823811929064,silver,"{""base_score"":4.688238,""is_void"":false}"
user_0028,2024-01-04 08:25:02.185086737,4.964838635738503,silver,"{""base_score"":4.964839,""is_void"":false}"
user_0002,2024-01-04 12:40:27.450730824,6.168961223862397,VIP,"{""base_score"":6.168961,""is_void"":false}"
user_0007,2024-01-05 22:17:13.604310900,4.704144410243123,bronze,"{""base_score"":4.704144,""is_void"":true}"
user_0089,2024-01-08 06:39:01.563757939,6.8757546889353955,VIP,"{""base_score"":6.875755,""is_void"":false}"
user_0023,2024-01-04 20:00:16.944951284,7.226005886652038,silver,"{""base_score"":7.226006,""is_void"":true}"
user_0034,2024-01-05 20:12:48.378512179,6.8872090133639166,gold,"{""base_score"":6.887209,""is_void"":true}"
user_0127,2024-01-08 15:42:25.188488044,6.293756920408238,VIP,"{""base_score"":6.293757,""is_void"":true}"
user_0131,2024-01-08 12:46:17.454582919,3.8667006798035346,bronze,"{""base_score"":3.866701,""is_void"":true}"
user_0125,2024-01-05 12:23:59.443488455,5.534620502509129,VIP,"{""base_score"":5.534621,""is_void"":false}"
user_0038,2024-01-05 17:42:39.504514183,5.023849194837399,silver,"{""base_score"":5.023849,""is_void"":false}"
user_0092,2024-01-07 23:15:27.012789137,5.768168314604621,gold,"{""base_score"":5.768168,""is_void"":false}"
user_0091,2024-01-05 10:42:55.762714019,5.2990242299375945,bronze,"{""base_score"":5.299024,""is_void"":false}"
user_0027,2024-01-06 11:19:20.480746966,4.141043717494112,silver,"{""base_score"":4.141044,""is_void"":false}"
user_0083,2024-01-12 01:25:46.097093784,5.7116504660596314,gold,"{""base_score"":5.71165,""is_void"":true}"
user_0078,2024-01-05 22:46:14.004453406,6.556245902592142,silver,"{""base_score"":6.556246,""is_void"":false}"
user_0059,2024-01-03 07:28:07.376302373,6.677361994136712,bronze,"{""base_score"":6.677362,""is_void"":false}"
user_0112,2024-01-02 19:47:02.726285111,3.4891432814244467,bronze,"{""base_score"":3.489143,""is_void"":false}"
user_0101,2024-01-08 06:17:36.647312668,5.843092702709631,platinum,"{""base_score"":5.843093,""is_void"":false}"
user_0079,2024-01-09 20:55:45.657890669,5.002533185844672,bronze,"{""base_score"":5.002533,""is_void"":true}"
user_0108,2024-01-10 23:32:29.678282541,6.327461647517897,gold,"{""base_score"":6.327462,""is_void"":false}"
user_0114,2024-01-04 12:50:06.258695830,6.147099814602572,VIP,"{""base_score"":6.1471,""is_void"":false}"
user_0085,2024-01-14 11:32:26.547287959,7.236576195596606,bronze,"{""base_score"":7.236576,""is_void"":false}"
user_0040,2024-01-07 05:28:27.929726945,5.395823781427312,bronze,"{""base_score"":5.395824,""is_void"":true}"
user_0113,2024-01-09 11:52:14.024063557,5.555517084271628,gold,"{""base_score"":5.555517,""is_void"":false}"
user_0107,2024-01-04 09:19:19.209287578,7.189545249474639,bronze,"{""base_score"":7.189545,""is_void"":false}"
user_0147,2024-01-11 00:32:08.183694969,5.683950773922901,silver,"{""base_score"":5.683951,""is_void"":false}"
user_0022,2024-01-08 10:56:11.967682164,6.5649010366377105,gold,"{""base_score"":6.564901,""is_void"":false}"
user_0062,2024-01-13 06:36:39.436516415,5.832327678267225,silver,"{""base_score"":5.832328,""is_void"":true}"
user_0138,2024-01-15 02:08:54.619093002,5.193873589368852,silver,"{""base_score"":5.193874,""is_void"":false}"
user_0077,2024-01-12 05:31:17.029812472,6.1714426509441065,gold,"{""base_score"":6.171443,""is_void"":true}"
user_0141,2024-01-04 09:44:30.307339601,7.632619349251733,silver,"{""base_score"":7.632619,""is_void"":true}"
user_0001,2024-01-05 02:32:50.582750616,5.638414318684297,bronze,"{""base_score"":5.638414,""is_void"":false}"
user_0005,2024-01-07 15:02:22.284411836,6.659725328441295,silver,"{""base_score"":6.659725,""is_void"":false}"
user_0119,2024-01-09 01:47:04.785317757,6.031788889267551,platinum,"{""base_score"":6.031789,""is_void"":false}"
user_0053,2024-01-01 13:37:45.637221071,7.120207343568193,gold,"{""base_score"":7.120207,""is_void"":true}"
user_0078,2024-01-05 23:52:20.210821078,4.650428471426784,silver,"{""base_score"":4.650428,""is_void"":true}"
user_0064,2024-01-10 01:06:19.994230219,4.42787818671659,silver,"{""base_score"":4.427878,""is_void"":false}"
user_0061,2024-01-10 23:47:10.859823735,4.56944507305447,bronze,"{""base_score"":4.569445,""is_void"":false}"
user_0140,2024-01-04 17:51:06.018183755,7.764379495164845,bronze,"{""base_score"":7.764379,""is_void"":true}"
user_0014,2024-01-13 23:27:04.481336947,6.875734467131352,bronze,"{""base_score"":6.875734,""is_void"":false}"
user_0115,2024-01-04 22:57:03.049485332,6.781466050864575,VIP,"{""base_score"":6.781466,""is_void"":true}"
user_0133,2024-01-03 18:57:06.698605326,4.749366217010121,bronze,"{""base_score"":4.749366,""is_void"":false}"
user_0098,2024-01-05 18:27:34.002259657,5.086500418261935,platinum,"{""base_score"":5.0865,""is_void"":false}"
user_0059,2024-01-03 11:57:34.876173823,5.444874921199238,bronze,"{""base_score"":5.444875,""is_void"":false}"
user_0024,2024-01-05 16:57:26.077781818,5.194564914022589,bronze,"{""base_score"":5.194565,""is_void"":false}"
user_0102,2024-01-05 17:39:05.247592741,6.389240396330198,silver,"{""base_score"":6.38924,""is_void"":false}"
user_0070,2024-01-03 14:22:13.195137850,6.565628433999244,silver,"{""base_score"":6.565628,""is_void"":false}"
user_0022,2024-01-08 22:47:46.471943180,6.089241785710415,gold,"{""base_score"":6.089242,""is_void"":false}"
user_0053,2024-01-02 02:05:10.991246905,7.537709674857692,VIP,"{""base_score"":7.53771,""is_void"":false}"
user_0144,2024-01-09 00:25:44.927942498,5.912989145248888,platinum,"{""base_score"":5.912989,""is_void"":false}"
user_0039,2024-01-07 04:24:01.669102727,5.416118046843019,bronze,"{""base_score"":5.416118,""is_void"":false}"
user_0026,2024-01-09 09:03:43.010243526,5.425650488640176,gold,"{""base_score"":5.42565,""is_void"":false}"
user_0102,2024-01-06 05:48:56.028327783,5.726002541880672,bronze,"{""base_score"":5.726003,""is_void"":true}"
user_0029,2024-01-05 08:14:08.317696777,6.853190806592908,VIP,"{""base_score"":6.853191,""is_void"":true}"
user_0137,2024-01-11 21:30:49.959037614,6.103154239895315,silver,"{""base_score"":6.103154,""is_void"":true}"
user_0128,2024-01-13 02:13:34.576541317,6.968085443308786,silver,"{""base_score"":6.968085,""is_void"":false}"
user_0147,2024-01-11 13:30:22.491357187,4.044191104696471,bronze,"{""base_score"":4.044191,""is_void"":true}"
user_0136,2024-01-03 03:47:53.904111580,4.606493743102763,bronze,"{""base_score"":4.606494,""is_void"":false}"
user_0036,2024-01-08 19:41:22.973204672,4.556926628751707,bronze,"{""base_score"":4.556927,""is_void"":false}"
user_0031,2024-01-01 20:43:29.430606966,5.897208566037565,VIP,"{""base_score"":5.897209,""is_void"":true}"
user_0051,2024-01-08 13:42:19.771925044,5.818638665664225,gold,"{""base_score"":5.818639,""is_void"":false}"
user_0070,2024-01-04 01:06:45.373809028,6.6391589075651884,VIP,"{""base_score"":6.639159,""is_void"":false}"
user_0131,2024-01-08 13:51:26.923221428,6.383953078463237,bronze,"{""base_score"":6.383953,""is_void"":false}"
user_0110,2024-01-11 20:04:08.125168929,5.50111175033654,silver,"{""base_score"":5.501112,""is_void"":false}"
user_0096,2024-01-04 17:00:39.653738534,6.537413399005469,bronze,"{""base_score"":6.537413,""is_void"":true}"
user_0131,2024-01-08 21:24:13.403080691,5.977905968235278,silver,"{""base_score"":5.977906,""is_void"":false}"
user_0096,2024-01-04 23:21:48.348062066,5.685576017207128,silver,"{""base_score"":5.685576,""is_void"":false}"
user_0056,2024-01-07 13:32:43.020666182,5.653707793108476,bronze,"{""base_score"":5.653708,""is_void"":true}"
user_0061,2024-01-11 05:39:37.080429139,6.003817327100963,silver,"{""base_score"":6.003817,""is_void"":true}"
user_0077,2024-01-12 16:24:14.393562538,6.819254938069863,bronze,"{""base_score"":6.819255,""is_void"":false}"
user_0013,2024-01-08 15:09:18.992603114,6.020912026220645,silver,"{""base_score"":6.020912,""is_void"":false}"
user_0111,2024-01-06 05:29:41.833522893,4.937324598554928,gold,"{""base_score"":4.937325,""is_void"":false}"
user_0097,2024-01-13 16:50:44.787463585,4.638560691151997,bronze,"{""base_score"":4.638561,""is_void"":false}"
user_0109,2024-01-04 07:11:35.769567647,6.213226895716092,VIP,"{""base_score"":6.213227,""is_void"":false}"
user_0080,2024-01-07 22:31:12.532396384,3.5510925110399842,silver,"{""base_score"":3.551093,""is_void"":false}"
user_0117,2024-01-11 21:57:36.609906302,8.145947157625816,platinum,"{""base_score"":8.145947,""is_void"":true}"
user_0142,2024-01-08 23:02:12.976841117,6.2261737284714265,gold,"{""base_score"":6.226174,""is_void"":true}"
user_0085,2024-01-14 18:34:32.292979851,6.188954678093095,gold,"{""base_score"":6.188955,""is_void"":false}"
user_0066,2024-01-08 00:36:09.295289842,6.085499350888122,gold,"{""base_score"":6.085499,""is_void"":false}"
user_0015,2024-01-05 07:29:58.145370099,7.257373388004349,platinum,"{""base_score"":7.257373,""is_void"":true}"
user_0116,2024-01-09 19:22:24.468605218,5.1879255618456375,gold,"{""base_score"":5.187926,""is_void"":true}"
user_0135,2024-01-06 15:55:51.127263286,4.670652050067876,bronze,"{""base_score"":4.670652,""is_void"":true}"
user_0104,2024-01-12 11:04:46.428746998,4.6354290668073945,bronze,"{""base_score"":4.635429,""is_void"":false}"
user_0129,2024-01-08 19:51:29.913828328,6.693758337244767,gold,"{""base_score"":6.693758,""is_void"":false}"
user_0129,2024-01-08 23:47:34.994198647,6.2992464049224335,bronze,"{""base_score"":6.299246,""is_void"":false}"
user_0119,2024-01-09 05:45:24.391943085,6.57326788514704,bronze,"{""base_score"":6.573268,""is_void"":true}"
user_0075,2024-01-09 07:47:05.593879208,6.250612718022225,bronze,"{""base_score"":6.250613,""is_void"":false}"
user_0014,2024-01-14 02:01:38.707320182,5.7638003535270235,silver,"{""base_score"":5.7638,""is_void"":false}"
user_0000,2024-01-11 10:13:37.541724298,6.745569554098388,bronze,"{""base_score"":6.74557,""is_void"":false}"
user_0030,2024-01-03 18:11:15.594445014,5.019934272479761,gold,"{""base_score"":5.019934,""is_void"":false}"
user_0064,2024-01-10 05:26:11.454875597,4.631313127930137,gold,"{""base_score"":4.631313,""is_void"":false}"
user_0111,2024-01-06 12:06:09.890382280,6.120829216653031,platinum,"{""base_score"":6.120829,""is_void"":true}"
user_0068,2024-01-10 10:31:41.915328122,4.988820833253767,silver,"{""base_score"":4.988821,""is_void"":false}"
user_0003,2024-01-13 03:46:56.030309905,6.067135567897138,silver,"{""base_score"":6.067136,""is_void"":false}"
user_0031,2024-01-02 10:25:20.179304649,5.188521173454981,silver,"{""base_score"":5.188521,""is_void"":true}"
user_0146,2024-01-03 23:42:19.544481773,5.1090586663733815,silver,"{""base_score"":5.109059,""is_void"":false}"
user_0148,2024-01-06 14:53:31.678379499,6.649253514532847,gold,"{""base_score"":6.649254,""is_void"":false}"
user_0056,2024-01-08 05:21:11.671565828,6.922541469617554,bronze,"{""base_score"":6.922541,""is_void"":false}"
user_0120,2024-01-10 04:30:23.425778297,5.741229224546742,VIP,"{""base_score"":5.741229,""is_void"":false}"
user_0107,2024-01-04 19:20:10.576482463,4.894190162368398,bronze,"{""base_score"":4.89419,""is_void"":false}"
user_0139,2024-01-06 23:36:23.520458300,5.967732726245723,platinum,"{""base_score"":5.967733,""is_void"":false}"
user_0133,2024-01-04 05:06:53.829206113,6.308521814670243,silver,"{""base_score"":6.308522,""is_void"":false}"
user_0094,2024-01-06 21:28:16.550123523,5.3341253922423855,bronze,"{""base_score"":5.334125,""is_void"":false}"
user_0059,2024-01-04 02:34:49.120524281,5.610365843452734,gold,"{""base_score"":5.610366,""is_void"":false}"
user_0093,2024-01-04 10:32:22.426363708,6.2154727387280735,bronze,"{""base_score"":6.215473,""is_void"":false}"
user_0047,2024-01-08 09:15:58.654227730,6.687434446137622,gold,"{""base_score"":6.687434,""is_void"":false}"
user_0052,2024-01-03 17:39:31.025994279,5.803638888535968,silver,"{""base_score"":5.803639,""is_void"":false}"
user_0091,2024-01-05 12:32:03.571410044,4.8368140234726855,bronze,"{""base_score"":4.836814,""is_void"":false}"
user_0085,2024-01-15 05:00:33.412400598,6.117433428074643,bronze,"{""base_score"":6.117433,""is_void"":true}"
user_0087,2024-01-09 05:43:52.207851359,6.548320750711694,gold,"{""base_score"":6.548321,""is_void"":false}"
user_0057,2024-01-04 03:46:32.411678273,5.507617159055622,bronze,"{""base_score"":5.507617,""is_void"":false}"
user_0061,2024-01-13 17:54:48.270576867,5.815518149899686,platinum,"{""base_score"":5.815518,""is_void"":false}"
user_0001,2024-01-05 14:54:00.107076910,6.681708047468226,gold,"{""base_score"":6.681708,""is_void"":false}"
user_0090,2024-01-05 05:34:24.691478617,6.183292825891649,gold,"{""base_score"":6.183293,""is_void"":false}"
user_0086,2024-01-04 06:58:12.547232655,6.303677349249854,bronze,"{""base_score"":6.303677,""is_void"":false}"
user_0140,2024-01-04 20:08:23.041275233,8.07909137945718,gold,"{""base_score"":8.079091,""is_void"":false}"
user_0075,2024-01-09 10:46:32.859831212,7.285421734534406,VIP,"{""base_score"":7.285422,""is_void"":true}"
user_0070,2024-01-04 15:48:56.676820090,5.040404140794737,bronze,"{""base_score"":5.040404,""is_void"":false}"
user_0010,2024-01-03 02:40:50.076217791,7.119728026341411,silver,"{""base_score"":7.119728,""is_void"":false}"
user_0029,2024-01-05 12:02:38.771505629,5.430844677455006,bronze,"{""base_score"":5.430845,""is_void"":false}"
user_0050,2024-01-10 18:39:43.837712691,7.84566433267675,silver,"{""base_score"":7.845664,""is_void"":false}"
user_0056,2024-01-08 08:31:12.047139868,6.60129925074423,gold,"{""base_score"":6.601299,""is_void"":true}"
user_0054,2024-01-10 10:20:25.416029418,6.4231413803831146,silver,"{""base_score"":6.423141,""is_void"":false}"
user_0059,2024-01-04 04:46:07.728930655,6.024393295356611,silver,"{""base_score"":6.024393,""is_void"":false}"
user_0115,2024-01-05 09:35:49.352080570,5.97326075358396,silver,"{""base_score"":5.973261,""is_void"":false}"
user_0019,2024-01-14 07:57:10.455671233,5.280380279219366,bronze,"{""base_score"":5.28038,""is_void"":false}"
user_0049,2024-01-11 20:30:03.600948739,5.5776105705587,bronze,"{""base_score"":5.577611,""is_void"":false}"
user_0024,2024-01-06 00:44:38.237339586,6.691859299477414,platinum,"{""base_score"":6.691859,""is_void"":false}"
user_0046,2024-01-09 10:39:25.807721784,6.873424668415166,gold,"{""base_score"":6.873425,""is_void"":true}"
user_0102,2024-01-06 12:44:02.808883353,6.014759873229125,silver,"{""base_score"":6.01476,""is_void"":true}"
user_0007,2024-01-06 03:29:15.807083583,5.929537232663394,gold,"{""base_score"":5.929537,""is_void"":false}"
user_0050,2024-01-11 04:55:56.329673340,5.102807442162738,bronze,"{""base_score"":5.102807,""is_void"":false}"
user_0003,2024-01-13 07:22:11.674945611,5.119057543763034,bronze,"{""base_score"":5.119058,""is_void"":true}"
user_0143,2024-01-06 13:04:15.037051930,6.5462915368166055,bronze,"{""base_score"":6.546292,""is_void"":true}"
user_0109,2024-01-04 13:05:54.834034255,6.048741022164592,VIP,"{""base_score"":6.048741,""is_void"":false}"
user_0036,2024-01-10 22:25:18.253875891,6.356170433183453,gold,"{""base_score"":6.35617,""is_void"":false}"
user_0029,2024-01-06 02:59:51.840493879,6.081594417912879,gold,"{""base_score"":6.081594,""is_void"":true}"
user_0014,2024-01-14 08:15:59.255939205,5.612169251771141,bronze,"{""base_score"":5.612169,""is_void"":false}"
user_0070,2024-01-04 23:14:49.603595899,5.3541485408883505,bronze,"{""base_score"":5.354149,""is_void"":false}"
user_0113,2024-01-09 19:15:57.099278671,5.03772057503775,gold,"{""base_score"":5.037721,""is_void"":false}"
user_0087,2024-01-09 20:00:56.701442202,5.5638284856756055,silver,"{""base_score"":5.563828,""is_void"":false}"
user_0132,2024-01-03 23:09:09.329429188,7.300164876624432,VIP,"{""base_score"":7.300165,""is_void"":false}"
user_0051,2024-01-09 04:13:53.268495096,6.245143077952816,gold,"{""base_score"":6.245143,""is_void"":true}"
user_0041,2024-01-07 10:46:47.648836590,7.14536220031609,silver,"{""base_score"":7.145362,""is_void"":false}"
user_0071,2024-01-07 12:07:04.062939938,7.208337073958205,gold,"{""base_score"":7.208337,""is_void"":true}"
user_0030,2024-01-03 23:27:48.454984929,5.934779108657108,VIP,"{""base_score"":5.934779,""is_void"":false}"
user_0146,2024-01-04 01:31:19.327561070,5.822873390159018,silver,"{""base_score"":5.822873,""is_void"":false}"
user_0027,2024-01-06 20:22:29.214411881,6.411005860828909,gold,"{""base_score"":6.411006,""is_void"":false}"
user_0071,2024-01-07 20:16:07.712730396,5.875120673505324,VIP,"{""base_score"":5.875121,""is_void"":true}"
user_0078,2024-01-06 02:49:24.697731452,5.201884584344088,bronze,"{""base_score"":5.201885,""is_void"":false}"
user_0008,2024-01-10 02:11:49.396485283,6.979169896084247,platinum,"{""base_score"":6.97917,""is_void"":false}"
user_0070,2024-01-05 08:52:41.372796082,5.050444061347234,bronze,"{""base_score"":5.050444,""is_void"":true}"
user_0068,2024-01-10 17:17:35.402650631,5.78115756952977,gold,"{""base_score"":5.781158,""is_void"":false}"
user_0038,2024-01-05 20:49:47.516213110,5.7316131405897774,gold,"{""base_score"":5.731613,""is_void"":false}"
user_0019,2024-01-14 18:47:29.170133074,7.9801183764945245,gold,"{""base_score"":7.980118,""is_void"":true}"
user_0006,2024-01-09 22:37:58.754161826,4.421847586032842,silver,"{""base_score"":4.421848,""is_void"":false}"
user_0001,2024-01-06 04:15:02.227010926,6.3483182016775,gold,"{""base_score"":6.348318,""is_void"":false}"
user_0072,2024-01-02 10:13:27.023385829,5.167745127288711,bronze,"{""base_score"":5.167745,""is_void"":true}"
user_0013,2024-01-09 03:54:29.649949524,5.224800375456521,bronze,"{""base_score"":5.2248,""is_void"":false}"
user_0143,2024-01-07 03:57:09.275907938,4.998141144733145,bronze,"{""base_score"":4.998141,""is_void"":false}"
user_0036,2024-01-11 12:01:36.688288621,5.719120260620057,silver,"{""base_score"":5.71912,""is_void"":false}"
user_0097,2024-01-14 06:11:15.547274387,7.003105646015451,silver,"{""base_score"":7.003106,""is_void"":false}"
user_0101,2024-01-08 09:28:54.881180741,5.450427570833872,bronze,"{""base_score"":5.450428,""is_void"":false}"
user_0074,2024-01-14 16:39:54.222390127,7.511846054589471,platinum,"{""base_score"":7.511846,""is_void"":false}"
user_0132,2024-01-04 05:24:37.444253644,5.835220066102719,silver,"{""base_score"":5.83522,""is_void"":false}"
user_0016,2024-01-08 23:40:27.128057406,6.824327662276727,silver,"{""base_score"":6.824328,""is_void"":false}"
user_0035,2024-01-11 15:11:42.923231700,5.966755135408192,silver,"{""base_score"":5.966755,""is_void"":false}"
user_0037,2024-01-04 05:46:16.455909686,5.9181238508414955,bronze,"{""base_score"":5.918124,""is_void"":false}"
user_0020,2024-01-05 16:45:51.787805157,6.194641647663943,gold,"{""base_score"":6.194642,""is_void"":false}"
user_0044,2024-01-12 11:10:08.220778237,5.4126240991150345,silver,"{""base_score"":5.412624,""is_void"":false}"
user_0046,2024-01-09 11:52:13.311318816,3.8994052502629426,bronze,"{""base_score"":3.899405,""is_void"":false}"
user_0114,2024-01-05 00:54:35.481291259,5.522824542704449,VIP,"{""base_score"":5.522825,""is_void"":false}"
user_0045,2024-01-07 23:03:44.444237619,5.889313966927532,platinum,"{""base_score"":5.889314,""is_void"":false}"
user_0131,2024-01-09 03:11:41.744279481,6.387963151155469,gold,"{""base_score"":6.387963,""is_void"":false}"
user_0115,2024-01-05 22:08:13.736430336,5.913116765916908,platinum,"{""base_score"":5.913117,""is_void"":true}"
user_0135,2024-01-06 20:45:08.784628513,7.8333438407953295,VIP,"{""base_score"":7.833344,""is_void"":false}"
user_0015,2024-01-05 16:13:47.820206886,5.768297288523735,silver,"{""base_score"":5.768297,""is_void"":false}"
user_0147,2024-01-11 14:42:41.138147965,7.1945982640414305,gold,"{""base_score"":7.194598,""is_void"":false}"
user_0092,2024-01-08 08:53:29.750146119,6.591715465129313,gold,"{""base_score"":6.591715,""is_void"":false}"
user_0147,2024-01-11 18:53:00.579370670,4.462209410644243,bronze,"{""base_score"":4.462209,""is_void"":false}"
user_0053,2024-01-02 14:08:43.275331865,5.975358684217558,bronze,"{""base_score"":5.975359,""is_void"":false}"
user_0142,2024-01-09 08:57:42.672943153,5.497320741266127,bronze,"{""base_score"":5.497321,""is_void"":false}"
user_0088,2024-01-09 20:27:17.268683802,5.519772652643339,gold,"{""base_score"":5.519773,""is_void"":false}"
user_0010,2024-01-03 16:50:42.355245336,5.541595763966183,gold,"{""base_score"":5.541596,""is_void"":false}"
user_0061,2024-01-13 20:21:40.546019373,5.914438681628601,gold,"{""base_score"":5.914439,""is_void"":false}"
user_0020,2024-01-05 20:43:53.228303509,4.5966462284266685,silver,"{""base_score"":4.596646,""is_void"":false}"
user_0141,2024-01-04 18:11:16.220780430,6.398476299541178,bronze,"{""base_score"":6.398476,""is_void"":true}"
user_0045,2024-01-08 02:51:47.642946666,4.709488950784651,silver,"{""base_score"":4.709489,""is_void"":true}"
user_0033,2024-01-05 02:48:27.837411724,7.211434363985799,silver,"{""base_score"":7.211434,""is_void"":false}"
user_0082,2024-01-06 15:36:36.437808524,5.021074843610759,VIP,"{""base_score"":5.021075,""is_void"":false}"
user_0063,2024-01-02 19:35:39.530121312,6.260020597499404,platinum,"{""base_score"":6.260021,""is_void"":false}"
user_0014,2024-01-14 11:16:46.359781293,8.019180492217886,VIP,"{""base_score"":8.01918,""is_void"":false}"
user_0122,2024-01-08 06:09:51.292798405,5.824710363201876,platinum,"{""base_score"":5.82471,""is_void"":false}"
user_0126,2024-01-11 16:44:41.929996662,7.056632744485459,VIP,"{""base_score"":7.056633,""is_void"":false}"
user_0111,2024-01-07 02:50:52.613390839,5.547670448508593,silver,"{""base_score"":5.54767,""is_void"":false}"
user_0092,2024-01-08 22:10:32.663966793,4.950313471747144,bronze,"{""base_score"":4.950313,""is_void"":false}"
user_0060,2024-01-02 12:13:41.922461890,6.023974053415114,bronze,"{""base_score"":6.023974,""is_void"":false}"
user_0081,2024-01-16 04:42:07.097255393,5.053961230620944,silver,"{""base_score"":5.053961,""is_void"":false}"
user_0078,2024-01-06 09:21:53.609108193,5.267375892944489,bronze,"{""base_score"":5.267376,""is_void"":true}"
user_0024,2024-01-06 09:04:52.304304438,5.4963575455569424,bronze,"{""base_score"":5.496358,""is_void"":false}"
user_0012,2024-01-08 14:17:16.587040519,6.6266561731477465,VIP,"{""base_score"":6.626656,""is_void"":true}"
user_0037,2024-01-04 15:49:08.123524912,4.726488884135636,bronze,"{""base_score"":4.726489,""is_void"":true}"
user_0068,2024-01-11 02:22:13.571564660,7.571182845668845,VIP,"{""base_score"":7.571183,""is_void"":false}"
user_0024,2024-01-06 22:11:10.363833796,6.468247916779594,gold,"{""base_score"":6.468248,""is_void"":false}"
user_0016,2024-01-09 10:28:15.860105318,5.742959044422342,gold,"{""base_score"":5.742959,""is_void"":false}"
user_0127,2024-01-09 01:17:36.459369428,5.215726855250476,gold,"{""base_score"":5.215727,""is_void"":true}"
user_0056,2024-01-12 04:06:43.749763685,5.201881488786073,silver,"{""base_score"":5.201881,""is_void"":false}"
user_0087,2024-01-09 21:04:04.725321170,7.182918555745873,gold,"{""base_score"":7.182919,""is_void"":true}"
user_0078,2024-01-06 13:04:04.094488475,5.5778097173707835,bronze,"{""base_score"":5.57781,""is_void"":false}"
user_0110,2024-01-12 06:02:24.448360966,7.136677969264264,VIP,"{""base_score"":7.136678,""is_void"":false}"
user_0110,2024-01-12 19:14:58.879948184,5.143811672886408,silver,"{""base_score"":5.143812,""is_void"":false}"
user_0044,2024-01-12 19:04:54.492098066,4.930383872838913,bronze,"{""base_score"":4.930384,""is_void"":false}"
user_0127,2024-01-09 10:06:50.990517252,6.986930434134562,gold,"{""base_score"":6.98693,""is_void"":true}"
user_0055,2024-01-08 15:44:28.843617425,5.681367513211387,gold,"{""base_score"":5.681368,""is_void"":true}"
user_0125,2024-01-06 03:01:29.649580589,5.985678876227244,silver,"{""base_score"":5.985679,""is_void"":true}"
user_0060,2024-01-03 02:58:26.788624699,5.390616981596335,gold,"{""base_score"":5.390617,""is_void"":false}"
user_0016,2024-01-09 23:00:11.993941581,5.321501018237587,bronze,"{""base_score"":5.321501,""is_void"":false}"
user_0114,2024-01-05 13:45:57.809753656,7.254084305440859,gold,"{""base_score"":7.254084,""is_void"":false}"
user_0004,2024-01-04 21:43:11.968423364,4.884921483963206,bronze,"{""base_score"":4.884921,""is_void"":false}"
user_0115,2024-01-05 23:27:42.991682067,6.315547246064385,bronze,"{""base_score"":6.315547,""is_void"":false}"
user_0006,2024-01-10 14:37:57.513264380,3.6320741000143397,bronze,"{""base_score"":3.632074,""is_void"":false}"
user_0031,2024-01-02 13:02:39.100147235,5.523753727573319,silver,"{""base_score"":5.523754,""is_void"":true}"
user_0090,2024-01-05 17:43:48.605374988,5.459390162221346,silver,"{""base_score"":5.45939,""is_void"":false}"
user_0141,2024-01-05 02:43:19.228018112,7.300240188476881,silver,"{""base_score"":7.30024,""is_void"":false}"
user_0061,2024-01-13 21:43:19.271705729,4.103753446940062,bronze,"{""base_score"":4.103753,""is_void"":false}"
user_0018,2024-01-11 21:07:56.130089755,5.804509940636829,bronze,"{""base_score"":5.80451,""is_void"":false}"
user_0034,2024-01-06 03:52:13.069480063,7.244588914544246,silver,"{""base_score"":7.244589,""is_void"":false}"
user_0134,2024-01-10 02:49:12.421568794,4.374494301808717,bronze,"{""base_score"":4.374494,""is_void"":false}"
user_0109,2024-01-05 02:49:21.713626485,5.4941452677686415,gold,"{""base_score"":5.494145,""is_void"":false}"
user_0015,2024-01-06 01:59:04.416647965,6.8661883331541365,VIP,"{""base_score"":6.866188,""is_void"":true}"
user_0057,2024-01-04 12:57:12.058381902,4.929645542634888,silver,"{""base_score"":4.929646,""is_void"":false}"
user_0039,2024-01-10 14:13:13.419067052,6.144130142141977,VIP,"{""base_score"":6.14413,""is_void"":false}"
user_0026,2024-01-09 17:44:56.949805944,6.074054475421546,bronze,"{""base_score"":6.074054,""is_void"":true}"
user_0126,2024-01-12 03:49:53.517345522,6.10691926244693,bronze,"{""base_score"":6.106919,""is_void"":true}"
user_0092,2024-01-08 23:28:16.159061121,6.176608426631476,gold,"{""base_score"":6.176608,""is_void"":true}"
user_0026,2024-01-12 11:17:01.215675734,5.943982876191224,gold,"{""base_score"":5.943983,""is_void"":true}"
user_0097,2024-01-14 09:41:26.587727840,7.697214664663396,platinum,"{""base_score"":7.697215,""is_void"":true}"
user_0062,2024-01-13 11:03:50.849890499,6.676104499262569,bronze,"{""base_score"":6.676104,""is_void"":true}"
user_0009,2024-01-05 06:23:05.534897056,6.1114136418894045,gold,"{""base_score"":6.111414,""is_void"":false}"
user_0067,2024-01-09 10:00:42.115817224,6.878374952810545,silver,"{""base_score"":6.878375,""is_void"":false}"
user_0027,2024-01-06 22:40:54.197262429,7.039240267185874,silver,"{""base_score"":7.03924,""is_void"":false}"
user_0036,2024-01-11 13:42:35.979687962,5.336749259391711,bronze,"{""base_score"":5.336749,""is_void"":false}"
user_0131,2024-01-09 18:37:04.539376702,6.183446799910551,VIP,"{""base_score"":6.183447,""is_void"":false}"
user_0106,2024-01-04 21:18:21.181083609,4.576029944015865,bronze,"{""base_score"":4.57603,""is_void"":false}"
user_0020,2024-01-06 01:45:09.482553634,5.943121732535596,platinum,"{""base_score"":5.943122,""is_void"":false}"
user_0127,2024-01-09 16:52:02.792951688,6.3044269061523455,gold,"{""base_score"":6.304427,""is_void"":false}"
user_0086,2024-01-04 22:36:43.393307435,4.876169489826322,gold,"{""base_score"":4.876169,""is_void"":false}"
user_0131,2024-01-10 00:11:53.220635053,6.554169439519508,gold,"{""base_score"":6.554169,""is_void"":false}"
user_0112,2024-01-02 21:36:13.135048977,7.262521151293118,platinum,"{""base_score"":7.262521,""is_void"":false}"
user_0050,2024-01-11 06:02:23.569346162,5.8396356175731325,bronze,"{""base_score"":5.839636,""is_void"":true}"
user_0080,2024-01-08 09:35:21.675556962,4.501699921095528,bronze,"{""base_score"":4.5017,""is_void"":true}"
user_0079,2024-01-10 01:14:48.374527865,5.478368745179297,silver,"{""base_score"":5.478369,""is_void"":false}"
user_0107,2024-01-05 10:07:45.307980867,6.582627086167031,silver,"{""base_score"":6.582627,""is_void"":true}"
user_0037,2024-01-04 21:38:32.315431799,5.410251768852511,bronze,"{""base_score"":5.410252,""is_void"":true}"
user_0049,2024-01-12 10:54:05.895006460,5.712014580695156,bronze,"{""base_score"":5.712015,""is_void"":true}"
user_0036,2024-01-11 19:06:26.306920322,5.678000925462556,silver,"{""base_score"":5.678001,""is_void"":false}"
user_0044,2024-01-13 02:40:54.360985986,6.549085846819075,bronze,"{""base_score"":6.549086,""is_void"":false}"
user_0024,2024-01-07 12:26:39.163841636,4.184826197379712,bronze,"{""base_score"":4.184826,""is_void"":false}"
user_0005,2024-01-10 21:49:54.859874294,7.744523469372842,VIP,"{""base_score"":7.744523,""is_void"":false}"
user_0141,2024-01-05 18:22:19.427825639,5.6197496713253745,silver,"{""base_score"":5.61975,""is_void"":false}"
user_0011,2024-01-04 15:44:31.260679256,6.488132900989082,VIP,"{""base_score"":6.488133,""is_void"":false}"
user_0133,2024-01-06 23:00:03.725348675,7.506663077929194,VIP,"{""base_score"":7.506663,""is_void"":false}"
user_0000,2024-01-15 09:20:33.835978982,6.728541028876452,bronze,"{""base_score"":6.728541,""is_void"":false}"
user_0116,2024-01-09 20:47:39.306642620,7.219558994188372,gold,"{""base_score"":7.219559,""is_void"":true}"
user_0049,2024-01-15 05:08:57.133409256,6.49925432177712,gold,"{""base_score"":6.499254,""is_void"":false}"
user_0077,2024-01-13 06:06:28.736533634,6.600049856075868,gold,"{""base_score"":6.60005,""is_void"":true}"
user_0042,2024-01-06 13:05:17.027188367,5.4375898352187395,bronze,"{""base_score"":5.43759,""is_void"":false}"
user_0073,2024-01-12 23:24:51.805245937,2.8071045673470856,bronze,"{""base_score"":2.807105,""is_void"":false}"
user_0067,2024-01-10 01:58:37.446339046,6.325867626662716,bronze,"{""base_score"":6.325868,""is_void"":false}"
user_0079,2024-01-10 08:50:15.015086536,6.258533596416892,gold,"{""base_score"":6.258534,""is_void"":true}"
user_0058,2024-01-03 14:52:17.714558637,7.14060078312816,VIP,"{""base_score"":7.140601,""is_void"":false}"
user_0080,2024-01-08 22:45:25.708128844,6.388260392336223,gold,"{""base_score"":6.38826,""is_void"":false}"
user_0123,2024-01-10 16:29:55.779908078,5.4157463515394015,gold,"{""base_score"":5.415746,""is_void"":false}"
user_0065,2024-01-10 23:49:18.330565092,5.859608728062064,VIP,"{""base_score"":5.859609,""is_void"":false}"
user_0054,2024-01-10 20:20:25.351691640,7.520854173735811,gold,"{""base_score"":7.520854,""is_void"":false}"
user_0019,2024-01-15 10:33:33.508289542,5.737769134317406,bronze,"{""base_score"":5.737769,""is_void"":false}"
user_0053,2024-01-02 23:45:11.901748764,6.355789791990563,platinum,"{""base_score"":6.35579,""is_void"":true}"
user_0018,2024-01-12 12:55:00.458565503,5.572880192375922,silver,"{""base_score"":5.57288,""is_void"":false}"
user_0027,2024-01-07 00:39:34.157992193,6.459713054818309,bronze,"{""base_score"":6.459713,""is_void"":false}"
user_0142,2024-01-09 23:24:37.039298851,6.120448475038242,silver,"{""base_score"":6.120448,""is_void"":false}"
user_0013,2024-01-09 16:02:30.235784841,6.079104750810091,VIP,"{""base_score"":6.079105,""is_void"":false}"
user_0072,2024-01-02 17:27:11.271265978,6.69272941840971,bronze,"{""base_score"":6.692729,""is_void"":false}"
user_0125,2024-01-06 16:09:32.003910492,6.6175221216491265,silver,"{""base_score"":6.617522,""is_void"":false}"
user_0142,2024-01-10 10:40:57.960424705,4.85149688385436,bronze,"{""base_score"":4.851497,""is_void"":false}"
user_0022,2024-01-09 12:27:52.495368702,4.522252745924966,bronze,"{""base_score"":4.522253,""is_void"":false}"
user_0024,2024-01-08 00:34:21.184250898,5.937093197109886,bronze,"{""base_score"":5.937093,""is_void"":false}"
user_0055,2024-01-08 18:48:44.176980829,6.5140318296101745,gold,"{""base_score"":6.514032,""is_void"":true}"
user_0083,2024-01-12 03:15:28.289016968,5.051650196897551,platinum,"{""base_score"":5.05165,""is_void"":true}"
user_0143,2024-01-07 18:28:51.649675442,5.050265444649246,bronze,"{""base_score"":5.050265,""is_void"":false}"
user_0031,2024-01-06 05:26:41.443491408,8.080368674827982,bronze,"{""base_score"":8.080369,""is_void"":true}"
user_0024,2024-01-08 12:06:07.180223068,5.107687931088719,bronze,"{""base_score"":5.107688,""is_void"":false}"
user_0037,2024-01-05 07:17:48.937733993,4.943880090384422,bronze,"{""base_score"":4.94388,""is_void"":false}"
user_0131,2024-01-10 01:14:12.465601329,4.957019793302336,silver,"{""base_score"":4.95702,""is_void"":true}"
user_0004,2024-01-05 12:57:30.503558078,7.684623925483204,gold,"{""base_score"":7.684624,""is_void"":false}"
user_0057,2024-01-04 19:32:50.771838664,7.2007241812803535,gold,"{""base_score"":7.200724,""is_void"":false}"
user_0017,2024-01-16 11:04:12.645860358,7.345653310142104,silver,"{""base_score"":7.345653,""is_void"":false}"
user_0023,2024-01-05 07:34:34.924622297,6.043154048304823,silver,"{""base_score"":6.043154,""is_void"":false}"
user_0137,2024-01-12 02:19:19.649751525,6.680498396272961,bronze,"{""base_score"":6.680498,""is_void"":true}"
user_0000,2024-01-18 04:26:15.900050259,5.2757057474886055,bronze,"{""base_score"":5.275706,""is_void"":false}"
user_0048,2024-01-05 17:49:42.513946702,7.091458616276447,VIP,"{""base_score"":7.091459,""is_void"":true}"
user_0137,2024-01-12 06:39:31.702290675,6.707285964042542,gold,"{""base_score"":6.707286,""is_void"":false}"
user_0091,2024-01-05 14:08:36.422169003,8.119036265995588,VIP,"{""base_score"":8.119036,""is_void"":true}"
user_0010,2024-01-04 05:16:17.481932727,7.664630308212161,VIP,"{""base_score"":7.66463,""is_void"":true}"
user_0069,2024-01-08 19:53:58.968758460,5.604282329144662,gold,"{""base_score"":5.604282,""is_void"":false}"
user_0145,2024-01-13 10:07:59.169653423,7.193077403571795,VIP,"{""base_score"":7.193077,""is_void"":false}"
user_0060,2024-01-03 18:50:47.048651632,4.900230612649133,silver,"{""base_score"":4.900231,""is_void"":false}"
user_0079,2024-01-10 23:51:55.928021905,3.863719117539898,bronze,"{""base_score"":3.863719,""is_void"":false}"
user_0079,2024-01-11 07:37:43.084769315,6.3856872482619496,bronze,"{""base_score"":6.385687,""is_void"":false}"
user_0099,2024-01-08 21:23:59.499232499,4.492927685807807,bronze,"{""base_score"":4.492928,""is_void"":false}"
user_0028,2024-01-04 17:05:34.102394915,4.537366511601472,bronze,"{""base_score"":4.537367,""is_void"":false}"
user_0125,2024-01-06 19:46:01.121074027,6.5127223848812905,silver,"{""base_score"":6.512722,""is_void"":false}"
user_0148,2024-01-06 21:54:56.509884875,7.296658375423316,gold,"{""base_score"":7.296658,""is_void"":false}"
user_0021,2024-01-12 09:28:24.978321648,6.349706258879996,gold,"{""base_score"":6.349706,""is_void"":false}"
user_0122,2024-01-08 21:37:08.794699388,7.293937890410093,silver,"{""base_score"":7.293938,""is_void"":false}"
user_0122,2024-01-09 13:12:45.670110800,5.753750981500873,bronze,"{""base_score"":5.753751,""is_void"":false}"
user_0111,2024-01-07 13:53:41.818530613,6.526395601187954,gold,"{""base_score"":6.526396,""is_void"":false}"
user_0055,2024-01-09 08:34:23.807661631,5.928802327954388,silver,"{""base_score"":5.928802,""is_void"":false}"
user_0070,2024-01-09 01:05:42.537161608,4.441198986837502,bronze,"{""base_score"":4.441199,""is_void"":false}"
user_0125,2024-01-07 06:51:55.002536530,6.213724310053758,bronze,"{""base_score"":6.213724,""is_void"":false}"
user_0022,2024-01-09 18:59:38.145677509,3.9234595650543818,silver,"{""base_score"":3.92346,""is_void"":false}"
user_0124,2024-01-11 12:14:35.363496077,4.823832505154858,bronze,"{""base_score"":4.823833,""is_void"":false}"
user_0138,2024-01-15 06:31:13.338593877,7.1437935914943,platinum,"{""base_score"":7.143794,""is_void"":true}"
user_0102,2024-01-06 22:29:46.346227249,5.559038835562506,gold,"{""base_score"":5.559039,""is_void"":false}"
user_0051,2024-01-09 17:41:06.871582028,5.814298167901352,gold,"{""base_score"":5.814298,""is_void"":false}"
user_0083,2024-01-12 12:55:21.116132021,6.493831129052231,bronze,"{""base_score"":6.493831,""is_void"":false}"
user_0007,2024-01-06 12:24:40.800937299,7.606477045374419,platinum,"{""base_score"":7.606477,""is_void"":false}"
user_0139,2024-01-07 10:14:27.595530689,5.679358440923802,gold,"{""base_score"":5.679358,""is_void"":false}"
user_0051,2024-01-10 02:19:38.504579008,5.00052988965854,bronze,"{""base_score"":5.00053,""is_void"":false}"
user_0008,2024-01-10 10:08:32.225371045,5.108930012470358,gold,"{""base_score"":5.10893,""is_void"":false}"
user_0119,2024-01-09 16:44:55.471594422,6.612416843906094,silver,"{""base_score"":6.612417,""is_void"":false}"
user_0098,2024-01-06 07:08:58.451412587,5.4335699199131895,silver,"{""base_score"":5.43357,""is_void"":false}"
user_0093,2024-01-04 15:04:34.069704300,4.096164056208242,bronze,"{""base_score"":4.096164,""is_void"":false}"
user_0008,2024-01-10 11:49:17.627525995,5.811640236836711,silver,"{""base_score"":5.81164,""is_void"":true}"
user_0112,2024-01-03 11:04:00.702779595,5.393938528728454,bronze,"{""base_score"":5.393939,""is_void"":false}"
user_0095,2024-01-14 17:20:29.071656445,5.94997346041045,bronze,"{""base_score"":5.949973,""is_void"":true}"
user_0119,2024-01-10 06:42:03.631532485,5.59045826755501,bronze,"{""base_score"":5.590458,""is_void"":false}"
user_0124,2024-01-14 08:00:23.848600338,6.496618629053698,VIP,"{""base_score"":6.496619,""is_void"":false}"
user_0031,2024-01-06 12:20:32.984611234,7.1742043699075815,bronze,"{""base_score"":7.174204,""is_void"":false}"
user_0031,2024-01-06 17:19:54.257629907,5.990581598414808,silver,"{""base_score"":5.990582,""is_void"":false}"
user_0138,2024-01-15 09:48:03.277609385,6.903259640664295,silver,"{""base_score"":6.90326,""is_void"":false}"
user_0079,2024-01-11 15:12:03.829054075,6.4929440221081665,platinum,"{""base_score"":6.492944,""is_void"":true}"
user_0065,2024-01-11 04:26:08.306513341,6.058376828644559,silver,"{""base_score"":6.058377,""is_void"":false}"
user_0043,2024-01-10 06:41:58.349087515,5.524333135369418,VIP,"{""base_score"":5.524333,""is_void"":true}"
user_0095,2024-01-15 00:56:48.252058864,4.81088707746837,bronze,"{""base_score"":4.810887,""is_void"":false}"
user_0113,2024-01-10 02:52:24.421937703,3.925950138335821,bronze,"{""base_score"":3.92595,""is_void"":false}"
user_0000,2024-01-18 12:18:19.378498902,5.87602565853412,silver,"{""base_score"":5.876026,""is_void"":false}"
user_0082,2024-01-07 06:16:22.410656846,6.639625348826289,silver,"{""base_score"":6.639625,""is_void"":false}"
user_0149,2024-01-08 15:15:05.037730529,5.993032900235345,platinum,"{""base_score"":5.993033,""is_void"":true}"
user_0042,2024-01-06 23:45:26.292815045,7.424341448733344,platinum,"{""base_score"":7.424341,""is_void"":false}"
user_0042,2024-01-07 12:56:06.022507073,7.263668742018916,silver,"{""base_score"":7.263669,""is_void"":true}"
user_0131,2024-01-10 06:14:42.192413146,6.848718027779039,VIP,"{""base_score"":6.848718,""is_void"":false}"
user_0009,2024-01-05 20:06:57.101992606,6.965124070008177,silver,"{""base_score"":6.965124,""is_void"":false}"
user_0059,2024-01-04 19:24:13.739843662,5.844413945229285,bronze,"{""base_score"":5.844414,""is_void"":false}"
user_0068,2024-01-11 03:47:24.845761942,5.75831132215483,silver,"{""base_score"":5.758311,""is_void"":true}"
user_0119,2024-01-10 16:10:57.159269161,6.25167548703492,bronze,"{""base_score"":6.251675,""is_void"":false}"
user_0019,2024-01-16 01:41:25.165907794,8.18697503530067,platinum,"{""base_score"":8.186975,""is_void"":false}"
user_0065,2024-01-11 09:39:13.829767345,4.598434697617166,bronze,"{""base_score"":4.598435,""is_void"":false}"
user_0022,2024-01-09 20:03:06.795323962,5.117033485655643,silver,"{""base_score"":5.117033,""is_void"":false}"
user_0118,2024-01-03 07:27:34.437273468,5.0925673615131775,silver,"{""base_score"":5.092567,""is_void"":true}"
user_0094,2024-01-07 08:50:33.100147128,6.324478063346444,bronze,"{""base_score"":6.324478,""is_void"":true}"
user_0074,2024-01-16 22:01:06.847629269,6.364796559710766,bronze,"{""base_score"":6.364797,""is_void"":false}"
user_0058,2024-01-07 12:38:41.400932352,5.617177958206582,gold,"{""base_score"":5.617178,""is_void"":true}"
user_0022,2024-01-10 03:27:57.519717564,3.7761836063410636,bronze,"{""base_score"":3.776184,""is_void"":false}"
user_0138,2024-01-15 23:54:19.823916918,5.7906859359084635,silver,"{""base_score"":5.790686,""is_void"":false}"
user_0097,2024-01-14 21:17:27.265417533,6.886139860943759,silver,"{""base_score"":6.88614,""is_void"":false}"
user_0047,2024-01-08 14:41:10.083025921,5.100156206871778,bronze,"{""base_score"":5.100156,""is_void"":true}"
user_0062,2024-01-13 15:24:32.271135692,6.217940772816563,bronze,"{""base_score"":6.217941,""is_void"":true}"
user_0108,2024-01-11 15:01:06.935789661,5.833985681561173,gold,"{""base_score"":5.833986,""is_void"":false}"
user_0107,2024-01-05 23:49:42.475115155,8.267942080823671,VIP,"{""base_score"":8.267942,""is_void"":false}"
user_0069,2024-01-09 00:29:07.114834631,5.58716833320505,bronze,"{""base_score"":5.587168,""is_void"":false}"
user_0045,2024-01-08 11:22:18.312829354,6.626369860531973,VIP,"{""base_score"":6.62637,""is_void"":false}"
user_0098,2024-01-06 14:20:09.665451969,5.765538395450431,silver,"{""base_score"":5.765538,""is_void"":false}"
user_0098,2024-01-07 02:21:57.585712811,6.457900427936968,gold,"{""base_score"":6.4579,""is_void"":false}"
user_0089,2024-01-08 20:47:25.420082803,6.976462379993708,gold,"{""base_score"":6.976462,""is_void"":false}"
user_0010,2024-01-04 10:20:18.864698934,5.975739630974125,gold,"{""base_score"":5.97574,""is_void"":true}"
user_0070,2024-01-09 14:09:27.789219370,6.975008697958543,platinum,"{""base_score"":6.975009,""is_void"":false}"
user_0092,2024-01-09 07:43:19.706567069,6.552262814502777,silver,"{""base_score"":6.552263,""is_void"":true}"
user_0142,2024-01-10 21:58:26.878267827,6.3088747700890275,silver,"{""base_score"":6.308875,""is_void"":false}"
user_0078,2024-01-06 19:09:33.057931955,6.110645280093022,silver,"{""base_score"":6.110645,""is_void"":false}"
user_0051,2024-01-10 03:47:11.477495262,4.610225180450011,bronze,"{""base_score"":4.610225,""is_void"":false}"
user_0083,2024-01-12 22:45:15.615836286,5.179999501486876,gold,"{""base_score"":5.18,""is_void"":true}"
user_0026,2024-01-12 16:02:38.097109223,4.7229335325240145,bronze,"{""base_score"":4.722934,""is_void"":false}"
user_0013,2024-01-09 21:49:03.093125152,5.915786185070209,bronze,"{""base_score"":5.915786,""is_void"":false}"
user_0101,2024-01-08 20:22:18.575780011,5.2303556040848935,bronze,"{""base_score"":5.230356,""is_void"":true}"
user_0147,2024-01-12 02:43:08.209811814,4.440900459580408,bronze,"{""base_score"":4.4409,""is_void"":false}"
user_0126,2024-01-12 13:30:07.636733198,5.603266685222921,gold,"{""base_score"":5.603267,""is_void"":false}"
user_0087,2024-01-10 01:51:50.188432847,5.089371198868928,gold,"{""base_score"":5.089371,""is_void"":false}"
user_0006,2024-01-10 18:44:07.540796262,3.4213579370781684,silver,"{""base_score"":3.421358,""is_void"":false}"
user_0148,2024-01-07 01:06:52.228999994,5.282868306502689,bronze,"{""base_score"":5.282868,""is_void"":false}"
user_0067,2024-01-10 05:45:46.782260480,7.524789701182247,silver,"{""base_score"":7.52479,""is_void"":false}"
user_0043,2024-01-10 17:59:21.682542539,7.032022253247806,silver,"{""base_score"":7.032022,""is_void"":false}"
user_0133,2024-01-07 10:23:55.289799461,5.34815710859282,gold,"{""base_score"":5.348157,""is_void"":true}"
user_0111,2024-01-07 19:57:29.315852085,6.013791165715437,silver,"{""base_score"":6.013791,""is_void"":false}"
user_0112,2024-01-03 22:50:53.784993994,4.278294694959321,silver,"{""base_score"":4.278295,""is_void"":false}"
user_0041,2024-01-07 16:41:16.764680026,5.225592431500601,silver,"{""base_score"":5.225592,""is_void"":false}"
user_0148,2024-01-07 06:08:48.898819971,5.931156022896778,VIP,"{""base_score"":5.931156,""is_void"":false}"
user_0067,2024-01-13 10:57:24.421605305,5.88904678964895,gold,"{""base_score"":5.889047,""is_void"":false}"
user_0079,2024-01-11 20:21:03.688524464,5.985450785734431,silver,"{""base_score"":5.985451,""is_void"":true}"
user_0112,2024-01-04 04:08:37.204601286,5.652720119740979,silver,"{""base_score"":5.65272,""is_void"":false}"
user_0098,2024-01-07 13:54:49.598117717,5.772220305330328,bronze,"{""base_score"":5.77222,""is_void"":true}"
user_0025,2024-01-09 21:42:43.055236075,6.4260028270056715,VIP,"{""base_score"":6.426003,""is_void"":false}"
user_0045,2024-01-08 19:37:24.462265139,5.089882147766472,silver,"{""base_score"":5.089882,""is_void"":false}"
user_0054,2024-01-11 09:13:16.908946568,4.623554389197833,bronze,"{""base_score"":4.623554,""is_void"":false}"
user_0142,2024-01-11 02:36:27.212460376,5.412285226226807,VIP,"{""base_score"":5.412285,""is_void"":false}"
user_0107,2024-01-06 11:56:46.871504531,5.561814632908689,gold,"{""base_score"":5.561815,""is_void"":false}"
user_0054,2024-01-11 10:48:18.617609044,6.018362779510205,bronze,"{""base_score"":6.018363,""is_void"":false}"
user_0110,2024-01-13 03:44:56.582798314,4.757934980621012,bronze,"{""base_score"":4.757935,""is_void"":false}"
user_0110,2024-01-13 11:42:38.029464671,3.531485096851292,bronze,"{""base_score"":3.531485,""is_void"":true}"
user_0059,2024-01-07 05:03:52.223618089,5.775796705647087,silver,"{""base_score"":5.775797,""is_void"":false}"
user_0060,2024-01-04 06:15:34.769874784,4.854789103186059,bronze,"{""base_score"":4.854789,""is_void"":false}"
user_0134,2024-01-12 05:51:24.154254312,7.80195786229752,VIP,"{""base_score"":7.801958,""is_void"":true}"
user_0084,2024-01-10 01:11:23.598951942,6.419405552946157,VIP,"{""base_score"":6.419406,""is_void"":false}"
user_0022,2024-01-10 06:19:17.426743224,6.436201635508222,silver,"{""base_score"":6.436202,""is_void"":false}"
user_0107,2024-01-07 00:36:17.038747141,7.633243363828195,gold,"{""base_score"":7.633243,""is_void"":false}"
user_0088,2024-01-10 11:40:51.244612239,4.421779899763493,bronze,"{""base_score"":4.42178,""is_void"":false}"
user_0076,2024-01-07 17:56:21.541405836,5.87223593280197,bronze,"{""base_score"":5.872236,""is_void"":false}"
user_0108,2024-01-12 02:38:44.862200145,6.701317890233344,gold,"{""base_score"":6.701318,""is_void"":false}"
user_0136,2024-01-05 21:42:17.285789585,5.594080942522367,bronze,"{""base_score"":5.594081,""is_void"":false}"
user_0049,2024-01-15 09:26:21.797743482,5.666150123888344,bronze,"{""base_score"":5.66615,""is_void"":true}"
user_0062,2024-01-14 02:17:43.509407009,5.416321605582953,silver,"{""base_score"":5.416322,""is_void"":false}"
user_0028,2024-01-05 07:45:15.932937721,5.203054656689359,bronze,"{""base_score"":5.203055,""is_void"":true}"
user_0097,2024-01-15 00:32:10.483539352,6.065767900454832,silver,"{""base_score"":6.065768,""is_void"":false}"
user_0060,2024-01-04 17:05:52.400675382,6.934967771491937,gold,"{""base_score"":6.934968,""is_void"":false}"
user_0051,2024-01-10 05:53:49.782618530,7.32369878472155,platinum,"{""base_score"":7.323699,""is_void"":false}"
user_0104,2024-01-12 16:39:19.928835913,6.624289047412394,gold,"{""base_score"":6.624289,""is_void"":true}"
user_0061,2024-01-14 08:04:35.280854072,6.542109183203947,platinum,"{""base_score"":6.542109,""is_void"":true}"
user_0069,2024-01-09 11:25:32.279746207,6.233160265843791,silver,"{""base_score"":6.23316,""is_void"":false}"
user_0066,2024-01-08 04:24:59.215706147,7.965843027909669,platinum,"{""base_score"":7.965843,""is_void"":false}"
user_0038,2024-01-06 10:15:46.976374428,6.699720759287547,silver,"{""base_score"":6.699721,""is_void"":false}"
user_0018,2024-01-12 19:20:57.837060287,5.264964540627308,bronze,"{""base_score"":5.264965,""is_void"":false}"
user_0124,2024-01-14 11:07:17.164981758,6.937205667842237,VIP,"{""base_score"":6.937206,""is_void"":false}"
user_0013,2024-01-10 11:55:05.275763428,6.515750858683055,bronze,"{""base_score"":6.515751,""is_void"":false}"
user_0048,2024-01-06 09:32:03.147430931,5.085042130288212,bronze,"{""base_score"":5.085042,""is_void"":false}"
user_0100,2024-01-16 00:33:21.466135009,4.556607894791041,bronze,"{""base_score"":4.556608,""is_void"":true}"
user_0019,2024-01-16 09:06:46.194243761,6.319092496490809,silver,"{""base_score"":6.319092,""is_void"":false}"
user_0098,2024-01-07 20:49:40.495052742,5.481149974565621,silver,"{""base_score"":5.48115,""is_void"":true}"
user_0109,2024-01-05 12:27:41.354547912,4.451912485394496,silver,"{""base_score"":4.451912,""is_void"":false}"
user_0099,2024-01-09 01:18:23.158694622,6.408642532834544,platinum,"{""base_score"":6.408643,""is_void"":true}"
user_0045,2024-01-09 03:13:44.809550718,5.8102687599704534,bronze,"{""base_score"":5.810269,""is_void"":false}"
user_0002,2024-01-07 22:14:18.170699270,4.377730366795476,silver,"{""base_score"":4.37773,""is_void"":false}"
user_0133,2024-01-07 19:45:29.454495042,6.554484587405558,silver,"{""base_score"":6.554485,""is_void"":false}"
user_0048,2024-01-08 18:33:16.173038484,4.6487786376753455,platinum,"{""base_score"":4.648779,""is_void"":false}"
user_0120,2024-01-10 10:05:29.207642294,5.342573618416191,bronze,"{""base_score"":5.342574,""is_void"":false}"
user_0029,2024-01-06 07:25:49.551537500,6.5696212036496755,bronze,"{""base_score"":6.569621,""is_void"":true}"
user_0024,2024-01-08 22:26:41.131492316,5.250314681304872,silver,"{""base_score"":5.250315,""is_void"":false}"
user_0116,2024-01-10 03:14:05.450038332,6.1946035300340405,gold,"{""base_score"":6.194604,""is_void"":true}"
user_0140,2024-01-05 04:50:41.278372007,7.660059318051267,gold,"{""base_score"":7.660059,""is_void"":false}"
user_0129,2024-01-09 04:33:23.971089688,4.873007073328381,silver,"{""base_score"":4.873007,""is_void"":false}"
user_0112,2024-01-04 11:21:06.684010368,5.914236784727681,gold,"{""base_score"":5.914237,""is_void"":true}"
user_0037,2024-01-05 21:51:42.551673150,6.007794610456807,silver,"{""base_score"":6.007795,""is_void"":false}"
user_0136,2024-01-06 07:54:50.362399062,6.995462367827127,bronze,"{""base_score"":6.995462,""is_void"":false}"
user_0100,2024-01-16 02:26:02.641593664,4.6383900724809095,bronze,"{""base_score"":4.63839,""is_void"":false}"
user_0025,2024-01-10 08:52:47.730908552,4.896518609560501,bronze,"{""base_score"":4.896519,""is_void"":false}"
user_0019,2024-01-16 13:57:29.166740049,5.184104636530646,silver,"{""base_score"":5.184105,""is_void"":true}"
user_0130,2024-01-03 17:08:40.468547927,4.983554135919859,silver,"{""base_score"":4.983554,""is_void"":true}"
user_0041,2024-01-07 21:34:46.445609492,7.184525167010429,silver,"{""base_score"":7.184525,""is_void"":false}"
user_0114,2024-01-06 01:25:06.041399500,6.096579926878937,silver,"{""base_score"":6.09658,""is_void"":false}"
user_0020,2024-01-06 14:57:52.565234976,4.98552124076289,silver,"{""base_score"":4.985521,""is_void"":false}"
user_0042,2024-01-08 02:39:42.683125290,6.048665109552894,gold,"{""base_score"":6.048665,""is_void"":false}"
user_0042,2024-01-10 05:40:29.518971940,6.012480216929812,gold,"{""base_score"":6.01248,""is_void"":false}"
user_0042,2024-01-10 08:55:30.804015869,5.684139384579182,silver,"{""base_score"":5.684139,""is_void"":true}"
user_0101,2024-01-08 21:35:00.448781375,4.725951955197755,silver,"{""base_score"":4.725952,""is_void"":false}"
user_0137,2024-01-12 21:09:06.331480315,5.890107297123838,silver,"{""base_score"":5.890107,""is_void"":false}"
user_0136,2024-01-06 23:17:21.414309183,5.6198008601561185,silver,"{""base_score"":5.619801,""is_void"":false}"
user_0111,2024-01-08 03:37:06.288839763,5.296274620063229,silver,"{""base_score"":5.296275,""is_void"":true}"
user_0030,2024-01-04 13:54:22.373055391,5.325909023926918,silver,"{""base_score"":5.325909,""is_void"":false}"
user_0144,2024-01-09 16:01:18.069151673,6.3154718476302465,gold,"{""base_score"":6.315472,""is_void"":false}"
user_0081,2024-01-16 08:43:54.494072228,6.077393705172936,gold,"{""base_score"":6.077394,""is_void"":false}"
user_0081,2024-01-16 23:56:20.133280302,5.607524204012505,bronze,"{""base_score"":5.607524,""is_void"":false}"
user_0105,2024-01-10 10:10:15.780610281,7.487182544251481,silver,"{""base_score"":7.487183,""is_void"":false}"
user_0115,2024-01-06 14:37:25.846734300,8.590422848606023,platinum,"{""base_score"":8.590423,""is_void"":false}"
user_0142,2024-01-11 16:34:01.252070555,4.152773958834885,bronze,"{""base_score"":4.152774,""is_void"":false}"
user_0087,2024-01-12 18:48:07.101668136,6.4469546951752905,platinum,"{""base_score"":6.446955,""is_void"":false}"
user_0091,2024-01-05 22:19:49.717162001,4.686204358205535,bronze,"{""base_score"":4.686204,""is_void"":false}"
user_0111,2024-01-08 18:53:58.197323799,6.7493556173557705,silver,"{""base_score"":6.749356,""is_void"":false}"
user_0038,2024-01-07 00:43:44.436134829,5.190138647422612,silver,"{""base_score"":5.190139,""is_void"":false}"
user_0046,2024-01-09 13:15:36.099555928,5.38343045426094,bronze,"{""base_score"":5.38343,""is_void"":false}"
user_0093,2024-01-05 02:36:42.463342787,8.784438110352909,VIP,"{""base_score"":8.784438,""is_void"":false}"
user_0009,2024-01-06 09:20:45.609397982,6.176984648954159,silver,"{""base_score"":6.176985,""is_void"":false}"
user_0048,2024-01-09 04:22:22.951671466,7.54799345240764,VIP,"{""base_score"":7.547993,""is_void"":false}"
user_0107,2024-01-07 12:24:01.483918477,6.386452758647435,bronze,"{""base_score"":6.386453,""is_void"":false}"
user_0146,2024-01-04 07:56:36.104359238,5.853710982494558,platinum,"{""base_score"":5.853711,""is_void"":false}"
user_0077,2024-01-15 18:25:56.236956527,8.261443094242058,VIP,"{""base_score"":8.261443,""is_void"":false}"
user_0059,2024-01-07 16:42:45.271357697,5.155510821954403,silver,"{""base_score"":5.155511,""is_void"":true}"
user_0066,2024-01-08 14:48:00.696331224,7.293860751048818,bronze,"{""base_score"":7.293861,""is_void"":false}"
user_0102,2024-01-07 03:27:02.243067778,5.740455749256753,gold,"{""base_score"":5.740456,""is_void"":false}"
user_0081,2024-01-17 07:08:11.884218824,5.742618212542372,silver,"{""base_score"":5.742618,""is_void"":true}"
user_0003,2024-01-13 15:40:35.520274917,6.849233886002874,VIP,"{""base_score"":6.849234,""is_void"":false}"
user_0080,2024-01-09 10:42:00.276145697,4.731706063257026,silver,"{""base_score"":4.731706,""is_void"":false}"
user_0060,2024-01-05 02:58:26.221596096,5.522038552288711,bronze,"{""base_score"":5.522039,""is_void"":false}"
user_0105,2024-01-10 16:38:36.808981348,3.417725724805668,bronze,"{""base_score"":3.417726,""is_void"":false}"
user_0131,2024-01-10 12:02:05.951198051,6.0010407764295,gold,"{""base_score"":6.001041,""is_void"":false}"
user_0144,2024-01-13 09:43:41.541602713,6.420302122241907,VIP,"{""base_score"":6.420302,""is_void"":false}"
user_0091,2024-01-06 06:42:42.495354917,6.168136819072752,bronze,"{""base_score"":6.168137,""is_void"":false}"
user_0054,2024-01-15 03:08:57.716477234,6.648033403002566,gold,"{""base_score"":6.648033,""is_void"":true}"
user_0066,2024-01-08 21:57:34.238905578,7.157167505225325,VIP,"{""base_score"":7.157168,""is_void"":false}"
user_0026,2024-01-12 23:54:38.375880753,4.718016912194517,bronze,"{""base_score"":4.718017,""is_void"":false}"
user_0140,2024-01-05 08:59:04.250756722,6.068194375595296,bronze,"{""base_score"":6.068194,""is_void"":true}"
user_0127,2024-01-10 08:32:14.713224021,7.474952220477039,gold,"{""base_score"":7.474952,""is_void"":false}"
user_0128,2024-01-13 13:36:32.507068093,6.127911244944361,gold,"{""base_score"":6.127911,""is_void"":true}"
user_0049,2024-01-15 21:42:34.014088657,4.811304922054997,bronze,"{""base_score"":4.811305,""is_void"":false}"
user_0048,2024-01-09 15:55:07.952292194,5.782768210130631,platinum,"{""base_score"":5.782768,""is_void"":false}"
user_0128,2024-01-13 23:26:19.750275679,5.200483549818189,silver,"{""base_score"":5.200484,""is_void"":false}"
user_0081,2024-01-17 12:42:21.763176717,7.472636104198174,VIP,"{""base_score"":7.472636,""is_void"":false}"
user_0105,2024-01-11 06:52:22.245156179,6.726807908261633,platinum,"{""base_score"":6.726808,""is_void"":false}"
user_0073,2024-01-13 03:54:35.923158261,6.449689480102531,platinum,"{""base_score"":6.449689,""is_void"":false}"
user_0066,2024-01-09 10:17:54.859420953,7.4577251844975905,silver,"{""base_score"":7.457725,""is_void"":false}"
user_0094,2024-01-07 12:11:29.286821236,7.464396166025384,bronze,"{""base_score"":7.464396,""is_void"":false}"
user_0121,2024-01-06 04:01:10.323487215,4.887939405782774,silver,"{""base_score"":4.887939,""is_void"":true}"
user_0050,2024-01-11 21:44:46.730621439,5.201245139665463,bronze,"{""base_score"":5.201245,""is_void"":true}"
user_0121,2024-01-06 13:01:25.291516883,4.307096639747378,gold,"{""base_score"":4.307097,""is_void"":false}"
user_0036,2024-01-12 02:50:39.117591316,5.384618654276276,bronze,"{""base_score"":5.384619,""is_void"":true}"
user_0060,2024-01-05 11:18:15.327769914,6.361038507750386,silver,"{""base_score"":6.361039,""is_void"":false}"
user_0136,2024-01-09 11:41:17.072427591,6.034181658446766,bronze,"{""base_score"":6.034182,""is_void"":false}"
user_0143,2024-01-08 10:19:01.295399621,4.351759381886165,bronze,"{""base_score"":4.351759,""is_void"":false}"
user_0138,2024-01-16 10:08:04.084660486,6.23002197798786,bronze,"{""base_score"":6.230022,""is_void"":false}"
user_0047,2024-01-11 18:49:33.208927553,6.135821663321558,gold,"{""base_score"":6.135822,""is_void"":false}"
user_0126,2024-01-13 02:46:55.359009902,6.634117083125325,gold,"{""base_score"":6.634117,""is_void"":true}"
user_0140,2024-01-05 12:34:45.538391393,5.711797088262957,bronze,"{""base_score"":5.711797,""is_void"":false}"
user_0146,2024-01-04 10:28:26.426276870,7.280306407423928,platinum,"{""base_score"":7.280306,""is_void"":false}"
user_0003,2024-01-13 17:39:10.799031985,9.06423179272057,platinum,"{""base_score"":9.064232,""is_void"":false}"
user_0111,2024-01-09 10:45:10.275346623,5.021079501242648,silver,"{""base_score"":5.02108,""is_void"":false}"
user_0149,2024-01-12 08:37:22.479102009,6.680257198714014,gold,"{""base_score"":6.680257,""is_void"":false}"
user_0114,2024-01-09 03:16:52.322144557,3.781021821492887,silver,"{""base_score"":3.781022,""is_void"":true}"
user_0034,2024-01-06 18:50:37.021121179,6.569705758855068,bronze,"{""base_score"":6.569706,""is_void"":false}"
user_0114,2024-01-09 06:58:35.150975059,4.58741834537021,silver,"{""base_score"":4.587418,""is_void"":false}"
user_0015,2024-01-06 13:52:13.268195383,4.868565697489888,bronze,"{""base_score"":4.868566,""is_void"":true}"
user_0072,2024-01-02 18:50:42.135539287,5.564414426793886,platinum,"{""base_score"":5.564414,""is_void"":false}"
user_0093,2024-01-05 16:12:36.802946917,7.020497496748278,VIP,"{""base_score"":7.020497,""is_void"":true}"
user_0068,2024-01-11 13:49:23.371481480,7.157325187762819,platinum,"{""base_score"":7.157325,""is_void"":true}"
user_0104,2024-01-12 21:33:29.275617987,4.216116720452171,silver,"{""base_score"":4.216117,""is_void"":false}"
user_0036,2024-01-12 14:45:37.902649388,4.942173329066858,silver,"{""base_score"":4.942173,""is_void"":false}"
user_0090,2024-01-06 08:47:44.780250749,6.322993749825388,VIP,"{""base_score"":6.322994,""is_void"":true}"
user_0096,2024-01-05 05:21:49.915877747,7.035011206260268,bronze,"{""base_score"":7.035011,""is_void"":true}"
user_0095,2024-01-15 12:49:40.095617904,5.548879091992172,bronze,"{""base_score"":5.548879,""is_void"":false}"
user_0043,2024-01-11 03:40:13.901694943,4.670231906381041,silver,"{""base_score"":4.670232,""is_void"":false}"
user_0045,2024-01-09 07:09:35.059405238,4.700091550605087,silver,"{""base_score"":4.700092,""is_void"":true}"
user_0038,2024-01-07 07:04:17.765792340,6.761288454982469,silver,"{""base_score"":6.761288,""is_void"":false}"
user_0069,2024-01-09 22:54:12.055611068,5.904395260466658,bronze,"{""base_score"":5.904395,""is_void"":false}"
user_0087,2024-01-13 02:24:13.572862852,5.651969195808714,silver,"{""base_score"":5.651969,""is_void"":false}"
user_0054,2024-01-15 17:41:30.445086125,5.301514590494189,bronze,"{""base_score"":5.301515,""is_void"":false}"
user_0061,2024-01-14 21:26:25.267391631,4.8889716543139405,bronze,"{""base_score"":4.888972,""is_void"":true}"
user_0042,2024-01-10 16:12:58.584877943,5.242640322355723,bronze,"{""base_score"":5.24264,""is_void"":false}"
user_0032,2024-01-03 22:38:42.387270030,3.8641388385459514,silver,"{""base_score"":3.864139,""is_void"":false}"
user_0098,2024-01-08 02:40:47.519971155,5.916956784040041,platinum,"{""base_score"":5.916957,""is_void"":false}"
user_0122,2024-01-09 18:06:07.438616031,6.890690211384325,silver,"{""base_score"":6.89069,""is_void"":true}"
user_0043,2024-01-11 09:44:26.702631464,5.708410535562123,gold,"{""base_score"":5.708411,""is_void"":false}"
user_0129,2024-01-09 14:18:36.498472291,6.575587782128936,gold,"{""base_score"":6.575588,""is_void"":false}"
user_0085,2024-01-15 09:06:20.323335550,6.466451420220569,silver,"{""base_score"":6.466451,""is_void"":true}"
user_0025,2024-01-10 11:16:14.791143074,8.187907836353444,platinum,"{""base_score"":8.187908,""is_void"":false}"
user_0054,2024-01-16 02:30:00.732292345,6.323471318526305,gold,"{""base_score"":6.323471,""is_void"":false}"
user_0001,2024-01-06 18:32:07.333269911,6.469578812909536,silver,"{""base_score"":6.469579,""is_void"":false}"
user_0005,2024-01-11 13:26:11.083251686,5.623978291099493,bronze,"{""base_score"":5.623978,""is_void"":true}"
user_0050,2024-01-12 01:58:02.704633747,5.207431495145574,bronze,"{""base_score"":5.207431,""is_void"":false}"
user_0068,2024-01-11 19:59:41.174820900,6.799333608036975,VIP,"{""base_score"":6.799334,""is_void"":false}"
user_0119,2024-01-11 01:28:38.895765774,5.856246313962613,gold,"{""base_score"":5.856246,""is_void"":false}"
user_0020,2024-01-06 19:17:59.205015117,6.378885527323302,VIP,"{""base_score"":6.378886,""is_void"":false}"
user_0125,2024-01-07 17:56:44.250650017,7.688057650782912,VIP,"{""base_score"":7.688058,""is_void"":false}"
user_0035,2024-01-12 06:50:13.227193874,5.4104762709818734,bronze,"{""base_score"":5.410476,""is_void"":false}"
user_0020,2024-01-07 02:11:33.599215395,5.842291120634201,gold,"{""base_score"":5.842291,""is_void"":false}"
user_0104,2024-01-13 08:54:29.747721925,6.272555613334766,silver,"{""base_score"":6.272556,""is_void"":false}"
user_0116,2024-01-10 12:19:46.336814004,5.477005544555142,gold,"{""base_score"":5.477006,""is_void"":false}"
user_0090,2024-01-10 03:47:03.628702401,6.113621239546429,bronze,"{""base_score"":6.113621,""is_void"":false}"
user_0017,2024-01-16 20:38:42.685888473,5.910181671925041,bronze,"{""base_score"":5.910182,""is_void"":false}"
user_0017,2024-01-17 03:31:26.053083814,6.519896885503758,gold,"{""base_score"":6.519897,""is_void"":false}"
user_0058,2024-01-08 00:58:28.788140413,4.464779056151927,gold,"{""base_score"":4.464779,""is_void"":true}"
user_0067,2024-01-13 12:27:57.156348921,5.790963946856944,gold,"{""base_score"":5.790964,""is_void"":true}"
user_0149,2024-01-12 23:33:07.075566040,6.006578108820236,silver,"{""base_score"":6.006578,""is_void"":false}"
user_0042,2024-01-10 23:24:53.167305925,7.47242312762174,silver,"{""base_score"":7.472423,""is_void"":false}"
user_0028,2024-01-05 20:46:46.372343777,6.732024159068974,VIP,"{""base_score"":6.732024,""is_void"":false}"
user_0141,2024-01-06 08:07:22.383306277,6.848837593890702,silver,"{""base_score"":6.848838,""is_void"":false}"
user_0023,2024-01-05 22:26:42.922501505,4.910335367415658,silver,"{""base_score"":4.910335,""is_void"":false}"
user_0003,2024-01-14 02:26:24.822707607,6.528770230014596,silver,"{""base_score"":6.52877,""is_void"":true}"
user_0063,2024-01-02 23:47:11.434832187,6.374759659402918,silver,"{""base_score"":6.37476,""is_void"":true}"
user_0060,2024-01-05 15:20:41.309259583,5.563467251464254,silver,"{""base_score"":5.563467,""is_void"":true}"
user_0092,2024-01-13 06:49:28.505694164,6.715123935946371,silver,"{""base_score"":6.715124,""is_void"":true}"
user_0131,2024-01-10 21:55:53.799878535,7.184565022682897,platinum,"{""base_score"":7.184565,""is_void"":false}"
user_0139,2024-01-07 16:48:01.163022054,7.1779315571501785,VIP,"{""base_score"":7.177932,""is_void"":false}"
user_0043,2024-01-11 15:45:59.226122999,6.45420556171693,VIP,"{""base_score"":6.454206,""is_void"":true}"
user_0147,2024-01-12 18:07:58.768418198,4.974259352172688,silver,"{""base_score"":4.974259,""is_void"":false}"
user_0094,2024-01-08 03:47:28.929920166,7.375769735084749,silver,"{""base_score"":7.37577,""is_void"":false}"
user_0010,2024-01-04 20:26:44.219230068,7.248539287637965,gold,"{""base_score"":7.248539,""is_void"":false}"
user_0140,2024-01-05 14:31:23.256509960,7.738585787785027,platinum,"{""base_score"":7.738586,""is_void"":false}"
user_0020,2024-01-07 11:48:08.576668385,5.114821249762474,silver,"{""base_score"":5.114821,""is_void"":true}"
user_0088,2024-01-11 00:51:37.480005016,6.036428128746414,gold,"{""base_score"":6.036428,""is_void"":false}"
user_0118,2024-01-03 20:12:49.769095549,6.465923714373623,gold,"{""base_score"":6.465924,""is_void"":true}"
user_0037,2024-01-06 12:40:30.135738973,6.692771279306072,gold,"{""base_score"":6.692771,""is_void"":true}"
user_0040,2024-01-07 08:32:15.852075973,6.8163051657086084,gold,"{""base_score"":6.816305,""is_void"":true}"
user_0071,2024-01-07 23:42:41.464395895,4.727735623686143,bronze,"{""base_score"":4.727736,""is_void"":false}"
user_0132,2024-01-04 16:14:37.420322642,3.6978965057959203,silver,"{""base_score"":3.697897,""is_void"":true}"
user_0033,2024-01-05 06:56:24.059863135,5.947437463531447,silver,"{""base_score"":5.947437,""is_void"":false}"
user_0099,2024-01-09 11:25:27.485988514,3.428922514428847,bronze,"{""base_score"":3.428923,""is_void"":false}"
user_0067,2024-01-13 15:07:09.317410594,6.2340463529722125,platinum,"{""base_score"":6.234046,""is_void"":true}"
user_0016,2024-01-10 07:48:14.656789260,6.215255596847714,gold,"{""base_score"":6.215256,""is_void"":false}"
user_0106,2024-01-05 03:53:56.456546837,5.82774447793557,bronze,"{""base_score"":5.827744,""is_void"":false}"
user_0124,2024-01-18 09:08:46.102056795,8.11192562464664,platinum,"{""base_score"":8.111926,""is_void"":true}"
user_0086,2024-01-05 05:04:48.923140500,4.777307289873404,gold,"{""base_score"":4.777307,""is_void"":false}"
user_0026,2024-01-13 03:25:35.595592675,7.716330393929939,gold,"{""base_score"":7.71633,""is_void"":true}"
user_0023,2024-01-06 00:32:30.961862001,5.694400195536596,silver,"{""base_score"":5.6944,""is_void"":false}"
user_0063,2024-01-03 01:34:15.756341993,6.479530699777292,platinum,"{""base_score"":6.479531,""is_void"":true}"
user_0075,2024-01-09 13:51:05.942978293,4.744474634638639,silver,"{""base_score"":4.744475,""is_void"":false}"
user_0082,2024-01-07 19:46:23.993721011,6.467358817720449,silver,"{""base_score"":6.467359,""is_void"":false}"
user_0036,2024-01-12 18:46:04.586880939,4.871458519124494,bronze,"{""base_score"":4.871459,""is_void"":true}"
user_0075,2024-01-09 18:35:38.953618089,6.227526575844605,gold,"{""base_score"":6.227527,""is_void"":true}"
user_0044,2024-01-13 12:11:33.830030391,4.9674420424652554,gold,"{""base_score"":4.967442,""is_void"":false}"
user_0102,2024-01-07 05:42:10.831480645,5.883859734806913,silver,"{""base_score"":5.88386,""is_void"":false}"
user_0119,2024-01-11 16:34:20.153488876,6.758337775474971,silver,"{""base_score"":6.758338,""is_void"":false}"
user_0097,2024-01-15 16:00:15.728140799,7.088005278979078,platinum,"{""base_score"":7.088005,""is_void"":false}"
user_0000,2024-01-18 16:13:28.232142303,7.730936421596636,gold,"{""base_score"":7.730936,""is_void"":true}"
user_0148,2024-01-07 12:23:11.359069605,6.3211405146246165,bronze,"{""base_score"":6.321141,""is_void"":false}"
user_0003,2024-01-14 05:47:40.955989645,7.221913745074174,VIP,"{""base_score"":7.221914,""is_void"":false}"
user_0149,2024-01-13 11:26:38.494252165,7.390677375787045,gold,"{""base_score"":7.390677,""is_void"":false}"
user_0004,2024-01-05 19:31:49.974827153,7.0414760283269855,VIP,"{""base_score"":7.041476,""is_void"":true}"
user_0077,2024-01-16 06:38:43.058060295,7.469636199995041,VIP,"{""base_score"":7.469636,""is_void"":false}"
user_0015,2024-01-06 19:41:31.035376551,6.878288779581756,VIP,"{""base_score"":6.878289,""is_void"":false}"
user_0014,2024-01-14 21:10:39.568714368,6.282019341033788,gold,"{""base_score"":6.282019,""is_void"":false}"
user_0102,2024-01-07 14:15:56.622942390,4.122036126613449,gold,"{""base_score"":4.122036,""is_void"":false}"
user_0109,2024-01-05 15:58:35.771484799,4.891257987706805,bronze,"{""base_score"":4.891258,""is_void"":false}"
user_0017,2024-01-17 18:14:52.759719422,5.167320351882441,silver,"{""base_score"":5.16732,""is_void"":false}"
user_0146,2024-01-04 15:13:15.237941540,7.241920052274519,gold,"{""base_score"":7.24192,""is_void"":false}"
user_0048,2024-01-10 07:09:20.981260330,7.168787639087026,silver,"{""base_score"":7.168788,""is_void"":false}"
user_0047,2024-01-11 19:57:17.876528181,7.065817676939681,platinum,"{""base_score"":7.065818,""is_void"":true}"
user_0044,2024-01-13 19:25:07.113317662,5.528737048862246,bronze,"{""base_score"":5.528737,""is_void"":false}"
user_0069,2024-01-10 04:04:08.747465844,4.936695139397133,silver,"{""base_score"":4.936695,""is_void"":false}"
user_0026,2024-01-15 20:37:04.355804429,4.974158865173342,silver,"{""base_score"":4.974159,""is_void"":false}"
user_0063,2024-01-03 08:28:03.873624489,6.958518527679453,silver,"{""base_score"":6.958519,""is_void"":false}"
user_0031,2024-01-07 01:17:30.628293150,5.066128593851012,bronze,"{""base_score"":5.066129,""is_void"":false}"
user_0007,2024-01-06 15:12:10.187624085,3.675036155040945,bronze,"{""base_score"":3.675036,""is_void"":false}"
user_0055,2024-01-09 19:35:00.384947043,7.398078658731822,platinum,"{""base_score"":7.398079,""is_void"":false}"
user_0100,2024-01-16 17:59:20.795928155,7.24875377559245,silver,"{""base_score"":7.248754,""is_void"":false}"
user_0114,2024-01-09 12:43:07.870938370,7.023519630353639,bronze,"{""base_score"":7.02352,""is_void"":false}"
user_0053,2024-01-05 15:14:37.075050032,6.493553773647566,bronze,"{""base_score"":6.493554,""is_void"":false}"
user_0048,2024-01-10 16:21:52.584618900,6.862577563728383,silver,"{""base_score"":6.862578,""is_void"":false}"
user_0118,2024-01-04 10:16:07.994637575,5.5822594625624,bronze,"{""base_score"":5.582259,""is_void"":false}"
user_0102,2024-01-07 21:41:40.889754396,4.567267177492663,gold,"{""base_score"":4.567267,""is_void"":false}"
user_0124,2024-01-21 11:43:18.567551031,6.152954750225912,gold,"{""base_score"":6.152955,""is_void"":false}"
user_0135,2024-01-10 17:52:00.947954477,6.049118329544515,bronze,"{""base_score"":6.049118,""is_void"":false}"
user_0123,2024-01-10 20:42:41.911735704,5.947600240537318,silver,"{""base_score"":5.9476,""is_void"":false}"
user_0140,2024-01-06 00:02:36.357161360,6.128146682128605,bronze,"{""base_score"":6.128147,""is_void"":false}"
user_0062,2024-01-14 10:25:48.723171591,5.735141253441308,silver,"{""base_score"":5.735141,""is_void"":false}"
user_0059,2024-01-08 03:18:36.814964328,5.852728013632538,platinum,"{""base_score"":5.852728,""is_void"":false}"
user_0048,2024-01-13 20:50:24.872724597,7.372961065926283,silver,"{""base_score"":7.372961,""is_void"":true}"
user_0035,2024-01-12 18:06:39.794798544,8.760329049372938,platinum,"{""base_score"":8.760329,""is_void"":false}"
user_0112,2024-01-04 13:59:41.019391599,5.077852602804492,bronze,"{""base_score"":5.077853,""is_void"":false}"
user_0107,2024-01-08 00:24:11.649658381,6.615022918431522,silver,"{""base_score"":6.615023,""is_void"":false}"
user_0120,2024-01-10 19:35:21.485824223,5.302486224830947,silver,"{""base_score"":5.302486,""is_void"":false}"
user_0025,2024-01-10 17:35:33.645934001,6.139099258398451,silver,"{""base_score"":6.139099,""is_void"":true}"
user_0073,2024-01-13 12:34:11.465150784,7.1482461538530995,VIP,"{""base_score"":7.148246,""is_void"":false}"
user_0033,2024-01-05 10:03:11.190885194,4.26359094367094,bronze,"{""base_score"":4.263591,""is_void"":false}"
user_0133,2024-01-09 23:08:36.112678628,6.932821267008695,platinum,"{""base_score"":6.932821,""is_void"":false}"
user_0040,2024-01-07 22:46:38.540825379,7.067613754257178,platinum,"{""base_score"":7.067614,""is_void"":false}"
user_0021,2024-01-12 13:28:04.031248330,5.98489738544074,silver,"{""base_score"":5.984897,""is_void"":true}"
user_0085,2024-01-15 22:02:50.646765163,7.6807700310140845,silver,"{""base_score"":7.68077,""is_void"":false}"
user_0131,2024-01-11 00:39:51.944337035,7.435968998218543,silver,"{""base_score"":7.435969,""is_void"":false}"
user_0137,2024-01-13 00:33:43.180690323,5.533353208565744,bronze,"{""base_score"":5.533353,""is_void"":false}"
user_0014,2024-01-15 11:41:34.034689587,6.769907598774281,gold,"{""base_score"":6.769908,""is_void"":false}"
user_0048,2024-01-14 03:26:01.031326246,5.97162993898239,silver,"{""base_score"":5.97163,""is_void"":false}"
user_0023,2024-01-06 16:15:46.417834936,6.482250921613313,VIP,"{""base_score"":6.482251,""is_void"":false}"
user_0046,2024-01-10 01:36:51.337390699,6.230191124384509,gold,"{""base_score"":6.230191,""is_void"":false}"
user_0080,2024-01-09 13:27:20.936771467,6.028841425995056,silver,"{""base_score"":6.028841,""is_void"":false}"
user_0042,2024-01-11 08:38:45.822703089,6.660734478680462,gold,"{""base_score"":6.660734,""is_void"":false}"
user_0010,2024-01-05 03:31:28.770021284,5.647708147406462,silver,"{""base_score"":5.647708,""is_void"":false}"
user_0076,2024-01-08 03:35:09.734470726,6.970201587617959,VIP,"{""base_score"":6.970202,""is_void"":false}"
user_0007,2024-01-07 04:44:56.032402704,5.1991082311015475,bronze,"{""base_score"":5.199108,""is_void"":false}"
user_0034,2024-01-07 02:11:17.253996137,6.8776693580136135,VIP,"{""base_score"":6.877669,""is_void"":false}"
user_0000,2024-01-19 01:43:11.314574895,7.449251347460688,platinum,"{""base_score"":7.449251,""is_void"":false}"
user_0013,2024-01-10 17:36:27.584889947,7.332798373050434,platinum,"{""base_score"":7.332798,""is_void"":false}"
user_0065,2024-01-11 16:26:29.878933928,6.329198842307354,silver,"{""base_score"":6.329199,""is_void"":false}"
user_0127,2024-01-10 18:16:42.184884795,6.020497261633162,platinum,"{""base_score"":6.020497,""is_void"":false}"
user_0116,2024-01-10 21:49:06.929156085,5.287560620696733,silver,"{""base_score"":5.287561,""is_void"":false}"
user_0014,2024-01-15 19:13:01.521707268,7.476824942882301,gold,"{""base_score"":7.476825,""is_void"":false}"
user_0005,2024-01-12 00:57:26.744238299,5.985211451767829,bronze,"{""base_score"":5.985211,""is_void"":true}"
user_0050,2024-01-15 04:21:04.336788134,5.853341441234588,silver,"{""base_score"":5.853341,""is_void"":false}"
user_0097,2024-01-16 04:21:20.350241732,6.344868379516816,silver,"{""base_score"":6.344868,""is_void"":false}"
user_0112,2024-01-05 02:55:51.777878086,6.390116451374127,silver,"{""base_score"":6.390116,""is_void"":false}"
user_0123,2024-01-11 00:15:12.383434492,6.997825055092234,silver,"{""base_score"":6.997825,""is_void"":false}"
user_0051,2024-01-10 19:24:41.922501014,7.508646337611001,platinum,"{""base_score"":7.508646,""is_void"":true}"
user_0025,2024-01-11 06:58:20.406426684,5.250014956128365,bronze,"{""base_score"":5.250015,""is_void"":false}"
user_0003,2024-01-14 17:29:00.052664509,6.345004534581773,gold,"{""base_score"":6.345005,""is_void"":false}"
user_0022,2024-01-10 17:32:12.342941082,7.063220130188781,bronze,"{""base_score"":7.06322,""is_void"":false}"
user_0009,2024-01-06 17:50:54.372855539,7.294653365846896,gold,"{""base_score"":7.294653,""is_void"":false}"
user_0129,2024-01-09 19:43:33.057310333,6.30894993595759,gold,"{""base_score"":6.30895,""is_void"":true}"
user_0040,2024-01-11 14:40:47.902708301,6.97929257431132,silver,"{""base_score"":6.979293,""is_void"":false}"
user_0123,2024-01-11 14:06:20.789544846,6.032851362466595,gold,"{""base_score"":6.032851,""is_void"":false}"
user_0082,2024-01-07 22:10:34.621891639,7.908388269684556,VIP,"{""base_score"":7.908388,""is_void"":false}"
user_0080,2024-01-10 03:05:54.047065203,7.477390723201851,platinum,"{""base_score"":7.477391,""is_void"":false}"
user_0068,2024-01-12 11:29:42.664002458,4.967951550739317,silver,"{""base_score"":4.967952,""is_void"":false}"
user_0122,2024-01-10 03:22:26.933111781,6.261784227836285,silver,"{""base_score"":6.261784,""is_void"":false}"
user_0006,2024-01-10 23:14:43.105703779,6.978824893123153,gold,"{""base_score"":6.978825,""is_void"":false}"
user_0013,2024-01-11 03:29:37.059204504,7.892997160126814,bronze,"{""base_score"":7.892997,""is_void"":true}"
user_0063,2024-01-05 10:38:59.807860750,5.618367229680041,platinum,"{""base_score"":5.618367,""is_void"":false}"
user_0059,2024-01-08 13:59:22.017463425,7.006276078824813,silver,"{""base_score"":7.006276,""is_void"":true}"
user_0081,2024-01-18 01:27:58.627228391,6.963599095354874,platinum,"{""base_score"":6.963599,""is_void"":false}"
user_0110,2024-01-14 00:41:23.036756357,4.069623693739755,bronze,"{""base_score"":4.069624,""is_void"":false}"
user_0088,2024-01-11 04:26:34.719824574,5.123346371319848,bronze,"{""base_score"":5.123346,""is_void"":false}"
user_0038,2024-01-07 12:41:18.534203578,6.637344460188624,VIP,"{""base_score"":6.637344,""is_void"":true}"
user_0049,2024-01-16 04:54:02.776044622,5.763530711287994,platinum,"{""base_score"":5.763531,""is_void"":false}"
user_0112,2024-01-05 04:15:42.805512829,6.536191795919813,platinum,"{""base_score"":6.536192,""is_void"":false}"
user_0030,2024-01-05 01:06:24.946132131,7.096090611757194,VIP,"{""base_score"":7.096091,""is_void"":true}"
user_0075,2024-01-10 07:28:40.647857028,6.078785637888783,silver,"{""base_score"":6.078786,""is_void"":true}"
user_0080,2024-01-10 05:27:44.527403361,4.663088500478471,bronze,"{""base_score"":4.663089,""is_void"":false}"
user_0112,2024-01-05 19:52:24.055659923,4.968155438189848,bronze,"{""base_score"":4.968155,""is_void"":false}"
user_0107,2024-01-08 02:35:14.392146353,6.393132134036464,silver,"{""base_score"":6.393132,""is_void"":false}"
user_0069,2024-01-10 18:27:30.373795555,5.526568232201546,bronze,"{""base_score"":5.526568,""is_void"":true}"
user_0046,2024-01-10 10:53:08.607464225,7.606926617555277,VIP,"{""base_score"":7.606927,""is_void"":false}"
user_0055,2024-01-10 06:24:58.469003058,5.60074175213137,bronze,"{""base_score"":5.600742,""is_void"":false}"
user_0061,2024-01-15 11:05:44.287858535,3.9747095933059584,bronze,"{""base_score"":3.97471,""is_void"":false}"
user_0032,2024-01-04 07:12:00.939170064,4.402139581162411,bronze,"{""base_score"":4.40214,""is_void"":false}"
user_0093,2024-01-06 00:45:26.033157645,5.847412176882487,bronze,"{""base_score"":5.847412,""is_void"":false}"
user_0031,2024-01-07 07:42:15.549873536,6.529150076624509,bronze,"{""base_score"":6.52915,""is_void"":false}"
user_0097,2024-01-16 17:23:01.434616362,7.927670286573262,gold,"{""base_score"":7.92767,""is_void"":false}"
user_0112,2024-01-05 21:15:24.283058234,6.907881846377461,silver,"{""base_score"":6.907882,""is_void"":false}"
user_0144,2024-01-13 14:12:15.602263663,6.257583594324254,gold,"{""base_score"":6.257584,""is_void"":false}"
user_0017,2024-01-18 01:59:14.584876899,7.680529431439129,platinum,"{""base_score"":7.680529,""is_void"":false}"
user_0113,2024-01-10 16:02:02.485665149,4.57341806946113,gold,"{""base_score"":4.573418,""is_void"":false}"
user_0012,2024-01-10 23:28:39.829630640,6.504461130678204,gold,"{""base_score"":6.504461,""is_void"":false}"
user_0050,2024-01-15 13:36:39.530081795,4.974307449509729,silver,"{""base_score"":4.974307,""is_void"":false}"
user_0026,2024-01-16 10:11:25.860601580,5.061356775376341,bronze,"{""base_score"":5.061357,""is_void"":true}"
user_0024,2024-01-09 00:23:46.059854696,7.9697377884757845,silver,"{""base_score"":7.969738,""is_void"":false}"
user_0026,2024-01-16 21:49:19.232605452,6.8544716169708995,VIP,"{""base_score"":6.854472,""is_void"":false}"
user_0006,2024-01-11 14:13:15.028086146,5.665863291224473,gold,"{""base_score"":5.665863,""is_void"":false}"
user_0123,2024-01-12 04:25:11.758027405,5.992131524170088,bronze,"{""base_score"":5.992132,""is_void"":false}"
user_0009,2024-01-07 02:44:58.761968749,5.800988051817721,silver,"{""base_score"":5.800988,""is_void"":true}"
user_0059,2024-01-09 04:42:15.709174941,5.895487703318355,platinum,"{""base_score"":5.895488,""is_void"":false}"
user_0104,2024-01-13 09:59:58.737618752,7.807768273872481,gold,"{""base_score"":7.807768,""is_void"":true}"
user_0148,2024-01-11 01:56:06.795838657,6.682199568353019,silver,"{""base_score"":6.6822,""is_void"":false}"
user_0128,2024-01-14 09:25:11.625799598,7.4894351896662545,platinum,"{""base_score"":7.489435,""is_void"":false}"
user_0020,2024-01-07 16:59:34.318687602,5.548929330892148,gold,"{""base_score"":5.548929,""is_void"":false}"
user_0148,2024-01-11 06:32:20.768122066,5.980478505019481,gold,"{""base_score"":5.980479,""is_void"":false}"
user_0098,2024-01-08 16:34:56.708414011,6.515248533380758,bronze,"{""base_score"":6.515249,""is_void"":false}"
user_0026,2024-01-17 06:45:15.215116770,5.358210786361494,bronze,"{""base_score"":5.358211,""is_void"":false}"
user_0067,2024-01-14 06:31:10.573339897,4.34341770927794,VIP,"{""base_score"":4.343418,""is_void"":false}"
user_0137,2024-01-13 09:59:43.468639889,8.066254708889142,silver,"{""base_score"":8.066255,""is_void"":false}"
user_0058,2024-01-08 04:25:00.584903945,5.837915253596817,silver,"{""base_score"":5.837915,""is_void"":true}"
user_0027,2024-01-07 03:14:40.495691730,6.3201606322985935,silver,"{""base_score"":6.320161,""is_void"":false}"
user_0131,2024-01-11 07:08:58.837319933,6.286354216804489,bronze,"{""base_score"":6.286354,""is_void"":false}"
user_0142,2024-01-11 23:47:53.347852575,6.600181097877981,platinum,"{""base_score"":6.600181,""is_void"":false}"
user_0146,2024-01-05 04:43:51.235831673,5.752544050941932,bronze,"{""base_score"":5.752544,""is_void"":false}"
user_0143,2024-01-08 21:44:23.714854932,6.150970739687466,platinum,"{""base_score"":6.150971,""is_void"":true}"
user_0130,2024-01-03 22:06:55.090303154,4.861461005174043,silver,"{""base_score"":4.861461,""is_void"":false}"
user_0068,2024-01-12 13:03:55.737047549,5.535806586299934,bronze,"{""base_score"":5.535807,""is_void"":true}"
user_0028,2024-01-06 11:45:49.462511642,5.943652816903077,bronze,"{""base_score"":5.943653,""is_void"":false}"
user_0092,2024-01-13 11:17:04.822907584,6.244751805269079,platinum,"{""base_score"":6.244752,""is_void"":false}"
user_0033,2024-01-06 01:17:12.840908094,4.9159609335956045,bronze,"{""base_score"":4.915961,""is_void"":false}"
user_0070,2024-01-09 19:00:49.571813922,6.497671349050026,bronze,"{""base_score"":6.497671,""is_void"":false}"
user_0098,2024-01-08 17:41:39.754716248,5.717387644099887,gold,"{""base_score"":5.717388,""is_void"":false}"
user_0141,2024-01-06 23:44:08.042372608,5.640545128781053,silver,"{""base_score"":5.640545,""is_void"":false}"
user_0043,2024-01-12 00:19:51.689614260,5.338940358714814,silver,"{""base_score"":5.33894,""is_void"":true}"
user_0037,2024-01-06 21:56:28.461251249,5.540333725838475,bronze,"{""base_score"":5.540334,""is_void"":false}"
user_0110,2024-01-14 11:36:51.373638645,5.0105272529582106,platinum,"{""base_score"":5.010527,""is_void"":false}"
user_0000,2024-01-19 12:27:52.355564328,5.577151673775506,bronze,"{""base_score"":5.577152,""is_void"":false}"
user_0084,2024-01-10 12:50:33.934271203,5.607573672058007,bronze,"{""base_score"":5.607574,""is_void"":false}"
user_0111,2024-01-09 13:56:12.547813933,6.115676163657579,silver,"{""base_score"":6.115676,""is_void"":false}"
user_0082,2024-01-08 10:13:53.805157217,6.21450330252263,bronze,"{""base_score"":6.214503,""is_void"":false}"
user_0057,2024-01-05 09:39:57.947542200,7.649252456209581,silver,"{""base_score"":7.649252,""is_void"":false}"
user_0124,2024-01-21 16:22:45.501997360,6.555042436662345,bronze,"{""base_score"":6.555042,""is_void"":false}"
user_0055,2024-01-10 11:07:17.540261343,6.121034305661238,bronze,"{""base_score"":6.121034,""is_void"":false}"
user_0106,2024-01-05 10:25:04.289368824,5.734926078691322,silver,"{""base_score"":5.734926,""is_void"":true}"
user_0069,2024-01-11 02:17:13.103663103,6.060858315307626,platinum,"{""base_score"":6.060858,""is_void"":true}"
user_0003,2024-01-15 06:23:38.153515274,6.266979952135519,bronze,"{""base_score"":6.26698,""is_void"":false}"
user_0079,2024-01-12 11:30:23.191434010,6.243458920694718,bronze,"{""base_score"":6.243459,""is_void"":false}"
user_0007,2024-01-07 11:45:07.190297146,7.73314911172016,VIP,"{""base_score"":7.733149,""is_void"":true}"
user_0139,2024-01-08 01:40:08.204018706,7.178830108756423,platinum,"{""base_score"":7.17883,""is_void"":false}"
user_0090,2024-01-12 17:00:17.875619670,5.964479480214366,gold,"{""base_score"":5.964479,""is_void"":false}"
user_0055,2024-01-10 14:28:25.544986864,6.019762574429562,bronze,"{""base_score"":6.019763,""is_void"":false}"
user_0072,2024-01-03 01:16:08.428743893,6.852103588835516,silver,"{""base_score"":6.852104,""is_void"":false}"
user_0092,2024-01-13 12:18:46.064692740,6.270003311690591,bronze,"{""base_score"":6.270003,""is_void"":false}"
user_0039,2024-01-10 20:38:57.395406930,5.04694800579566,bronze,"{""base_score"":5.046948,""is_void"":false}"
user_0043,2024-01-12 07:53:59.145892533,4.972897831470363,silver,"{""base_score"":4.972898,""is_void"":false}"
user_0062,2024-01-14 20:59:28.469538385,5.835987983642479,silver,"{""base_score"":5.835988,""is_void"":true}"
user_0038,2024-01-07 14:20:28.807635199,4.999402153875688,silver,"{""base_score"":4.999402,""is_void"":false}"
user_0113,2024-01-10 23:52:53.967981643,5.949490193018288,gold,"{""base_score"":5.94949,""is_void"":false}"
user_0015,2024-01-10 09:00:53.572997290,5.7339143913788915,bronze,"{""base_score"":5.733914,""is_void"":false}"
user_0123,2024-01-12 15:09:41.397756941,4.940516962047338,silver,"{""base_score"":4.940517,""is_void"":false}"
user_0052,2024-01-04 00:48:57.867375813,5.895642846214764,gold,"{""base_score"":5.895643,""is_void"":true}"
user_0084,2024-01-10 14:36:06.032567756,6.82078878145153,platinum,"{""base_score"":6.820789,""is_void"":false}"
user_0023,2024-01-07 08:04:52.703207305,5.182484942172701,silver,"{""base_score"":5.182485,""is_void"":false}"
user_0057,2024-01-05 16:57:00.392474736,6.5276231053431975,silver,"{""base_score"":6.527623,""is_void"":false}"
user_0113,2024-01-11 12:03:35.273524257,4.698727737479546,bronze,"{""base_score"":4.698728,""is_void"":false}"
user_0040,2024-01-11 18:06:55.888315999,4.873145937283531,bronze,"{""base_score"":4.873146,""is_void"":false}"
user_0019,2024-01-17 01:53:49.383814944,6.408609317429569,gold,"{""base_score"":6.408609,""is_void"":false}"
user_0078,2024-01-06 21:12:22.587297999,5.739963176870029,bronze,"{""base_score"":5.739963,""is_void"":false}"
user_0024,2024-01-09 10:54:13.790691790,4.87472701919142,silver,"{""base_score"":4.874727,""is_void"":true}"
user_0047,2024-01-12 07:14:41.825788258,5.409624886235616,silver,"{""base_score"":5.409625,""is_void"":false}"
user_0067,2024-01-14 18:25:06.320275625,5.690167070500684,bronze,"{""base_score"":5.690167,""is_void"":false}"
user_0084,2024-01-11 00:37:02.749552671,4.817688742745877,bronze,"{""base_score"":4.817689,""is_void"":false}"
user_0095,2024-01-16 00:01:15.463803247,4.307516914213158,silver,"{""base_score"":4.307517,""is_void"":false}"
user_0101,2024-01-08 23:19:21.987086204,5.647384808339068,VIP,"{""base_score"":5.647385,""is_void"":true}"
user_0126,2024-01-13 17:21:56.954515209,6.220981373170082,gold,"{""base_score"":6.220981,""is_void"":false}"
user_0009,2024-01-07 16:43:10.690222426,5.167956797332008,silver,"{""base_score"":5.167957,""is_void"":false}"
user_0054,2024-01-16 11:15:17.543696163,5.267005509861583,bronze,"{""base_score"":5.267006,""is_void"":false}"
user_0000,2024-01-22 19:24:30.364764823,8.145500013534464,gold,"{""base_score"":8.1455,""is_void"":false}"
user_0001,2024-01-07 02:42:59.747662742,4.120475392520834,bronze,"{""base_score"":4.120475,""is_void"":false}"
user_0031,2024-01-07 14:35:24.230028320,5.813850641092501,silver,"{""base_score"":5.813851,""is_void"":false}"
user_0089,2024-01-08 22:00:26.482271311,8.365988888952481,gold,"{""base_score"":8.365989,""is_void"":false}"
user_0134,2024-01-12 21:42:03.198706072,5.746377360894668,silver,"{""base_score"":5.746377,""is_void"":false}"
user_0116,2024-01-13 13:49:48.307352310,5.070611038138664,bronze,"{""base_score"":5.070611,""is_void"":false}"
user_0096,2024-01-05 12:03:16.755608114,5.6763588286182065,bronze,"{""base_score"":5.676359,""is_void"":true}"
user_0116,2024-01-13 18:32:46.472481188,5.708519770872182,bronze,"{""base_score"":5.70852,""is_void"":false}"
user_0025,2024-01-11 17:38:43.039036717,7.000024269887616,silver,"{""base_score"":7.000024,""is_void"":false}"
user_0125,2024-01-08 09:10:37.969997193,6.282105684817969,platinum,"{""base_score"":6.282106,""is_void"":false}"
user_0133,2024-01-10 01:56:18.485333754,4.773873699855722,bronze,"{""base_score"":4.773874,""is_void"":false}"
user_0014,2024-01-15 23:20:12.013476817,4.745968733648541,silver,"{""base_score"":4.745969,""is_void"":false}"
user_0070,2024-01-10 03:22:42.483084188,6.410415599887172,gold,"{""base_score"":6.410416,""is_void"":false}"
user_0124,2024-01-21 23:45:50.712189630,4.226388136417668,bronze,"{""base_score"":4.226388,""is_void"":true}"
user_0071,2024-01-08 04:53:27.029405593,5.008737164680848,bronze,"{""base_score"":5.008737,""is_void"":false}"
user_0126,2024-01-14 08:13:15.532710683,5.430636175873114,silver,"{""base_score"":5.430636,""is_void"":true}"
user_0140,2024-01-09 07:54:04.727479104,7.9524025005536805,gold,"{""base_score"":7.952403,""is_void"":false}"
user_0071,2024-01-08 16:13:22.990654346,5.373406298702461,silver,"{""base_score"":5.373406,""is_void"":false}"
user_0008,2024-01-11 02:09:37.257130444,6.505820530955221,gold,"{""base_score"":6.505821,""is_void"":true}"
user_0051,2024-01-13 12:50:33.889221177,5.350892690362902,platinum,"{""base_score"":5.350893,""is_void"":false}"
user_0032,2024-01-04 10:56:04.348015556,5.769686996313239,gold,"{""base_score"":5.769687,""is_void"":false}"
user_0071,2024-01-09 04:09:27.478978378,5.918075355984138,VIP,"{""base_score"":5.918075,""is_void"":false}"
user_0087,2024-01-13 13:29:16.344437284,6.47893032305207,gold,"{""base_score"":6.47893,""is_void"":false}"
user_0069,2024-01-11 13:41:34.068556135,8.33499831975374,platinum,"{""base_score"":8.334998,""is_void"":false}"
user_0029,2024-01-06 17:33:13.534001340,7.087605838793577,platinum,"{""base_score"":7.087606,""is_void"":false}"
user_0045,2024-01-09 21:08:32.956146759,5.408010432942513,gold,"{""base_score"":5.40801,""is_void"":false}"
user_0101,2024-01-09 02:14:03.248176884,9.13939885329366,platinum,"{""base_score"":9.139399,""is_void"":false}"
user_0004,2024-01-06 00:22:43.585459079,6.297830196525047,VIP,"{""base_score"":6.29783,""is_void"":false}"
user_0032,2024-01-08 02:43:10.482985017,6.197614922564913,silver,"{""base_score"":6.197615,""is_void"":false}"
user_0133,2024-01-10 07:50:16.674484887,4.9561032730536025,gold,"{""base_score"":4.956103,""is_void"":false}"
user_0014,2024-01-18 01:59:49.417121403,5.656158426119312,silver,"{""base_score"":5.656158,""is_void"":false}"
user_0062,2024-01-15 05:20:12.587326487,6.250172672026525,platinum,"{""base_score"":6.250173,""is_void"":false}"
user_0031,2024-01-07 20:58:03.533899766,6.249356694923592,silver,"{""base_score"":6.249357,""is_void"":false}"
user_0015,2024-01-10 11:42:29.176869031,6.56909008839619,platinum,"{""base_score"":6.56909,""is_void"":false}"
user_0063,2024-01-05 19:53:33.269423719,5.5822827670332975,gold,"{""base_score"":5.582283,""is_void"":false}"
user_0078,2024-01-07 03:21:40.825687378,7.805186694172139,VIP,"{""base_score"":7.805187,""is_void"":false}"
user_0026,2024-01-17 14:03:16.821032659,4.670914235690753,bronze,"{""base_score"":4.670914,""is_void"":false}"
user_0011,2024-01-04 17:19:30.004998192,6.196709609293194,gold,"{""base_score"":6.19671,""is_void"":false}"
user_0020,2024-01-10 10:27:04.608537918,6.531076813266436,gold,"{""base_score"":6.531077,""is_void"":false}"
user_0097,2024-01-16 20:21:09.220747742,6.417221928531996,VIP,"{""base_score"":6.417222,""is_void"":false}"
user_0129,2024-01-10 07:27:39.470013281,6.793552850613147,VIP,"{""base_score"":6.793553,""is_void"":false}"
user_0027,2024-01-09 05:30:06.235800259,6.10031890744576,silver,"{""base_score"":6.100319,""is_void"":false}"
user_0048,2024-01-14 05:16:31.560522978,6.429614209343957,silver,"{""base_score"":6.429614,""is_void"":false}"
user_0051,2024-01-13 14:26:13.761339930,6.574037656911964,bronze,"{""base_score"":6.574038,""is_void"":false}"
user_0054,2024-01-16 19:38:57.495419236,6.87788134788459,VIP,"{""base_score"":6.877881,""is_void"":false}"
user_0036,2024-01-13 07:01:42.524631475,4.6131948924178054,bronze,"{""base_score"":4.613195,""is_void"":true}"
user_0008,2024-01-11 17:02:26.852448131,5.493560788917613,gold,"{""base_score"":5.493561,""is_void"":true}"
user_0078,2024-01-07 09:44:58.418732162,6.496968924043213,gold,"{""base_score"":6.496969,""is_void"":false}"
user_0053,2024-01-05 21:41:31.936697016,5.8501512992848275,silver,"{""base_score"":5.850151,""is_void"":false}"
user_0051,2024-01-13 23:24:08.067361263,5.218541922029408,bronze,"{""base_score"":5.218542,""is_void"":true}"
user_0039,2024-01-11 04:51:21.663778417,5.006331198636942,bronze,"{""base_score"":5.006331,""is_void"":false}"
user_0139,2024-01-08 06:46:45.336643966,7.131267813152629,platinum,"{""base_score"":7.131268,""is_void"":false}"
user_0091,2024-01-06 12:44:21.202818665,5.527160304362566,silver,"{""base_score"":5.52716,""is_void"":false}"
user_0062,2024-01-15 15:55:47.565476501,5.5133190574664175,bronze,"{""base_score"":5.513319,""is_void"":false}"
user_0030,2024-01-08 09:07:45.633047133,5.99286961508914,gold,"{""base_score"":5.99287,""is_void"":false}"
user_0120,2024-01-11 07:27:23.070495188,3.290722400815239,bronze,"{""base_score"":3.290722,""is_void"":false}"
user_0133,2024-01-10 14:51:36.739081939,6.1025415961205525,platinum,"{""base_score"":6.102542,""is_void"":false}"
user_0004,2024-01-06 14:13:39.622895994,5.012523789874041,silver,"{""base_score"":5.012524,""is_void"":false}"
user_0139,2024-01-08 15:57:35.817578850,6.453412278028242,bronze,"{""base_score"":6.453412,""is_void"":false}"
