user_id,event_timestamp,intensity_score,category_tier
user_0013,2024-01-01 09:54:41.183295364,6.246704706102442,bronze
user_0116,2024-01-01 12:11:06.450035654,7.30146971169566,silver
user_0098,2024-01-04 13:23:51.497588734,3.5911478558812795,bronze
user_0065,2024-01-01 02:39:40.517193405,6.004584107360586,bronze
user_0064,2024-01-04 12:17:21.507617450,5.021955044310916,silver
user_0128,2024-01-01 14:20:22.299941428,5.228674758920741,silver
user_0012,2024-01-01 11:28:22.273214757,5.387068913706875,platinum
user_0104,2024-01-01 11:38:03.004027166,4.615331403199758,bronze
user_0030,2024-01-01 02:22:24.231056012,6.901019631304141,gold
user_0014,2024-01-01 04:31:12.302334926,4.434849114723805,silver
user_0078,2024-01-01 12:08:05.963362112,6.459565028314646,silver
user_0146,2024-01-01 09:33:39.452730494,4.97026278026758,silver
user_0110,2024-01-01 03:07:09.620422705,4.4396565858499,silver
user_0114,2024-01-01 13:53:42.736267068,5.271623819838258,platinum
user_0107,2024-01-01 06:40:11.388352652,5.975843676314313,bronze
user_0117,2024-01-01 01:58:00.701352566,5.028058923206689,bronze
user_0076,2024-01-01 04:27:05.570319096,5.792948088194556,silver
user_0019,2024-01-01 11:35:29.323449207,6.454806527390329,gold
user_0125,2024-01-01 01:04:29.188125901,6.401546321741521,bronze
user_0067,2024-01-01 10:31:59.229820545,5.322449806448054,silver
user_0075,2024-01-01 14:51:51.140718669,4.91103247234054,gold
user_0055,2024-01-01 07:42:38.739931423,6.342357735451206,gold
user_0027,2024-01-01 15:37:51.833486614,6.63296697478082,platinum
user_0139,2024-01-01 10:38:16.397945980,4.940391776818072,silver
user_0117,2024-01-01 06:41:49.133102520,4.938805570483104,silver
user_0096,2024-01-01 02:27:47.414165742,4.994443066283861,bronze
user_0060,2024-01-01 12:44:33.260373013,5.876963774163525,platinum
user_0123,2024-01-01 08:25:58.879424236,5.593689642686162,silver
user_0081,2024-01-01 03:16:29.840274091,6.588332639582177,gold
user_0066,2024-01-01 05:02:54.564573642,4.64972929759293,silver
user_0067,2024-01-01 18:09:41.887802778,4.308401920976765,silver
user_0034,2024-01-01 14:14:31.703935808,5.28430283448786,gold
user_0013,2024-01-01 17:36:06.896133776,6.085243936115034,silver
user_0083,2024-01-01 03:43:44.919584943,5.461886228744695,platinum
user_0133,2024-01-01 07:43:36.746162518,4.295394017345181,silver
user_0009,2024-01-04 22:18:31.118439276,5.406045830854465,silver
user_0128,2024-01-02 02:11:34.505062385,4.876296295395591,bronze
user_0124,2024-01-01 14:36:07.591694698,6.37485673502157,silver
user_0041,2024-01-01 10:09:51.768634500,4.571576346090882,silver
user_0094,2024-01-01 05:00:34.182115772,5.8902089570030345,bronze
user_0024,2024-01-01 02:42:30.991760226,6.25713604447719,bronze
user_0113,2024-01-01 12:42:49.625515663,4.669718052214591,silver
user_0105,2024-01-01 05:44:38.870367990,5.722354679377409,silver
user_0053,2024-01-01 07:48:15.165636548,5.108531552421574,silver
user_0010,2024-01-01 14:47:10.704910300,5.996460298485291,bronze
user_0145,2024-01-01 14:44:27.149890297,4.317425223458984,bronze
user_0066,2024-01-01 20:31:01.949613204,6.150258092573943,bronze
user_0133,2024-01-01 09:26:20.315023903,5.216227647576959,gold
user_0101,2024-01-03 19:20:34.723187880,6.935496466912251,gold
user_0116,2024-01-01 15:44:03.241969151,6.366005822150357,bronze
user_0113,2024-01-01 16:38:42.283289835,5.474342987739398,silver
user_0029,2024-01-01 12:24:45.297377344,4.64536435160082,bronze
user_0054,2024-01-01 11:08:25.023844827,5.532306576773735,bronze
user_0070,2024-01-01 10:41:47.060055146,4.642333880073354,bronze
user_0074,2024-01-01 15:03:56.093356944,7.027417891208613,bronze
user_0006,2024-01-01 04:49:40.071663850,5.272637795108817,silver
user_0081,2024-01-01 14:07:18.071049665,6.102388054544913,platinum
user_0023,2024-01-01 10:29:12.096673303,5.271452668537322,bronze
user_0111,2024-01-01 11:05:59.728599704,4.570891584683982,silver
user_0102,2024-01-01 05:05:33.142740529,6.525932611784308,gold
user_0138,2024-01-01 05:59:08.365291951,5.858098243243936,platinum
user_0111,2024-01-01 18:54:45.395231626,6.420288879705701,silver
user_0054,2024-01-01 15:02:07.430797398,4.0941745562040985,bronze
user_0145,2024-01-01 17:40:26.529742502,5.302225676446001,silver
user_0061,2024-01-01 15:09:33.144796580,6.117062665915748,bronze
user_0048,2024-01-01 14:30:59.686910136,4.9538721662961605,platinum
user_0135,2024-01-01 01:38:39.711878286,7.147351283604775,silver
user_0055,2024-01-01 20:07:33.904872422,5.548157446280569,silver
user_0011,2024-01-01 01:51:08.154633600,5.80717870723273,bronze
user_0070,2024-01-01 17:20:40.151626162,5.646254482788461,silver
user_0119,2024-01-01 03:35:43.291752536,7.2758287879060815,gold
user_0028,2024-01-01 01:57:17.833823218,5.833761058648037,silver
user_0069,2024-01-01 10:35:32.699516488,6.441006029716557,silver
user_0019,2024-01-01 23:16:02.047924984,6.721501330359964,platinum
user_0102,2024-01-01 08:50:57.914512760,7.491641346898274,gold
user_0071,2024-01-04 05:07:51.020346122,5.267394226086442,bronze
user_0049,2024-01-01 02:51:24.515880325,6.876570134849813,silver
user_0034,2024-01-01 20:13:06.166808604,5.879180407613018,silver
user_0084,2024-01-03 03:40:29.713800133,3.9595893472966073,silver
user_0100,2024-01-01 05:40:53.548465098,7.220238352064532,bronze
user_0141,2024-01-01 15:27:55.818449841,5.591612522578922,bronze
user_0065,2024-01-01 14:23:06.429549799,7.125020326823131,platinum
user_0024,2024-01-01 14:04:05.933707903,7.094310238761671,platinum
user_0124,2024-01-01 18:25:49.835940962,7.509127206198063,gold
user_0094,2024-01-04 10:24:13.689638499,5.363910164992124,platinum
user_0105,2024-01-01 16:49:26.035401518,6.553794345768328,gold
user_0014,2024-01-01 20:17:19.894578262,5.533717988122311,gold
user_0046,2024-01-01 01:36:09.804921937,7.22858911946165,gold
user_0115,2024-01-01 06:28:12.627680455,5.7678159869275945,silver
user_0124,2024-01-04 19:16:13.858784254,7.009909563382365,silver
user_0065,2024-01-01 19:14:42.286658329,2.998674292820955,bronze
user_0120,2024-01-01 03:36:23.951940249,5.81096550459377,silver
user_0126,2024-01-03 04:47:08.204983857,5.789481262746968,bronze
user_0058,2024-01-01 13:57:40.021420075,5.4496910214359655,bronze
user_0134,2024-01-01 05:19:29.202661765,6.9861142876714215,silver
user_0043,2024-01-01 01:24:10.211954025,5.284989868056832,silver
user_0035,2024-01-01 11:29:55.797187434,5.794688751284124,bronze
user_0102,2024-01-01 15:40:12.806067082,7.031369572267356,gold
user_0095,2024-01-01 02:24:41.362558354,4.121681667552679,gold
user_0020,2024-01-01 14:58:36.909455862,4.7546499620199665,bronze
user_0124,2024-01-05 10:06:41.769958814,5.595698414958977,bronze
user_0029,2024-01-01 23:09:12.498701161,4.132839700646709,bronze
user_0120,2024-01-01 10:51:25.973506702,6.550309853258161,gold
user_0001,2024-01-03 03:56:27.032801168,6.85766689469889,gold
user_0119,2024-01-01 06:01:32.378224410,6.731343159476622,bronze
user_0118,2024-01-01 11:31:08.623583903,6.327511518653206,gold
user_0117,2024-01-01 16:33:00.649917128,5.96419113217447,bronze
user_0099,2024-01-01 12:13:06.686516002,5.838475868040297,silver
user_0070,2024-01-01 18:32:21.792454439,5.925051012444085,platinum
user_0105,2024-01-01 22:46:58.465325132,4.702336070606541,bronze
user_0041,2024-01-01 23:20:32.756906630,4.203457631433218,bronze
user_0117,2024-01-02 03:59:00.459559412,6.334631415447814,silver
user_0083,2024-01-01 16:50:47.950709081,5.803739804025006,silver
user_0068,2024-01-01 03:55:21.235069995,5.282442831693098,platinum
user_0075,2024-01-01 23:07:00.769332867,4.81262686992093,platinum
user_0085,2024-01-01 02:40:54.650827509,6.122490928269441,bronze
user_0005,2024-01-01 02:29:56.317684506,5.102131040960011,bronze
user_0020,2024-01-01 17:57:54.410426697,5.350181115909416,gold
user_0036,2024-01-01 05:16:22.693283968,6.236181763879679,bronze
user_0017,2024-01-01 05:49:52.352739987,4.856009502148576,gold
user_0065,2024-01-02 04:41:22.445870411,5.098328136714698,silver
user_0100,2024-01-01 11:10:49.493379802,5.0011040439549515,bronze
user_0098,2024-01-04 22:44:27.294035840,5.979315496663688,gold
user_0070,2024-01-02 07:34:04.761462938,5.788527153137747,bronze
user_0128,2024-01-02 10:16:53.474651366,4.540579804585031,silver
user_0084,2024-01-03 12:58:12.416142730,5.867081333639213,silver
user_0011,2024-01-01 10:11:12.832462190,6.9282257736740664,silver
user_0114,2024-01-05 04:40:59.732583578,4.761878040037884,silver
user_0086,2024-01-01 05:37:52.418379162,6.257613075157725,silver
user_0095,2024-01-01 04:03:22.019343284,6.684044691659984,platinum
user_0084,2024-01-06 22:41:15.303850853,6.487847012174025,platinum
user_0083,2024-01-04 16:16:10.371678138,6.306190766601713,silver
user_0013,2024-01-01 22:01:23.184163421,6.289798104299768,bronze
user_0083,2024-01-05 04:43:14.581539698,5.455030986290532,gold
user_0119,2024-01-01 09:07:42.084303390,7.896743543578795,platinum
user_0045,2024-01-01 09:55:17.175187657,6.083288997572657,bronze
user_0090,2024-01-01 11:38:56.024419700,5.6232956405551064,silver
user_0004,2024-01-01 13:17:49.799842026,4.49721585910855,silver
user_0052,2024-01-01 09:00:01.363725795,5.171342254668792,bronze
user_0065,2024-01-02 07:16:06.355934700,5.292814168390286,silver
user_0147,2024-01-01 01:30:14.938336058,5.210817953764005,silver
user_0032,2024-01-01 02:24:48.412680091,5.900448374684096,gold
user_0041,2024-01-02 09:55:24.226203089,4.388951747484849,gold
user_0061,2024-01-01 22:28:30.110098349,6.494573367070922,gold
user_0148,2024-01-01 07:30:02.191488807,5.100903994011104,silver
user_0128,2024-01-02 22:05:18.268905586,3.890666300251456,bronze
user_0005,2024-01-01 10:52:20.869120704,6.625227919162537,gold
user_0035,2024-01-02 02:59:35.829099495,6.518105736257643,gold
user_0123,2024-01-01 16:53:15.775689083,6.633807271330885,silver
user_0008,2024-01-01 01:23:49.871470466,5.714171626189233,gold
user_0128,2024-01-03 03:52:33.663381022,4.566859686696025,bronze
user_0042,2024-01-01 15:59:28.081970934,5.786466145737439,gold
user_0137,2024-01-01 01:42:37.643758160,5.302500575613119,bronze
user_0044,2024-01-03 02:11:54.864622064,5.643601859227111,bronze
user_0065,2024-01-02 09:20:30.838938044,5.257907364740445,silver
user_0099,2024-01-02 03:16:19.639677226,4.59864924883804,bronze
user_0018,2024-01-01 10:14:58.502295380,5.106066435819352,bronze
user_0083,2024-01-05 06:40:49.098829744,5.163088017279119,bronze
user_0075,2024-01-02 01:38:37.212725313,7.373300268384601,silver
user_0117,2024-01-04 19:36:39.409636768,5.454972216955637,gold
user_0149,2024-01-03 21:23:58.826185969,4.9737946204016295,bronze
user_0099,2024-01-02 16:17:32.481974010,7.7872088880041535,silver
user_0061,2024-01-02 12:10:41.317066501,6.348401654763064,gold
user_0060,2024-01-02 02:28:26.952966278,3.7597972725569395,bronze
user_0062,2024-01-01 04:20:43.950911906,6.246687678836952,bronze
user_0122,2024-01-01 05:07:28.427187205,5.565102272121769,gold
user_0048,2024-01-04 02:55:20.134978125,7.0180766030285415,gold
user_0025,2024-01-01 06:16:12.882897620,5.450157820870325,silver
user_0050,2024-01-01 14:14:48.851629940,5.503128096091896,gold
user_0003,2024-01-01 08:48:41.612829796,6.429882722845822,bronze
user_0015,2024-01-01 13:19:35.745206152,6.3386234074900285,silver
user_0013,2024-01-02 00:34:32.738652164,7.425018159601392,gold
user_0115,2024-01-01 17:32:54.557311790,5.3774234997615205,bronze
user_0108,2024-01-01 09:50:39.742056888,5.517178938026114,gold
user_0104,2024-01-01 18:31:29.347189456,6.399759100645498,silver
user_0069,2024-01-03 17:02:56.702413430,7.025928405763464,gold
user_0107,2024-01-03 23:07:48.654013274,6.23858051380135,silver
user_0024,2024-01-01 20:24:47.077825377,7.728446696307606,silver
user_0135,2024-01-01 09:51:12.605896897,5.829937015334655,bronze
user_0075,2024-01-02 12:38:53.169557736,5.13985805558424,bronze
user_0140,2024-01-01 06:11:35.580589497,5.793594497314652,gold
user_0022,2024-01-01 09:56:47.353266106,5.782301041064412,bronze
user_0074,2024-01-01 21:01:13.259188815,4.701390782752354,bronze
user_0104,2024-01-02 05:14:09.531624763,5.439968483129717,bronze
user_0074,2024-01-02 04:38:09.520691286,5.879631149576318,bronze
user_0066,2024-01-01 22:03:42.456122845,6.024379467599368,gold
user_0024,2024-01-01 23:51:38.698306840,6.558624903131826,silver
user_0057,2024-01-01 07:21:54.167161842,6.366453910325435,platinum
user_0035,2024-01-05 23:01:00.990855061,6.38841948358716,bronze
user_0045,2024-01-02 01:14:07.662132729,6.088456424699063,silver
user_0102,2024-01-02 05:39:51.697831546,5.83406776929248,silver
user_0094,2024-01-04 19:45:22.640122522,4.036981009657667,silver
user_0091,2024-01-01 11:16:43.361333709,7.344927753733082,gold
user_0054,2024-01-02 06:12:12.032753438,6.2346696304634,platinum
user_0143,2024-01-01 05:01:39.736972549,6.037626266692858,gold
user_0013,2024-01-02 12:03:18.951361244,5.5762117315829665,bronze
user_0051,2024-01-01 01:25:30.563610855,4.839051897630136,bronze
user_0017,2024-01-01 20:44:06.592318209,6.7501013749582475,silver
user_0050,2024-01-03 20:25:29.623261896,6.168302483117848,bronze
user_0144,2024-01-01 10:43:10.022298373,6.884157421747275,gold
user_0054,2024-01-05 22:25:16.362417412,5.463232831038366,silver
user_0136,2024-01-01 14:36:28.658160176,6.284912623620075,silver
user_0074,2024-01-02 17:49:24.940219993,6.5644208973942195,gold
user_0104,2024-01-02 10:00:41.906279230,6.162849405868497,gold
user_0068,2024-01-01 06:26:05.049471292,5.203530173096839,bronze
user_0039,2024-01-01 03:00:34.769838366,4.672840149988775,bronze
user_0114,2024-01-05 06:29:56.359188585,5.124647030370039,silver
user_0145,2024-01-01 22:09:18.874618671,5.385420063167411,silver
user_0039,2024-01-01 15:48:41.252287582,5.508565389664027,bronze
user_0116,2024-01-05 08:41:51.241497441,5.261995100061345,silver
user_0039,2024-01-01 21:56:43.782299134,6.394625805033957,gold
user_0107,2024-01-04 06:10:09.757725261,5.810993510940059,gold
user_0118,2024-01-01 20:26:56.394186312,5.5936066510960245,silver
user_0067,2024-01-05 12:26:59.376495777,5.1765005632816425,silver
user_0110,2024-01-01 16:26:36.729821320,4.182757370208666,bronze
user_0040,2024-01-01 09:21:50.323920775,6.4962022703677,silver
user_0011,2024-01-01 14:54:19.523713074,4.941271526103956,bronze
user_0014,2024-01-04 23:42:00.298851580,4.796797184427454,silver
user_0067,2024-01-05 18:17:05.670227412,6.6047171541751455,silver
user_0135,2024-01-04 14:52:36.313992407,4.699234167828477,bronze
user_0019,2024-01-02 03:05:06.409527388,4.977791642427293,bronze
user_0068,2024-01-04 00:33:35.028210966,4.125973510796365,bronze
user_0105,2024-01-02 04:49:58.688935391,6.7401199575348745,gold
user_0030,2024-01-01 14:43:17.767079716,6.8878568817603885,silver
user_0108,2024-01-01 23:10:08.341747539,5.671545107272807,bronze
user_0045,2024-01-02 10:37:26.742482579,6.393393083752309,gold
user_0121,2024-01-03 02:38:57.357594139,6.176670472137699,silver
user_0086,2024-01-01 18:21:55.750248352,5.962926764636193,silver
user_0082,2024-01-01 14:32:04.373065572,6.596973530970768,platinum
user_0026,2024-01-04 14:13:00.561432648,5.8138694243018705,bronze
user_0069,2024-01-04 05:53:32.845429466,5.878653636060699,bronze
user_0128,2024-01-05 18:25:16.985144159,5.065555903569125,silver
user_0002,2024-01-01 12:53:43.122584486,4.7841853730221215,bronze
user_0113,2024-01-01 22:09:50.117519933,5.104131201543239,silver
user_0073,2024-01-01 15:30:05.254036668,3.9591762610696994,bronze
user_0107,2024-01-04 13:52:34.537438429,5.8817656074979565,bronze
user_0099,2024-01-02 23:26:05.608164687,4.430987097732186,bronze
user_0064,2024-01-04 19:46:27.620446896,4.742469789535361,silver
user_0046,2024-01-01 16:14:18.559991043,4.004741917541662,bronze
user_0094,2024-01-05 05:13:14.635237309,3.48691212433563,bronze
user_0021,2024-01-01 11:34:42.963174760,4.666873263737783,gold
user_0087,2024-01-01 09:26:41.041071585,4.5977194760325855,bronze
user_0014,2024-01-05 11:56:45.683790528,4.659441482160908,silver
user_0097,2024-01-01 12:11:31.212009384,5.746495076241792,bronze
user_0094,2024-01-05 13:41:46.860776486,5.08626806626139,silver
user_0012,2024-01-01 12:30:36.081481035,5.662048605720613,bronze
user_0113,2024-01-02 08:18:51.440975959,5.199845619268828,silver
user_0062,2024-01-01 17:35:27.232830999,4.955300035603512,bronze
user_0118,2024-01-02 08:49:24.569533350,6.548356730654583,gold
user_0006,2024-01-01 18:38:27.007025380,5.028836680231189,platinum
user_0026,2024-01-04 23:46:28.055691710,5.216647395189747,bronze
user_0074,2024-01-06 01:07:57.471223489,4.963017623606634,bronze
user_0028,2024-01-01 11:27:41.739559613,5.976403511057946,bronze
user_0049,2024-01-01 16:00:21.085460758,5.060660403590632,silver
user_0099,2024-01-03 04:36:21.606309567,5.6161093928468135,bronze
user_0021,2024-01-01 23:11:15.391661308,4.068166740585624,gold
user_0101,2024-01-04 10:54:42.834266398,5.2312431009740825,gold
user_0015,2024-01-02 01:39:25.808432320,6.603306811105622,gold
user_0026,2024-01-05 03:21:25.271530588,6.122694853721982,silver
user_0088,2024-01-01 12:28:50.332209294,7.477287846470243,platinum
user_0119,2024-01-01 23:09:06.997237296,5.956532731086901,bronze
user_0025,2024-01-01 12:59:03.661692248,7.103231202523038,silver
user_0044,2024-01-03 09:41:00.430598997,5.413168321191475,bronze
user_0138,2024-01-01 09:17:18.893170359,7.423586535862225,platinum
user_0148,2024-01-01 15:45:58.941485686,4.2324039490242695,silver
user_0087,2024-01-03 11:13:11.362090605,5.805557658763571,gold
user_0067,2024-01-05 21:45:02.121427333,3.334240154901576,bronze
user_0052,2024-01-01 21:55:48.830702292,5.585225689986285,platinum
user_0091,2024-01-01 21:09:40.916357326,5.897096704104183,silver
user_0088,2024-01-01 18:02:03.795395391,4.295550388433072,silver
user_0044,2024-01-03 18:50:41.727539043,7.187660249983317,platinum
user_0003,2024-01-01 13:11:24.994255490,6.283024898260559,silver
user_0022,2024-01-01 18:00:38.768742773,5.685112012129896,silver
user_0143,2024-01-01 20:59:32.727200470,4.9390289930735864,silver
user_0062,2024-01-02 07:22:13.344753485,5.209696877098413,bronze
user_0072,2024-01-01 09:17:52.726103041,3.9575740445221874,bronze
user_0070,2024-01-02 16:21:22.971094504,4.7391897887290355,bronze
user_0117,2024-01-05 08:35:51.211852524,5.370933692491884,bronze
user_0009,2024-01-05 13:11:46.596098659,5.918541020429347,gold
user_0012,2024-01-01 21:13:29.325469227,6.945130300666787,silver
user_0041,2024-01-02 18:28:56.606282323,4.561634556959691,silver
user_0072,2024-01-01 13:03:52.807990931,6.244270893498898,silver
user_0100,2024-01-02 00:21:47.783179766,4.728830052920875,silver
user_0073,2024-01-01 23:44:42.276984705,5.327320558425957,silver
user_0066,2024-01-02 03:39:48.256636013,7.718589320165404,platinum
user_0140,2024-01-01 09:17:59.889142503,6.913248873242523,platinum
user_0024,2024-01-02 07:32:48.262128265,5.967284473759758,silver
user_0085,2024-01-01 09:29:13.575071215,5.926894449102639,bronze
user_0081,2024-01-01 18:58:18.569225343,5.998662836190915,silver
user_0071,2024-01-04 07:14:11.472078152,4.849696906957587,silver
user_0121,2024-01-03 15:31:46.612706948,6.620163935441778,silver
user_0040,2024-01-01 21:12:04.126371818,7.185071884152492,silver
user_0143,2024-01-02 10:00:11.227772414,6.0944033153759065,silver
user_0049,2024-01-02 00:16:08.615231881,5.3905131053414514,bronze
user_0081,2024-01-02 00:21:38.677077196,5.800344002045214,bronze
user_0078,2024-01-01 18:03:21.805060402,4.741327661201047,silver
user_0127,2024-01-01 02:18:07.223940939,5.540770689492505,bronze
user_0065,2024-01-06 09:13:57.524633019,3.947593662894973,bronze
user_0042,2024-01-02 06:14:01.847158108,5.953293324860702,gold
user_0003,2024-01-01 20:45:54.074963871,7.291613927611997,silver
user_0054,2024-01-06 01:22:17.712148380,4.961631170607774,bronze
user_0123,2024-01-01 21:11:18.384994819,5.651498042432349,silver
user_0001,2024-01-03 05:00:03.203573079,6.827636852839312,gold
user_0134,2024-01-01 10:01:18.898728268,5.090412597264661,bronze
user_0081,2024-01-02 04:44:50.712652501,5.706185454508093,gold
user_0021,2024-01-02 05:06:01.043890217,6.373010777721148,platinum
user_0045,2024-01-03 00:58:40.670899477,5.609739351482541,silver
user_0083,2024-01-05 18:05:53.869559209,4.6174442512100935,silver
user_0047,2024-01-01 03:23:45.877251627,5.257103703111688,bronze
user_0016,2024-01-01 15:27:51.263030023,6.108316512759905,platinum
user_0099,2024-01-03 09:46:07.206759003,6.4063679711241255,silver
user_0100,2024-01-02 13:53:45.487201040,5.881224059951304,platinum
user_0017,2024-01-02 06:08:41.845717585,6.373094344853227,silver
user_0042,2024-01-02 17:19:13.584057815,7.048012428874295,bronze
user_0036,2024-01-01 09:07:10.172693351,4.5930763665288,bronze
user_0098,2024-01-05 14:13:04.968356939,5.149915261795885,silver
user_0109,2024-01-01 07:14:06.904093905,5.70428808801486,silver
user_0109,2024-01-01 09:09:44.749991778,4.307661341693479,bronze
user_0140,2024-01-01 13:32:58.748062977,5.829351585044251,gold
user_0115,2024-01-02 02:33:50.993248024,5.671612556656028,gold
user_0048,2024-01-04 04:22:31.472183196,5.717884895287661,silver
user_0016,2024-01-01 19:06:40.110669367,5.666440833013826,silver
user_0092,2024-01-04 12:31:34.512055737,4.848854641586256,bronze
user_0137,2024-01-01 08:33:01.680060110,6.6898041955283825,gold
user_0146,2024-01-01 23:26:55.090580124,4.668548028221328,bronze
user_0034,2024-01-02 00:22:16.565575158,5.151398565247743,gold
user_0035,2024-01-06 03:03:51.067914100,6.095306254825869,silver
user_0005,2024-01-01 13:06:59.425155586,5.935413498699211,silver
user_0021,2024-01-02 12:21:21.899593608,3.826141297237853,bronze
user_0083,2024-01-05 19:57:27.569882211,5.729175251805545,bronze
user_0082,2024-01-02 05:09:35.039544818,5.412447231190341,gold
user_0055,2024-01-02 07:19:04.249870402,5.343632406816847,silver
user_0046,2024-01-01 23:32:08.330288056,5.378212753419551,silver
user_0124,2024-01-05 13:02:25.549451574,6.4128816098712065,platinum
user_0069,2024-01-04 15:31:47.212103264,7.785776434428492,platinum
user_0121,2024-01-04 01:41:31.138432112,6.549246839791624,gold
user_0144,2024-01-01 16:54:25.950797456,5.890618721605931,bronze
user_0047,2024-01-01 17:34:14.872719895,4.839679621369267,silver
user_0030,2024-01-02 00:17:39.620352360,6.615103379423825,gold
user_0142,2024-01-01 01:48:00.070652199,5.059161235747741,silver
user_0095,2024-01-01 07:37:16.207438035,5.045097400512445,bronze
user_0043,2024-01-01 09:42:30.668596498,5.265024980519806,gold
user_0093,2024-01-01 02:25:05.988935823,5.9207874137689895,silver
user_0077,2024-01-01 15:17:03.439007718,3.3108369878423636,silver
user_0135,2024-01-04 21:35:52.466326165,5.472057142246421,platinum
user_0038,2024-01-04 05:12:46.239211371,6.991327942591527,silver
user_0148,2024-01-02 00:54:16.321322252,5.662773098954286,silver
user_0140,2024-01-01 20:54:12.356870896,6.272699272498215,silver
user_0027,2024-01-01 17:20:30.582112764,6.6155487838654174,silver
user_0024,2024-01-05 04:45:28.757712285,6.45133545861521,bronze
user_0079,2024-01-01 04:39:39.390054832,5.331102614502297,gold
user_0006,2024-01-02 05:54:19.521288085,4.824483186660261,gold
user_0044,2024-01-06 03:02:26.311124975,6.575802398788265,bronze
user_0065,2024-01-06 20:17:02.556037043,4.8210599043767575,bronze
user_0145,2024-01-02 10:10:05.408302457,7.639322606290886,gold
user_0148,2024-01-02 13:16:48.424258572,4.3077271941973185,bronze
user_0022,2024-01-02 06:19:34.266454283,7.677091153280479,silver
user_0133,2024-01-01 22:55:28.098381013,4.703833896025188,silver
user_0013,2024-01-03 01:04:56.249460660,7.343529519464995,silver
user_0112,2024-01-01 08:07:41.198440418,6.579392615078234,bronze
user_0126,2024-01-03 13:30:34.949948788,5.082900122210789,silver
user_0133,2024-01-02 06:23:41.516936075,4.441869166099173,silver
user_0033,2024-01-01 12:59:25.147053085,4.8241414716785975,silver
user_0134,2024-01-01 14:45:20.616488167,4.873603111183109,bronze
user_0017,2024-01-02 18:29:55.498590548,6.073570948243421,silver
user_0077,2024-01-02 05:53:16.169582716,5.204769195510558,silver
user_0070,2024-01-03 02:02:37.243131160,4.8755604470705665,bronze
user_0047,2024-01-02 09:11:42.858650780,5.275757746845823,bronze
user_0003,2024-01-02 08:38:09.830760239,3.686506213278057,bronze
user_0115,2024-01-02 10:10:56.630497039,6.0884653417024035,bronze
user_0050,2024-01-04 00:15:33.484009758,4.806004602590277,bronze
user_0099,2024-01-03 18:25:48.057043423,6.40956240417886,platinum
user_0061,2024-01-02 23:56:00.368595695,6.139677042056399,silver
user_0056,2024-01-01 14:08:45.316540546,7.020196925522204,gold
user_0132,2024-01-01 04:00:14.624824867,6.305354980382621,platinum
user_0014,2024-01-08 12:59:16.752109616,3.280732143046412,bronze
user_0110,2024-01-02 04:42:47.585629889,5.510413034948495,silver
user_0112,2024-01-01 14:17:07.260762335,6.185306062496888,gold
user_0056,2024-01-01 19:19:05.240795926,4.696901364786632,silver
user_0039,2024-01-02 01:25:18.026811875,5.569871927619746,silver
user_0000,2024-01-01 05:54:13.650580378,4.473025858234193,silver
user_0140,2024-01-04 09:35:30.769300204,3.7483671956156606,bronze
user_0142,2024-01-04 15:55:53.107594733,6.575005149810661,silver
user_0036,2024-01-01 15:10:27.450112158,6.033206002448615,platinum
user_0004,2024-01-01 23:45:24.712243344,6.2045052668257625,platinum
user_0018,2024-01-02 01:40:06.570199793,5.109026180778696,bronze
user_0010,2024-01-02 04:03:12.764981486,6.864391659689799,gold
user_0124,2024-01-05 21:24:35.940217366,5.873144882102991,bronze
user_0133,2024-01-02 08:34:07.503350989,5.697199511181532,platinum
user_0022,2024-01-02 21:45:13.248842672,5.351218022185097,bronze
user_0112,2024-01-05 06:34:58.051515276,6.796985009259275,platinum
user_0026,2024-01-05 07:44:59.471579899,6.68571159773111,gold
user_0055,2024-01-02 22:14:08.594045404,6.055448645221859,bronze
user_0089,2024-01-01 02:55:05.648755026,5.725558913123105,bronze
user_0107,2024-01-05 01:20:54.348060575,7.0484906018738736,gold
user_0131,2024-01-01 05:52:17.613946261,3.9029637120952074,bronze
user_0006,2024-01-04 14:07:15.389701642,4.560142255001793,silver
user_0029,2024-01-02 09:56:59.362281587,5.943126496515858,platinum
user_0042,2024-01-03 05:59:45.049479837,5.459519147176238,silver
user_0046,2024-01-02 04:38:16.828965077,4.7605804220907935,silver
user_0149,2024-01-06 08:06:40.592754032,4.358449643546626,silver
user_0116,2024-01-05 12:22:14.411747386,4.308895702738122,bronze
user_0048,2024-01-06 12:46:31.607569346,6.5210246597648105,platinum
user_0145,2024-01-02 20:36:43.020791977,4.7959169365686725,bronze
user_0074,2024-01-06 14:06:18.558958945,5.101255448653051,bronze
user_0075,2024-01-02 15:42:41.212322368,5.067329144392771,bronze
user_0065,2024-01-06 22:12:28.689326409,5.630292589128638,platinum
user_0021,2024-01-02 19:12:35.865556756,5.061535567058207,bronze
user_0140,2024-01-04 14:47:21.368893523,5.497321769834805,gold
user_0002,2024-01-02 02:30:34.123818621,6.135947945205807,gold
user_0026,2024-01-05 18:09:58.084752605,5.771679594519184,gold
user_0034,2024-01-02 01:50:15.111295590,4.886785566558915,platinum
user_0041,2024-01-03 03:39:25.685019560,5.4844409770720075,gold
user_0019,2024-01-02 09:00:09.879625475,5.368770993315945,platinum
user_0002,2024-01-02 12:52:29.685054949,4.693136944698492,bronze
user_0101,2024-01-04 21:13:32.608210651,5.20121613873807,gold
user_0145,2024-01-03 04:39:52.863544939,5.5589794322993695,silver
user_0018,2024-01-02 09:15:58.648431743,4.810008189836002,silver
user_0044,2024-01-06 04:38:23.175079644,6.480073127128295,gold
user_0075,2024-01-02 20:57:22.107528880,6.664222490822008,platinum
user_0139,2024-01-01 21:16:43.564938703,7.294628266937776,gold
user_0104,2024-01-02 20:08:00.867757043,5.336409892398686,silver
user_0114,2024-01-05 15:07:26.943974136,4.969452605037086,silver
user_0087,2024-01-03 22:48:05.625977273,5.24042668753019,silver
user_0062,2024-01-02 12:37:11.860069572,7.249258449044232,silver
user_0029,2024-01-02 15:06:55.050526599,4.126254463845575,silver
user_0129,2024-01-01 06:51:51.873152130,4.416806863953561,bronze
user_0120,2024-01-01 15:09:20.035814395,7.773418855219839,bronze
user_0003,2024-01-02 16:11:56.794025901,5.762942355336334,gold
user_0107,2024-01-05 03:34:12.242047578,4.6559640155569335,silver
user_0012,2024-01-01 22:38:53.180206803,5.96226412450413,platinum
user_0110,2024-01-02 10:52:07.929787730,3.2578664940776894,silver
user_0123,2024-01-02 03:03:01.092583294,6.056033725747612,bronze
user_0019,2024-01-02 13:51:48.808712983,5.808099581751842,bronze
user_0065,2024-01-07 06:12:48.976233605,4.052231701970863,bronze
user_0018,2024-01-02 13:19:17.873282073,6.310013872683096,platinum
user_0085,2024-01-01 12:17:07.048304875,6.244123177930989,bronze
user_0139,2024-01-02 04:27:48.344188995,4.770930715251542,silver
user_0012,2024-01-05 20:26:08.731580725,5.372247869723176,platinum
user_0059,2024-01-03 20:40:24.772443826,6.239304644706774,platinum
user_0145,2024-01-03 19:23:01.222741012,4.25514293643852,bronze
user_0045,2024-01-03 08:55:56.461664077,4.9606919113223364,bronze
user_0019,2024-01-02 15:27:12.055396779,4.150622193341718,bronze
user_0073,2024-01-02 13:29:09.420776962,5.064561297212927,bronze
user_0076,2024-01-01 09:16:23.281220362,5.3104256414423565,bronze
user_0099,2024-01-04 05:22:47.082129550,5.634099307351389,silver
user_0047,2024-01-02 18:02:33.928530977,6.202941967215415,platinum
user_0143,2024-01-02 20:18:15.596731690,5.905656472138028,silver
user_0078,2024-01-02 01:03:25.399106966,4.776024544201439,silver
user_0042,2024-01-03 09:52:50.007654723,6.041937449400173,bronze
user_0144,2024-01-02 06:03:41.683222868,6.301618411858795,gold
user_0138,2024-01-01 18:14:37.524121345,5.639507898905678,silver
user_0074,2024-01-07 01:07:57.250636459,7.381513572471059,gold
user_0003,2024-01-03 06:25:03.387672174,5.809623613225567,platinum
user_0089,2024-01-01 16:12:59.445333291,6.266167384111065,bronze
user_0083,2024-01-06 04:04:32.194698355,6.644513232362568,bronze
user_0022,2024-01-03 04:32:57.441400964,6.316009523099469,bronze
user_0095,2024-01-01 13:11:41.420083421,4.814013160164261,silver
user_0126,2024-01-03 22:40:56.851768019,4.966932821930652,platinum
user_0015,2024-01-02 09:06:52.933178238,6.791941942613506,silver
user_0108,2024-01-02 13:10:17.813117887,6.00491414189334,gold
user_0021,2024-01-03 10:03:14.810228126,4.00102277252797,silver
user_0112,2024-01-05 15:59:01.155232030,6.176346829161185,bronze
user_0062,2024-01-03 02:02:58.843857630,4.928163247171002,bronze
user_0000,2024-01-01 20:33:10.257917921,4.435122702582047,silver
user_0144,2024-01-02 15:51:11.589954242,6.588474950318724,silver
user_0024,2024-01-05 06:17:54.102681443,5.439622033381421,silver
user_0089,2024-01-01 21:10:11.127117849,5.0995861691459545,bronze
user_0027,2024-01-02 04:04:42.068468869,6.794690519761618,gold
user_0139,2024-01-02 06:51:42.127673038,5.944794083225903,bronze
user_0110,2024-01-04 20:35:41.211886187,7.276759067171356,platinum
user_0120,2024-01-02 01:16:48.276690847,6.443334049086599,bronze
user_0064,2024-01-05 10:00:00.469303735,5.145957423926115,bronze
user_0070,2024-01-03 04:24:38.341184185,3.380332316447054,silver
user_0095,2024-01-01 18:37:29.109191564,4.716443248243771,silver
user_0117,2024-01-05 23:58:58.636589197,6.329643339917724,silver
user_0127,2024-01-01 14:01:32.735961245,4.359403321452621,silver
user_0002,2024-01-05 17:45:42.834274558,5.72773427176615,platinum
user_0099,2024-01-04 20:35:00.558464446,5.470483879154307,silver
user_0016,2024-01-02 02:03:02.345036248,6.826658531384509,silver
user_0043,2024-01-01 12:39:15.986369364,5.175476396447987,silver
user_0124,2024-01-06 02:31:03.751892820,5.4051946977819645,bronze
user_0037,2024-01-01 02:21:19.379341875,5.529172015443927,silver
user_0119,2024-01-02 02:31:28.061874507,6.237636909356969,bronze
user_0069,2024-01-04 18:40:47.692096844,5.581531816292316,silver
user_0034,2024-01-02 05:00:44.168088235,5.658962629839196,bronze
user_0050,2024-01-04 04:12:50.394576984,5.66337357119161,platinum
user_0079,2024-01-03 15:10:10.008362916,5.410086589648909,silver
user_0114,2024-01-07 22:40:32.981198205,5.721326947945199,gold
user_0090,2024-01-01 22:25:34.062556810,5.207219565922305,silver
user_0139,2024-01-05 04:35:22.478837641,6.450825013364867,bronze
user_0130,2024-01-01 04:30:48.186515397,6.41029174022886,gold
user_0113,2024-01-02 10:23:30.523941573,6.014169281170428,silver
user_0090,2024-01-02 06:25:38.720556432,6.083289400436131,gold
user_0043,2024-01-02 04:35:54.299768077,5.938716861326563,silver
user_0061,2024-01-03 07:16:47.033455913,5.155652594808885,silver
user_0017,2024-01-05 10:42:24.124173136,5.455110008622959,gold
user_0056,2024-01-01 20:31:48.075841058,6.521686165506479,silver
user_0138,2024-01-02 02:02:29.888613994,5.888248427405021,bronze
user_0063,2024-01-01 03:42:19.100968261,4.488603729200458,silver
user_0017,2024-01-05 17:03:48.366351552,5.705018412649877,silver
user_0097,2024-01-01 16:48:23.978663593,4.5656020509675095,platinum
user_0144,2024-01-02 19:36:55.107680298,5.714963304293789,silver
user_0130,2024-01-01 07:48:01.378000230,6.66174794898113,silver
user_0041,2024-01-03 13:50:25.747379828,5.470657950144545,gold
user_0068,2024-01-04 04:08:42.858445436,5.472548157917746,silver
user_0079,2024-01-03 16:48:52.183902879,3.303704271442362,gold
user_0037,2024-01-01 11:34:45.626800871,5.261077610069376,silver
user_0040,2024-01-02 04:59:33.800607909,5.598262208713936,bronze
user_0035,2024-01-09 13:57:49.976604422,6.989871958070338,gold
user_0149,2024-01-06 12:00:43.402184664,6.24258305943764,bronze
user_0111,2024-01-02 09:26:53.370925835,5.041097843420204,bronze
user_0126,2024-01-04 13:53:09.035489240,5.7915468203588905,silver
user_0122,2024-01-01 16:04:06.188782936,5.279665553011325,gold
user_0143,2024-01-03 10:52:55.658193508,5.986742210316408,gold
user_0015,2024-01-02 15:26:26.177001168,4.528018163388366,bronze
user_0132,2024-01-01 13:11:46.157468517,3.7322554500923775,bronze
user_0009,2024-01-05 20:05:13.768449928,5.731073556785316,platinum
user_0071,2024-01-04 20:56:20.495928753,6.122963359666753,bronze
user_0089,2024-01-02 10:29:35.109680347,4.978525837571962,bronze
user_0053,2024-01-01 20:06:24.196062610,4.856806980852233,bronze
user_0021,2024-01-04 00:55:25.922089683,4.195388250477821,silver
user_0028,2024-01-01 16:21:30.844823435,4.649896934399733,gold
user_0123,2024-01-02 08:01:35.266166344,7.4258444841406615,gold
user_0047,2024-01-03 05:48:19.983295459,3.9165697078731734,gold
user_0046,2024-01-02 15:40:24.850191751,4.7872853551896295,bronze
user_0138,2024-01-02 09:46:14.170246919,5.74035026815923,silver
user_0021,2024-01-04 14:40:07.411021770,4.791477416405263,silver
user_0137,2024-01-01 23:51:06.373487393,5.2082892793358,bronze
user_0138,2024-01-02 22:46:18.385983261,3.9141232115078566,bronze
user_0089,2024-01-02 22:02:52.647126549,4.555750990326938,bronze
user_0024,2024-01-05 16:05:25.498260835,5.341252786016312,bronze
user_0023,2024-01-01 23:19:25.766826225,5.491955584093809,silver
user_0042,2024-01-03 21:18:31.608099963,7.236517383401933,gold
user_0086,2024-01-01 22:04:50.282184542,5.057618912193527,bronze
user_0023,2024-01-02 10:01:50.181382195,6.351664024880956,silver
user_0068,2024-01-04 07:46:03.081293171,5.909507978122336,gold
user_0017,2024-01-08 13:10:24.772265923,6.734244511291543,gold
user_0081,2024-01-02 14:21:25.859892734,5.99273283124968,gold
user_0003,2024-01-03 14:10:40.833641013,6.230983285423743,silver
user_0106,2024-01-01 05:06:46.929723843,6.009707147808219,gold
user_0008,2024-01-01 07:02:31.081091934,5.63374100916877,bronze
user_0029,2024-01-03 05:57:49.121431157,4.126524422037587,silver
user_0026,2024-01-06 04:25:17.321901273,2.718446103640537,bronze
user_0124,2024-01-08 11:53:24.049013923,6.63147707526483,silver
user_0008,2024-01-01 19:30:50.980303150,6.031773788882388,silver
user_0064,2024-01-05 13:47:49.055136243,5.531274175686713,bronze
user_0088,2024-01-01 23:52:56.989028002,5.367276318819964,gold
user_0077,2024-01-02 16:12:53.164047916,6.181313425344006,bronze
user_0102,2024-01-02 20:14:32.106667073,4.986319825104224,bronze
user_0120,2024-01-02 12:09:41.262108014,5.885011306383678,bronze
user_0059,2024-01-04 02:15:39.983426106,6.114314174284649,silver
user_0124,2024-01-08 14:19:20.153259719,7.305632320511588,bronze
user_0047,2024-01-03 17:43:25.163798679,5.005056700013821,silver
user_0147,2024-01-01 10:16:58.290323030,5.2660748845429035,bronze
user_0075,2024-01-03 10:22:20.103701320,4.628183922341744,gold
user_0110,2024-01-05 05:05:58.255064838,7.533618056269003,platinum
user_0131,2024-01-01 10:53:22.896458433,5.768598708461009,silver
user_0118,2024-01-02 22:48:04.476091894,6.4660348200899485,silver
user_0127,2024-01-01 22:16:44.435012504,8.505424078854045,gold
user_0080,2024-01-01 12:58:23.439466473,6.75780758867616,platinum
user_0006,2024-01-04 20:53:58.730989727,4.243942577471673,silver
user_0073,2024-01-02 16:46:27.963429887,5.5542465779460715,gold
user_0027,2024-01-02 12:16:02.831112867,5.557811974116289,platinum
user_0133,2024-01-02 23:11:52.863066799,4.943638145681958,gold
user_0035,2024-01-10 00:21:58.053355460,5.903972577649031,silver
user_0034,2024-01-02 13:40:01.767610324,4.362084515915927,bronze
user_0037,2024-01-01 12:53:05.524379828,4.069259002545105,bronze
user_0096,2024-01-01 16:18:09.837375145,7.325284635364737,silver
user_0085,2024-01-02 01:13:15.313899625,6.164238269176568,silver
user_0142,2024-01-05 00:51:57.662388031,5.88565371309657,silver
user_0062,2024-01-05 21:03:02.095672682,6.639728719537869,silver
user_0042,2024-01-04 02:08:12.888678312,6.443177257578594,silver
user_0007,2024-01-04 09:26:57.052005399,6.446416322847913,gold
user_0001,2024-01-03 12:14:09.826001141,5.694389658136763,bronze
user_0056,2024-01-02 05:35:50.917386949,5.261022629496846,bronze
user_0138,2024-01-03 06:52:53.547526830,6.727723090308491,gold
user_0078,2024-01-02 02:09:06.930057911,6.954919948367671,gold
user_0134,2024-01-01 16:49:19.335923200,7.219999822882464,platinum
user_0015,2024-01-02 19:33:04.312264095,6.1705674209109125,gold
user_0013,2024-01-03 06:17:08.675335705,7.932325541150326,gold
user_0125,2024-01-01 08:01:12.619159870,5.237780174752277,bronze
user_0016,2024-01-02 06:47:01.850356232,5.979510583981609,silver
user_0007,2024-01-07 05:26:39.999431165,5.758491215620715,bronze
user_0060,2024-01-02 10:22:02.499134411,4.839317114264385,silver
user_0138,2024-01-03 18:29:02.862914514,5.946638691803693,platinum
user_0103,2024-01-01 05:25:33.244876956,4.514354453586649,bronze
user_0014,2024-01-08 22:19:16.909357132,5.017684535694247,silver
user_0125,2024-01-01 23:48:28.691983756,4.454647482522563,bronze
user_0126,2024-01-05 04:22:05.147675434,5.014431182331734,bronze
user_0120,2024-01-02 15:04:20.112681149,5.767289479854182,bronze
user_0135,2024-01-05 05:51:45.508115180,6.224283110587255,bronze
user_0035,2024-01-10 13:28:07.113503745,7.47360935400463,platinum
user_0146,2024-01-02 02:27:26.535337414,3.5083516909831105,silver
user_0048,2024-01-09 12:57:28.640376135,6.868102484648355,gold
user_0120,2024-01-06 02:05:06.487229588,5.508540038617552,silver
user_0086,2024-01-02 11:37:08.073132411,6.400269846781214,bronze
user_0116,2024-01-05 21:09:28.014092087,5.404225573230608,bronze
user_0094,2024-01-06 03:57:55.800919600,5.437681762099938,gold
user_0096,2024-01-01 18:50:17.398948066,5.574147072220269,bronze
user_0092,2024-01-05 01:37:11.012446779,6.015624282937797,platinum
user_0116,2024-01-06 07:22:27.098813346,6.491658058421381,bronze
user_0110,2024-01-05 17:21:56.637730912,5.482899752996817,silver
user_0020,2024-01-01 19:53:22.106339087,6.027236286163708,gold
user_0123,2024-01-02 12:03:49.474809548,6.641034754912441,bronze
user_0080,2024-01-01 19:19:24.850647864,5.838161610482388,bronze
user_0048,2024-01-09 15:39:36.826763628,5.327565357188976,platinum
user_0077,2024-01-02 19:59:51.470288040,5.8916961757186,bronze
user_0145,2024-01-03 21:27:04.339158596,4.915902377406655,silver
user_0128,2024-01-06 05:41:21.441987792,6.249509474371374,silver
user_0125,2024-01-02 01:01:09.802838696,4.846427316066737,bronze
user_0069,2024-01-04 21:58:19.608355662,5.175929573331469,gold
user_0117,2024-01-06 14:04:27.150544841,7.720647319615162,gold
user_0057,2024-01-01 11:00:42.880425400,4.847753430553846,silver
user_0102,2024-01-03 01:04:44.261952023,7.080862266373959,gold
user_0095,2024-01-01 20:06:57.999625802,5.316957921855379,bronze
user_0037,2024-01-02 01:28:47.363794163,4.855142636979704,bronze
user_0039,2024-01-04 10:29:58.323239821,5.451734155538694,silver
user_0009,2024-01-06 10:06:34.129082497,5.573499034438125,platinum
user_0020,2024-01-02 06:43:08.676239479,4.350205076531663,bronze
user_0065,2024-01-07 19:38:07.606803831,3.9432833087675863,bronze
user_0071,2024-01-05 05:34:15.325422520,5.015118126836819,silver
user_0024,2024-01-05 21:02:25.985632557,7.494155655701911,gold
user_0062,2024-01-05 22:21:44.584194378,5.844774899122378,bronze
user_0090,2024-01-02 19:25:49.517480404,4.361929544807605,silver
user_0034,2024-01-02 16:54:52.740575710,6.321748957514269,gold
user_0050,2024-01-04 13:10:31.240281531,5.518019333339699,silver
user_0055,2024-01-03 00:17:43.732697045,5.138679410322092,bronze
user_0075,2024-01-06 09:14:06.552284915,5.634996750740017,bronze
user_0054,2024-01-06 06:33:24.241532743,5.479849676096892,silver
user_0110,2024-01-06 07:40:51.421266772,4.570300931790842,silver
user_0049,2024-01-02 13:31:23.810701712,7.266401133925939,gold
user_0065,2024-01-08 04:18:46.015804686,5.197446506021788,silver
user_0056,2024-01-02 18:49:48.066206924,5.497471023080235,silver
user_0027,2024-01-03 00:37:17.393253763,6.024209091474572,platinum
user_0102,2024-01-03 09:15:23.934842858,6.711101122486526,silver
user_0035,2024-01-11 03:24:20.945320852,5.816796781002917,silver
user_0044,2024-01-06 06:16:14.762950509,5.66519421307207,platinum
user_0118,2024-01-03 12:39:08.257051481,5.172649808859225,bronze
user_0142,2024-01-05 12:21:58.210707670,7.53780619880939,gold
user_0100,2024-01-05 07:35:53.149149623,6.681254034567977,gold
user_0137,2024-01-02 02:47:53.261751299,5.602410920070627,bronze
user_0128,2024-01-06 09:02:00.236752113,6.780484239062054,silver
user_0072,2024-01-01 17:18:37.830659813,5.383805296733946,bronze
user_0115,2024-01-02 20:15:13.061015001,4.8870516829467325,bronze
user_0049,2024-01-04 17:35:28.718775501,5.2575265312106545,silver
user_0069,2024-01-08 02:41:49.461197292,5.592695619843578,bronze
user_0080,2024-01-02 02:22:04.838703472,5.4453187642601995,gold
user_0144,2024-01-03 05:27:16.643678186,6.999630443138543,platinum
user_0127,2024-01-02 09:35:59.768599972,6.272378130862228,gold
user_0073,2024-01-03 04:28:56.440423346,3.5746030503552717,bronze
user_0097,2024-01-01 23:03:40.062145024,5.135677891369346,bronze
user_0030,2024-01-04 07:11:55.378059700,5.632405129210533,bronze
user_0120,2024-01-06 08:14:56.407735400,6.386220235478473,bronze
user_0082,2024-01-02 15:34:17.128410617,5.837283347237749,platinum
user_0079,2024-01-04 05:47:06.316971567,5.033965633485857,silver
user_0114,2024-01-08 11:58:18.862373450,4.2049656681590655,bronze
user_0094,2024-01-09 10:05:25.210592964,6.368743061320289,gold
user_0010,2024-01-02 16:52:17.202391314,5.48199193643167,silver
user_0043,2024-01-02 11:33:09.853307339,6.699231301849272,bronze
user_0026,2024-01-06 13:41:02.231812907,5.376398049588229,bronze
user_0110,2024-01-06 09:33:52.849590905,5.179303934526879,silver
user_0005,2024-01-01 22:22:51.503593316,6.6132217065038,gold
user_0030,2024-01-07 19:02:48.177734342,5.593245855420224,bronze
user_0089,2024-01-03 12:51:12.214636468,7.10425255161514,platinum
user_0104,2024-01-03 11:13:45.761150274,5.318604237227833,gold
user_0075,2024-01-09 08:30:56.864019900,5.184401777781519,gold
user_0129,2024-01-01 08:55:08.674634611,5.546408918896359,bronze
user_0137,2024-01-04 04:58:14.415756465,6.791080627190419,bronze
user_0019,2024-01-03 04:37:38.279604999,4.234114605472334,gold
user_0142,2024-01-05 15:14:07.164427964,6.78061581740097,bronze
user_0092,2024-01-05 06:08:02.974890623,5.132110954475047,silver
user_0095,2024-01-02 11:21:38.310587345,4.523675972295001,gold
user_0014,2024-01-09 12:28:44.379141594,2.6229821979498755,bronze
user_0093,2024-01-01 15:54:11.231363569,5.369026341383524,gold
user_0108,2024-01-02 15:11:48.599199249,6.332308341218689,platinum
user_0087,2024-01-04 00:34:51.061180208,5.478359663446071,gold
user_0012,2024-01-06 07:48:32.655524524,6.1719331212172435,silver
user_0078,2024-01-02 07:51:36.809498827,5.927997944406075,gold
user_0140,2024-01-05 02:54:52.648605960,4.380860279065322,silver
user_0108,2024-01-03 00:19:28.435485279,5.61835349095389,gold
user_0020,2024-01-02 22:24:04.343579620,5.197401462074472,gold
user_0143,2024-01-03 13:39:14.724108577,6.36019028392234,gold
user_0143,2024-01-03 23:29:08.346390015,4.744390363577713,bronze
user_0025,2024-01-01 20:27:49.828769225,6.017673799032358,bronze
user_0120,2024-01-06 11:01:53.095017548,5.071450803331588,bronze
user_0061,2024-01-03 10:45:51.219830579,4.994456442594529,silver
user_0089,2024-01-03 16:23:55.848977528,5.186274197511103,silver
user_0066,2024-01-02 07:35:31.304279615,6.892607449046612,silver
user_0117,2024-01-06 15:28:02.455798476,5.64485494568662,silver
user_0149,2024-01-06 17:48:49.059542536,5.744101194667708,gold
user_0119,2024-01-02 10:35:54.611949424,7.929008341671624,platinum
user_0139,2024-01-05 19:19:07.447936081,7.52357105365468,bronze
user_0141,2024-01-01 18:46:44.974042974,7.110829914806854,gold
user_0013,2024-01-03 16:00:56.606510329,7.312189822956683,silver
user_0038,2024-01-04 17:37:02.211768094,6.701575442571457,silver
user_0108,2024-01-03 11:07:31.776258678,4.666712000356237,bronze
user_0088,2024-01-02 07:28:08.257338331,5.831040930632507,gold
user_0007,2024-01-07 17:47:31.856284013,5.61858741258093,platinum
user_0014,2024-01-10 01:09:12.719258151,5.664312609347526,gold
user_0078,2024-01-02 20:03:33.261557804,6.269937041979679,platinum
user_0092,2024-01-07 19:58:17.114463673,5.726412542602508,platinum
user_0025,2024-01-02 06:23:49.225219932,5.099301764335138,silver
user_0025,2024-01-02 13:01:51.947714883,5.4696904179204715,silver
user_0019,2024-01-03 08:04:43.461164389,6.026728257708781,silver
user_0084,2024-01-07 00:28:18.532435205,6.2026929680834835,platinum
user_0001,2024-01-03 15:29:45.074902519,3.674702546671469,bronze
user_0085,2024-01-02 13:50:57.909518057,5.348973736884654,silver
user_0071,2024-01-05 06:46:49.852271117,4.529010208505537,gold
user_0069,2024-01-11 03:41:53.240087682,5.533944342436327,bronze
user_0101,2024-01-05 00:55:49.426294391,6.244246819834006,gold
user_0078,2024-01-03 00:29:08.831030543,6.177778740176296,silver
user_0109,2024-01-01 15:51:05.111323436,5.622894068917218,platinum
user_0114,2024-01-08 15:02:36.518218361,5.596406806494278,gold
user_0138,2024-01-03 19:55:53.796747216,5.036164875277707,bronze
user_0119,2024-01-03 01:07:40.165219241,5.881143582413038,gold
user_0077,2024-01-03 02:34:39.673150901,5.608292165646004,bronze
user_0073,2024-01-03 13:59:33.910610105,5.9886532717348775,silver
user_0035,2024-01-11 07:57:00.610802766,7.0081221254598915,silver
user_0089,2024-01-03 21:55:32.262399790,5.538310926260371,gold
user_0020,2024-01-05 14:11:29.530048151,5.319856009162906,bronze
user_0139,2024-01-06 09:59:54.780904940,5.418858596721273,bronze
user_0126,2024-01-05 12:14:20.308922827,6.87838828556796,gold
user_0017,2024-01-08 21:30:50.168883586,5.185064276879356,silver
user_0117,2024-01-06 16:46:16.428839433,5.577159003355687,silver
user_0017,2024-01-09 13:07:08.028834946,3.257152270456382,bronze
user_0108,2024-01-03 22:01:56.197137321,4.914195481274934,bronze
user_0013,2024-01-03 22:01:47.370742906,6.8029403039304785,gold
user_0073,2024-01-03 23:45:13.331115692,4.607842200277496,bronze
user_0098,2024-01-09 05:58:10.802810403,6.771567198403318,silver
user_0109,2024-01-01 23:04:21.839428184,5.325546065971845,platinum
user_0062,2024-01-06 13:54:09.694184102,5.206765472245136,bronze
user_0138,2024-01-03 23:12:04.419106876,5.491059542579461,gold
user_0116,2024-01-06 18:15:07.582887285,4.984922402505285,bronze
user_0031,2024-01-01 04:31:55.659201693,7.719111535766641,gold
user_0100,2024-01-05 12:46:38.443346865,7.212230869428136,gold
user_0109,2024-01-02 00:40:48.782832587,5.295785295722025,gold
user_0050,2024-01-04 23:59:38.018460597,4.5619514378530335,bronze
user_0110,2024-01-06 14:07:55.960374522,4.593335188892307,silver
user_0134,2024-01-02 08:22:26.707530066,7.759015225112184,gold
user_0122,2024-01-02 02:36:25.829103156,6.476230055589016,bronze
user_0114,2024-01-08 19:39:56.927491938,4.5183403242488005,bronze
user_0095,2024-01-02 16:33:49.159474085,4.124401837425541,bronze
user_0040,2024-01-02 07:40:27.159158934,5.517582011104072,platinum
user_0119,2024-01-03 10:07:55.641651993,6.932579678608957,gold
user_0054,2024-01-06 20:18:47.525495005,6.070494184787869,silver
user_0079,2024-01-04 08:23:35.702648014,4.099911433646115,gold
user_0047,2024-01-04 00:05:15.467150724,5.030747024694022,silver
user_0046,2024-01-03 00:04:55.976322088,6.959222941635546,silver
user_0023,2024-01-02 22:35:20.383732588,5.968989298055216,silver
user_0144,2024-01-06 03:50:26.325568862,7.403044517190474,silver
user_0022,2024-01-03 12:27:18.803103986,6.2772910124405525,bronze
user_0012,2024-01-06 14:46:16.256043820,5.209204720595416,gold
user_0140,2024-01-05 06:43:49.308418245,5.444261234317162,gold
user_0083,2024-01-06 09:53:47.831426048,5.43085003824644,bronze
user_0065,2024-01-08 13:02:55.445576461,4.467726435474581,silver
user_0110,2024-01-06 16:57:44.766695116,4.345845040194023,bronze
user_0057,2024-01-01 16:31:00.142558042,7.640365563121887,platinum
user_0019,2024-01-03 13:33:24.742597004,5.627157664968502,platinum
user_0109,2024-01-02 05:21:33.138360487,7.1226199714470555,platinum
user_0026,2024-01-09 10:07:57.159645305,4.512447265122982,bronze
user_0082,2024-01-03 05:19:47.473364300,6.108427507394545,bronze
user_0142,2024-01-06 00:36:13.045066949,6.144321282651221,bronze
user_0140,2024-01-05 17:57:04.343324653,4.401052081050092,bronze
user_0054,2024-01-07 05:34:28.505673977,5.688198726539154,bronze
user_0117,2024-01-06 22:31:40.944580690,3.7253540512518675,bronze
user_0091,2024-01-02 05:23:00.859443341,6.750258545055623,platinum
user_0071,2024-01-05 09:07:52.824311352,2.9785600181084373,bronze
user_0020,2024-01-06 04:10:36.629957295,4.202092379450577,bronze
user_0056,2024-01-03 01:19:17.771966613,6.666383780023354,gold
user_0097,2024-01-04 01:27:13.777252228,6.202829323735096,silver
user_0147,2024-01-01 18:41:05.751771575,5.582467109498244,gold
user_0000,2024-01-02 01:40:33.620055671,3.884938503847766,silver
user_0107,2024-01-05 08:21:13.784465748,6.069447244127899,gold
user_0126,2024-01-05 17:29:43.246096347,6.1123638201746315,silver
user_0142,2024-01-09 09:43:03.448243383,4.471250171513144,silver
user_0063,2024-01-04 12:27:55.749124310,5.73796778689223,gold
user_0017,2024-01-10 01:18:37.657366808,5.85104195735876,silver
user_0040,2024-01-02 19:32:08.950055080,5.141734945085444,bronze
user_0127,2024-01-05 19:40:32.004643697,6.065333968491476,silver
user_0131,2024-01-01 15:31:44.666358815,5.243916042849824,bronze
user_0095,2024-01-03 05:45:59.593151433,5.613810713415161,gold
user_0018,2024-01-03 00:13:49.391759317,3.9897175602957184,bronze
user_0018,2024-01-03 01:47:16.067497561,5.645549588797487,bronze
user_0071,2024-01-05 18:46:10.196272288,4.193475101219582,bronze
user_0088,2024-01-02 21:36:50.869485797,5.360266089663935,gold
user_0004,2024-01-02 06:13:11.226556660,5.7732381780684285,bronze
user_0102,2024-01-03 13:06:58.643699582,6.923806643370788,silver
user_0081,2024-01-02 16:32:35.595470602,6.106308989265307,gold
user_0001,2024-01-03 17:37:32.930674588,5.621909202146531,bronze
user_0014,2024-01-10 14:00:45.199667153,4.686339777928729,gold
user_0068,2024-01-04 23:29:11.242833347,5.217558347711314,bronze
user_0108,2024-01-04 10:34:05.540484681,5.117706255142974,bronze
user_0123,2024-01-03 02:45:17.267473329,7.300856308827906,silver
user_0064,2024-01-06 04:03:00.831073815,5.955724137646854,platinum
user_0044,2024-01-06 14:43:18.603109284,5.531579862319421,bronze
user_0145,2024-01-04 01:29:31.313904980,6.157489093474887,silver
user_0068,2024-01-05 15:09:25.550815253,4.94841289922468,bronze
user_0047,2024-01-04 03:48:53.501608609,4.408375675007969,silver
user_0066,2024-01-02 14:33:09.616285975,8.090700256281208,silver
user_0001,2024-01-04 08:28:15.722263165,4.717433947733154,silver
user_0045,2024-01-03 19:42:28.194645278,5.59805237756834,silver
user_0077,2024-01-03 08:24:18.448314517,5.305005207925963,bronze
user_0137,2024-01-04 09:14:15.525858362,6.444829605501447,silver
user_0110,2024-01-07 08:33:40.590160389,5.377148097038558,silver
user_0117,2024-01-07 04:04:57.781845749,5.620692515970276,silver
user_0081,2024-01-03 00:32:54.586770914,5.151512945663888,bronze
user_0016,2024-01-02 12:05:07.657737286,4.8074795002083555,silver
user_0058,2024-01-01 23:12:03.197862971,7.498278119648296,silver
user_0149,2024-01-07 02:29:47.126238732,5.341578192417557,bronze
user_0006,2024-01-05 11:58:43.707211483,5.400713180152347,bronze
user_0131,2024-01-02 06:01:23.101857515,5.201866756206657,silver
user_0102,2024-01-03 23:27:32.595855816,5.9098808746768885,gold
user_0042,2024-01-04 08:06:02.610788293,5.338136591605384,bronze
user_0116,2024-01-06 23:13:38.733400787,5.008223433349281,gold
user_0125,2024-01-02 08:43:38.546944566,5.926722053253798,silver
user_0006,2024-01-05 17:02:52.507137715,5.398462712663439,gold
user_0015,2024-01-02 21:20:48.060334375,6.9198204819850915,silver
user_0099,2024-01-05 07:55:47.164625231,4.293364806891848,silver
user_0149,2024-01-07 06:48:37.230798230,5.457353934919561,silver
user_0003,2024-01-03 15:11:30.843404508,5.721497223805202,platinum
user_0099,2024-01-05 09:30:50.939253702,6.4051994412814635,silver
user_0020,2024-01-06 20:05:56.014885263,4.096147056951619,silver
user_0097,2024-01-04 05:40:47.870892670,6.162786931657799,silver
user_0093,2024-01-01 23:51:31.278806069,7.391175628382746,gold
user_0013,2024-01-04 11:04:10.251578131,5.827877355046969,bronze
user_0102,2024-01-04 02:19:32.833666626,4.694344062334163,silver
user_0134,2024-01-02 22:25:31.858569211,5.235870432187439,silver
user_0129,2024-01-01 11:31:46.430517683,7.093830316929805,platinum
user_0004,2024-01-02 09:33:17.687201417,4.787916815271379,silver
user_0036,2024-01-02 05:55:14.845500320,6.064890953785667,silver
user_0036,2024-01-02 08:10:01.315333691,6.642899027831733,platinum
user_0067,2024-01-06 04:52:42.021614669,5.994243046271171,silver
user_0021,2024-01-04 20:46:26.012073795,4.630276509418829,bronze
user_0128,2024-01-06 14:08:20.058764392,4.563757905418956,bronze
user_0116,2024-01-07 04:49:28.673775991,4.670829096316783,bronze
user_0121,2024-01-06 15:54:37.956027232,6.381286663488884,bronze
user_0029,2024-01-03 09:05:52.402273213,4.869673739451896,silver
user_0002,2024-01-05 20:44:51.640002292,3.4431466375758633,gold
user_0136,2024-01-05 08:42:56.969844000,6.804370347853133,gold
user_0043,2024-01-02 13:15:04.155500694,4.460510136663258,bronze
user_0098,2024-01-09 18:01:36.997133131,5.75713385046151,silver
user_0136,2024-01-05 14:56:01.985576937,6.600073814112173,bronze
user_0005,2024-01-02 06:10:37.938117045,6.862068296857086,platinum
user_0000,2024-01-02 13:36:17.676752715,5.228088088754756,bronze
user_0000,2024-01-02 18:16:24.070290151,4.95466364289041,silver
user_0023,2024-01-03 12:24:24.834606866,7.027497404511682,bronze
user_0007,2024-01-08 04:49:15.470358347,5.017298609928729,silver
user_0122,2024-01-02 10:47:04.474762795,5.989062649774808,silver
user_0090,2024-01-03 08:03:58.711437606,6.519962111386919,gold
user_0147,2024-01-02 02:21:01.524554037,5.6807220150237425,bronze
user_0120,2024-01-06 17:38:07.009367057,7.715255874261064,platinum
user_0144,2024-01-06 09:17:41.017411019,5.881010066776264,silver
user_0035,2024-01-14 05:03:40.320132696,8.32476279196123,gold
user_0043,2024-01-02 19:26:50.119783311,7.78937822106133,gold
user_0127,2024-01-06 00:21:52.097775510,6.682140493882301,platinum
user_0036,2024-01-02 22:41:05.111973115,5.7972525601969185,bronze
user_0008,2024-01-01 23:25:15.781392859,6.286987848256568,bronze
user_0100,2024-01-05 22:37:58.380534804,4.298506744407479,bronze
user_0120,2024-01-06 20:51:52.480526011,4.5450812655768456,bronze
user_0145,2024-01-04 10:38:16.915430134,6.325177453255961,silver
user_0139,2024-01-06 20:11:06.838733292,7.253925681334753,platinum
user_0018,2024-01-05 18:36:29.977576845,6.56947085472098,platinum
user_0115,2024-01-03 01:08:34.440264040,5.542088249375954,silver
user_0126,2024-01-06 00:38:44.850636705,4.0680647057735575,silver
user_0104,2024-01-04 01:58:16.872297414,6.2619275637987935,gold
user_0122,2024-01-02 15:20:04.973443093,6.195898593428759,platinum
user_0125,2024-01-02 20:54:59.542165099,6.397480174193454,bronze
user_0066,2024-01-02 16:17:44.503157585,6.855773437945108,silver
user_0006,2024-01-06 03:37:22.865183437,6.193367000411405,gold
user_0068,2024-01-05 19:32:30.002039291,5.349362329918582,bronze
user_0030,2024-01-08 00:20:08.124971536,5.109839111743478,silver
user_0017,2024-01-12 04:01:21.942851634,6.88867005088049,platinum
user_0018,2024-01-06 04:51:54.920771817,7.255844233336226,platinum
user_0104,2024-01-04 04:38:00.309629178,7.811882213717047,platinum
user_0075,2024-01-09 17:27:46.097008903,7.569292091824164,gold
user_0080,2024-01-02 10:36:21.861070727,3.9911469687257615,bronze
user_0111,2024-01-02 18:37:17.520234527,4.953450048076241,bronze
user_0082,2024-01-03 21:10:17.228326085,5.952684440964662,silver
user_0094,2024-01-13 06:53:58.806057366,5.372008699220231,silver
user_0012,2024-01-06 23:19:39.098283245,5.706559492640535,silver
user_0127,2024-01-06 08:58:27.592673535,5.473119189411832,silver
user_0067,2024-01-06 09:57:56.405588997,6.522124299819226,silver
user_0023,2024-01-03 21:57:05.669519771,5.6819753494423315,gold
user_0121,2024-01-07 03:33:06.253440544,4.983651384095378,bronze
user_0110,2024-01-07 15:31:16.619907541,4.321718921404262,bronze
user_0007,2024-01-11 02:48:37.000968158,5.184575153456856,bronze
user_0028,2024-01-03 20:53:00.589212832,4.3542429659261215,bronze
user_0002,2024-01-05 22:58:35.313748300,5.611911992016504,gold
user_0040,2024-01-03 06:22:05.483957266,5.6524308632421185,silver
user_0014,2024-01-11 05:58:38.223749715,4.427718663403653,bronze
user_0106,2024-01-01 14:53:33.664571461,6.899172599697539,gold
user_0078,2024-01-03 14:30:21.764929899,5.95210332185447,silver
user_0147,2024-01-02 14:35:39.721837245,6.689622538470529,bronze
user_0112,2024-01-06 03:15:06.932148481,5.14628948940126,bronze
user_0091,2024-01-02 06:38:09.460162992,5.1984964035787495,bronze
user_0076,2024-01-02 00:36:13.920960192,5.447420102799457,silver
user_0008,2024-01-02 03:08:34.321979138,5.334016468829221,bronze
user_0010,2024-01-03 01:03:34.718681978,5.722632245833723,bronze
user_0092,2024-01-08 08:20:29.209780873,4.549368779955491,bronze
user_0000,2024-01-02 22:24:15.321995745,5.254609195552712,silver
user_0006,2024-01-09 02:21:59.915239913,4.2866276454714844,bronze
user_0032,2024-01-01 14:21:31.240334185,6.9100063815152515,gold
user_0132,2024-01-01 23:07:00.101752067,4.804705923606929,bronze
user_0068,2024-01-06 05:13:36.871967961,6.119441860738146,silver
user_0106,2024-01-02 02:06:25.860978218,5.851041880924776,silver
user_0061,2024-01-04 01:52:24.213731625,6.940009827421431,silver
user_0025,2024-01-02 14:16:11.428079028,4.406728991127386,bronze
user_0055,2024-01-03 08:48:16.503034805,5.233657291942839,gold
user_0013,2024-01-04 20:21:19.030200982,6.264408190550418,gold
user_0115,2024-01-03 06:15:45.439965386,4.032554375406957,bronze
user_0027,2024-01-03 12:10:55.136002199,4.083676098709118,bronze
user_0056,2024-01-03 08:21:14.903320515,6.9016907305016435,platinum
user_0147,2024-01-02 21:48:15.040155036,6.239163113265334,silver
user_0088,2024-01-03 12:14:55.411785489,4.6585550880296855,bronze
user_0068,2024-01-06 10:43:02.870509091,4.730178709723267,bronze
user_0081,2024-01-03 12:39:02.482040498,5.278176561360243,silver
user_0117,2024-01-07 17:28:51.366366183,7.505604550848659,gold
user_0038,2024-01-06 19:07:21.740786017,5.317775249363879,silver
user_0095,2024-01-03 09:06:24.043934119,5.410137357645226,platinum
user_0130,2024-01-01 15:10:30.389920178,6.592347592319591,silver
user_0085,2024-01-02 21:17:07.965781344,5.4053817481542,bronze
user_0066,2024-01-02 21:49:03.433228936,7.698871818318224,silver
user_0021,2024-01-05 07:36:45.447020383,4.2455509054834994,silver
user_0037,2024-01-02 14:06:40.284238487,5.914249139029054,bronze
user_0141,2024-01-02 06:44:59.024628174,7.043659080543492,bronze
user_0081,2024-01-03 15:31:50.086568319,5.3403987774349,silver
user_0045,2024-01-07 17:20:15.907439877,5.474385283208095,gold
user_0062,2024-01-07 00:21:22.410912644,6.280288469064197,bronze
user_0086,2024-01-05 01:43:05.835682543,6.947694308855894,silver
user_0080,2024-01-03 00:53:57.649993754,4.62481147904032,silver
user_0104,2024-01-04 17:15:40.640901549,5.121533858796855,silver
user_0038,2024-01-06 21:51:06.362247526,4.279136862045167,gold
user_0097,2024-01-04 10:14:52.528860354,6.605764793186996,gold
user_0066,2024-01-03 08:20:51.482353506,6.260192013205545,gold
user_0141,2024-01-02 11:25:03.999718771,6.04968162965901,bronze
user_0023,2024-01-04 07:43:07.108634190,4.81790541721397,silver
user_0022,2024-01-03 21:46:17.461366070,5.307486183783033,silver
user_0069,2024-01-11 14:54:16.517386675,4.990696215188655,bronze
user_0076,2024-01-02 07:03:21.183225612,4.966238773039876,bronze
user_0103,2024-01-01 15:22:42.460942681,4.944831493978276,bronze
user_0060,2024-01-02 16:28:18.733892403,5.8473146857749425,silver
user_0137,2024-01-04 22:55:10.252388993,8.06728608391982,silver
user_0071,2024-01-06 06:11:42.269214024,4.963783700344307,bronze
user_0019,2024-01-04 05:33:09.344554398,6.929282248178909,gold
user_0017,2024-01-12 09:13:50.249944015,5.763132843038041,platinum
user_0146,2024-01-02 07:29:17.153366170,3.9009987259431385,bronze
user_0020,2024-01-07 04:18:45.052943062,5.328591875157101,platinum
user_0142,2024-01-09 18:18:47.647995655,4.4445823307394585,bronze
user_0041,2024-01-04 02:43:35.112309731,6.049296346544605,platinum
user_0014,2024-01-11 11:18:16.824319379,5.641571957247112,platinum
user_0045,2024-01-08 07:30:48.582807967,3.708906589032105,bronze
user_0092,2024-01-08 17:55:26.028150836,7.075210259448365,gold
user_0064,2024-01-06 06:52:32.106592014,5.981903478951038,platinum
user_0117,2024-01-07 21:43:53.831236495,5.280766550626261,platinum
user_0091,2024-01-02 14:37:12.319703366,7.145394248820791,platinum
user_0060,2024-01-03 07:35:22.108795963,4.799899820000844,silver
user_0095,2024-01-03 22:19:48.765922927,6.145680154490108,bronze
user_0145,2024-01-04 21:39:24.804413294,5.148034208104252,gold
user_0061,2024-01-04 08:59:32.141828217,5.298482665486836,silver
user_0023,2024-01-04 11:07:58.269507592,6.450527863857539,silver
user_0061,2024-01-04 23:11:20.070455503,6.206076472335399,silver
user_0126,2024-01-06 06:45:57.930035004,6.60639222721413,silver
user_0032,2024-01-01 22:37:59.093847339,5.440127595402664,bronze
user_0142,2024-01-09 23:36:49.017370336,6.948054282882819,gold
user_0088,2024-01-03 22:41:43.951620635,5.646456581845285,bronze
user_0090,2024-01-03 12:49:47.831396852,6.159446917596918,gold
user_0047,2024-01-04 07:07:15.206701007,5.606684970767018,gold
user_0138,2024-01-04 11:03:59.864228387,4.694139380837667,silver
user_0005,2024-01-02 09:59:42.417285271,6.546907111198882,silver
user_0044,2024-01-06 16:31:19.556155924,5.784892046928021,bronze
user_0062,2024-01-07 16:06:48.717925150,6.562755789052214,platinum
user_0071,2024-01-06 19:12:18.547491831,6.80636259133042,gold
user_0071,2024-01-07 07:57:05.316497673,4.242032669163958,silver
user_0022,2024-01-04 09:08:18.590151096,7.106749894934597,bronze
user_0033,2024-01-02 01:07:03.476386023,5.324702227328849,bronze
user_0014,2024-01-12 03:00:51.399177079,5.723851750631849,silver
user_0085,2024-01-03 01:50:08.901975618,6.4703551573092914,platinum
user_0052,2024-01-02 02:34:30.067248283,4.8555435209659565,gold
user_0084,2024-01-07 12:11:29.101138871,5.027719137942996,bronze
user_0088,2024-01-04 02:04:53.826381321,6.120000747383563,gold
user_0105,2024-01-02 09:29:18.313663958,6.328646302035541,silver
user_0082,2024-01-03 22:18:36.130082685,6.803678995841608,gold
user_0097,2024-01-04 16:01:18.058809747,3.5829271889163574,bronze
user_0088,2024-01-07 08:16:46.480135072,4.219476046353304,silver
user_0097,2024-01-04 18:05:01.284285525,8.178874910965565,platinum
user_0092,2024-01-09 08:00:57.526878587,4.017463907018169,bronze
user_0047,2024-01-04 14:18:01.841797655,6.4654525287201965,silver
user_0036,2024-01-03 02:48:32.231672648,5.827712130931625,platinum
user_0118,2024-01-04 03:21:44.511145835,5.622303548762798,bronze
user_0051,2024-01-01 05:47:03.020762237,5.849107409952383,bronze
user_0082,2024-01-04 01:43:09.759922399,5.9073006726656985,silver
user_0029,2024-01-03 15:05:23.892367833,6.270183167326064,bronze
user_0064,2024-01-06 10:43:13.011195613,5.278538537390821,bronze
user_0079,2024-01-04 10:56:23.074032622,5.7587265640074214,silver
user_0093,2024-01-05 17:02:27.994570355,6.426623674658369,gold
user_0078,2024-01-03 20:50:11.197929123,6.142287777999483,bronze
user_0054,2024-01-07 09:55:39.887119297,6.5318769513652875,bronze
user_0144,2024-01-06 17:21:43.070708510,6.543523903764056,gold
user_0076,2024-01-02 17:17:03.605954516,7.296873988008647,silver
user_0121,2024-01-07 14:29:44.349270816,6.144680615658343,gold
user_0110,2024-01-07 19:01:14.971631078,6.16978467411624,silver
user_0083,2024-01-09 07:33:26.015327034,7.162315507381295,platinum
user_0132,2024-01-02 09:52:42.212873070,4.828772431062451,silver
user_0019,2024-01-04 12:35:42.668914041,5.417012383662344,bronze
user_0138,2024-01-04 20:02:35.921765755,6.261820866091064,gold
user_0127,2024-01-06 20:52:03.942310728,4.996590486544316,silver
user_0075,2024-01-09 22:49:54.313411477,5.380936094187784,bronze
user_0110,2024-01-08 03:19:17.308074825,5.276590004784318,bronze
user_0078,2024-01-04 04:23:53.206356119,5.95919296602778,silver
user_0040,2024-01-03 19:58:01.925043914,5.348120123239635,bronze
user_0119,2024-01-03 20:34:29.536507780,5.964137946179896,bronze
user_0036,2024-01-03 12:56:48.960593308,5.084423624769089,bronze
user_0047,2024-01-04 20:07:55.565855287,5.439582189116303,silver
user_0077,2024-01-03 09:47:17.167519994,4.944339221168424,silver
user_0125,2024-01-06 13:56:37.339174508,8.210681566030166,silver
user_0057,2024-01-04 18:10:55.481994457,4.146353527772145,bronze
user_0074,2024-01-07 05:06:18.497036072,5.359905605768944,bronze
user_0006,2024-01-09 06:13:05.086914326,4.949790310036219,silver
user_0017,2024-01-12 21:40:31.724488000,7.270611348857878,silver
user_0008,2024-01-02 06:24:14.506958045,4.702005210890416,silver
user_0010,2024-01-03 08:01:44.049260572,5.512044268931782,bronze
user_0130,2024-01-02 07:09:30.533552915,5.769530004194674,bronze
user_0126,2024-01-06 20:13:32.210692078,5.8676416583699345,bronze
user_0123,2024-01-03 18:27:30.477238229,7.341216108082546,silver
user_0008,2024-01-02 13:43:45.688916359,6.73152679385768,silver
user_0011,2024-01-01 17:42:34.952331501,6.277308826229896,gold
user_0042,2024-01-04 13:13:15.629553056,6.28982153936531,silver
user_0084,2024-01-07 21:26:09.326916307,4.055479107832324,silver
user_0050,2024-01-05 01:49:34.261732911,5.663453789804616,silver
user_0073,2024-01-04 03:10:17.712233552,4.346013013233697,bronze
user_0025,2024-01-02 17:26:36.792549378,5.599486536014665,silver
user_0109,2024-01-02 14:03:12.678688099,3.7525441037093756,bronze
user_0047,2024-01-05 02:29:39.927326786,5.654614243229953,silver
user_0009,2024-01-06 18:39:25.696275035,4.119550890810491,bronze
user_0111,2024-01-03 00:46:34.400223932,6.2065710499320454,gold
user_0135,2024-01-05 14:26:55.127223134,5.497107160546183,platinum
user_0002,2024-01-06 03:19:34.733509044,4.193417535537508,bronze
user_0065,2024-01-08 16:17:29.079508885,6.195992607603325,silver
user_0124,2024-01-09 02:04:54.932069864,7.274061092714832,gold
user_0105,2024-01-02 19:12:31.284271661,6.315882882263506,bronze
user_0128,2024-01-06 15:54:45.354162233,7.389541771720692,gold
user_0062,2024-01-07 23:19:03.287500964,5.486032832884799,silver
user_0055,2024-01-03 16:02:57.431426322,8.034036170610063,platinum
user_0106,2024-01-02 07:27:51.259037376,5.4507165522498315,platinum
user_0023,2024-01-04 23:30:56.938481592,6.38429914210092,bronze
user_0035,2024-01-14 11:31:35.601984796,5.903560181219262,silver
user_0090,2024-01-03 22:09:51.015784130,4.866907570671005,silver
user_0100,2024-01-06 09:17:05.341179098,5.768354814553491,bronze
user_0017,2024-01-13 11:36:10.279857853,5.998680088659182,bronze
user_0076,2024-01-02 22:42:09.634002701,7.452972291639951,platinum
user_0054,2024-01-10 15:48:16.917199379,5.448834722627244,bronze
user_0075,2024-01-10 06:35:23.462909107,5.606853364584217,silver
user_0143,2024-01-04 04:48:24.778328541,6.6527431554375,gold
user_0011,2024-01-02 07:15:35.738156295,6.085287648910267,bronze
user_0149,2024-01-07 16:59:33.324086544,6.387574057486657,silver
user_0067,2024-01-07 01:00:22.971687076,6.689353436115124,platinum
user_0115,2024-01-03 21:09:30.588210270,6.236531223954756,silver
user_0063,2024-01-05 00:57:57.634845652,3.689101562911024,bronze
user_0046,2024-01-06 00:52:16.244256476,5.2062407865888645,bronze
user_0115,2024-01-04 02:45:39.615563404,5.255677194385753,platinum
user_0103,2024-01-02 00:41:34.560247779,5.090083327187849,bronze
user_0021,2024-01-05 09:14:25.969392353,6.000919987416873,silver
user_0105,2024-01-02 23:24:57.464630439,5.020704272432429,bronze
user_0112,2024-01-06 18:54:02.251615141,5.829643750980767,silver
user_0058,2024-01-02 02:49:43.209314528,7.221861404689745,platinum
user_0138,2024-01-05 04:12:34.543554813,4.21090434768619,silver
user_0096,2024-01-02 03:20:19.354554699,6.5084823864334105,platinum
user_0050,2024-01-07 04:42:02.905711975,5.481644836868585,bronze
user_0001,2024-01-04 22:06:45.371254072,3.303082562969266,silver
user_0101,2024-01-05 10:22:29.150398849,5.114173147637433,gold
user_0031,2024-01-01 19:28:24.631074187,7.42524275176293,silver
user_0113,2024-01-02 23:54:57.522224831,5.872533752770069,bronze
user_0078,2024-01-04 12:38:53.297069790,6.726321908170836,gold
user_0070,2024-01-03 09:33:45.718703302,6.045678627036281,silver
user_0024,2024-01-05 23:21:36.028052874,6.593983384059419,silver
user_0106,2024-01-02 11:43:27.176353925,7.072239404347404,platinum
user_0024,2024-01-08 00:32:06.384019606,5.769677179524794,bronze
user_0062,2024-01-08 09:09:37.939605947,5.802356646284961,bronze
user_0125,2024-01-06 19:28:12.881294559,5.188942466122708,bronze
user_0138,2024-01-05 19:18:08.895713715,6.877970418970523,silver
user_0148,2024-01-02 20:30:24.225298669,5.926007579846303,bronze
user_0143,2024-01-04 16:48:33.281395157,6.939532303523281,silver
user_0083,2024-01-09 19:45:05.233214742,5.256693107083585,bronze
user_0030,2024-01-08 06:18:46.006735453,5.576663262219118,silver
user_0125,2024-01-07 05:51:19.751968620,6.717318154080609,bronze
user_0120,2024-01-06 22:34:02.759750036,6.4638740728289665,silver
user_0148,2024-01-02 22:14:02.932741353,4.972527975688568,bronze
user_0097,2024-01-04 19:08:52.556059703,5.645811272863245,gold
user_0021,2024-01-05 18:09:54.946753039,5.031958922856333,silver
user_0075,2024-01-10 13:21:48.735057964,4.638767927216991,silver
user_0067,2024-01-10 09:40:45.355012848,6.638656378402934,gold
user_0126,2024-01-10 13:56:08.247586440,7.114224351904058,silver
user_0058,2024-01-05 04:45:39.600169551,6.725710568929321,bronze
user_0049,2024-01-05 03:10:43.155868096,6.824457350425294,platinum
user_0012,2024-01-07 10:33:06.084093464,4.22248689943574,bronze
user_0125,2024-01-07 16:58:45.815412388,5.855254155650003,bronze
user_0113,2024-01-03 15:31:45.447197939,7.185633503593629,silver
user_0006,2024-01-09 12:23:08.348904912,4.2715007243454455,bronze
user_0065,2024-01-09 01:26:04.291066033,4.834016244527666,bronze
user_0071,2024-01-07 11:32:01.842286038,6.934178586700275,gold
user_0070,2024-01-03 17:27:01.278680033,5.437679678753614,bronze
user_0137,2024-01-05 00:12:55.075365612,8.659733094082748,gold
user_0022,2024-01-08 05:50:35.054987936,6.424585015899738,platinum
user_0045,2024-01-10 11:57:10.755654265,4.9034805505834855,silver
user_0027,2024-01-03 16:51:30.551248289,6.998278920198518,gold
user_0036,2024-01-04 03:36:42.195926189,5.235987472675686,gold
user_0136,2024-01-05 22:39:53.487625415,6.568171828547039,platinum
user_0141,2024-01-02 12:59:08.770017500,6.15284771204232,bronze
user_0006,2024-01-09 15:13:32.716263960,5.796832400820717,bronze
user_0094,2024-01-13 16:18:45.330995931,5.760084656599203,silver
user_0034,2024-01-02 19:27:31.032060654,5.67914685555878,silver
user_0028,2024-01-04 04:31:03.836929456,5.048937319775986,bronze
user_0043,2024-01-02 20:30:50.367122989,6.7024928676264475,silver
user_0029,2024-01-03 19:37:42.074093664,8.235379447477921,bronze
user_0073,2024-01-04 17:54:11.383162020,6.746986612826659,platinum
user_0149,2024-01-08 00:04:04.767317597,5.643381729143987,bronze
user_0087,2024-01-04 10:59:04.850028260,3.7589708084452225,bronze
user_0108,2024-01-04 13:11:00.753088657,4.704570308062098,bronze
user_0073,2024-01-05 03:22:32.114772807,4.823593046680559,bronze
user_0002,2024-01-06 08:43:31.502153101,4.457906399546566,bronze
user_0012,2024-01-07 15:28:16.186948767,5.319143822486646,bronze
user_0040,2024-01-04 06:45:47.358597179,6.842203364134515,bronze
user_0036,2024-01-04 07:38:00.850287545,6.392975184826121,bronze
user_0126,2024-01-11 03:15:49.252582971,5.888851220245087,silver
user_0126,2024-01-11 05:11:44.768526199,5.04944351272452,silver
user_0128,2024-01-07 04:58:23.178194976,6.424410558230685,bronze
user_0095,2024-01-04 12:28:02.864099386,5.259816665146676,bronze
user_0083,2024-01-10 03:05:42.153670077,4.208733152632335,bronze
user_0097,2024-01-04 23:03:28.558462321,5.928814112152059,bronze
user_0061,2024-01-05 08:57:53.783284517,6.177412996499554,bronze
user_0100,2024-01-06 23:34:11.138861549,4.148508424876258,gold
user_0119,2024-01-03 22:19:15.429845917,6.59466151915224,platinum
user_0114,2024-01-09 09:42:49.190086364,5.7735919699010125,platinum
user_0092,2024-01-09 16:22:19.041410609,5.901312528635532,silver
user_0008,2024-01-03 03:51:28.746613806,5.362774292487735,silver
user_0108,2024-01-05 03:04:45.096581495,4.551543296612009,bronze
user_0054,2024-01-11 04:09:06.240000177,6.67158866448225,gold
user_0111,2024-01-03 12:34:17.336317910,5.72874319471188,gold
user_0080,2024-01-03 12:52:12.921229600,6.618308962889439,gold
user_0132,2024-01-02 15:25:06.032281665,5.214985845368744,gold
user_0050,2024-01-07 11:22:35.210511466,4.519121371800055,silver
user_0139,2024-01-06 22:52:10.295142506,7.281121314635442,gold
user_0126,2024-01-11 14:31:05.340146535,6.620784747386318,gold
user_0049,2024-01-05 13:18:19.475836957,5.803106445602345,bronze
user_0072,2024-01-02 01:02:09.149555550,5.634714781773703,platinum
user_0079,2024-01-04 21:57:44.063783015,4.376773050686743,bronze
user_0115,2024-01-04 12:30:48.267342762,7.464386027759082,platinum
user_0103,2024-01-02 05:18:50.703827485,4.463411230172496,gold
user_0127,2024-01-06 23:15:22.125002598,6.301773525275476,bronze
user_0055,2024-01-04 02:14:58.830192375,7.107320635657779,silver
user_0075,2024-01-10 19:23:42.815059224,5.804216563648044,bronze
user_0064,2024-01-09 17:26:06.248870956,5.491571768293216,gold
user_0136,2024-01-06 04:04:59.152730075,5.679270601946644,gold
user_0045,2024-01-10 17:10:46.171376887,5.534744312653522,silver
user_0088,2024-01-07 13:02:35.778298508,4.842436211969993,gold
user_0018,2024-01-06 15:26:18.084655101,4.825441913532449,bronze
user_0127,2024-01-07 06:11:49.308020916,5.817592991438363,bronze
user_0057,2024-01-08 14:19:31.353269047,6.2146100708513865,silver
user_0051,2024-01-01 11:42:22.770628116,4.534643622385166,bronze
user_0087,2024-01-07 17:47:28.650073126,5.744611960092317,silver
user_0074,2024-01-07 06:43:20.769838901,6.212747917551057,bronze
user_0127,2024-01-07 09:23:34.358780770,6.910464937080402,silver
user_0079,2024-01-05 12:46:50.510929808,5.870717721802373,silver
user_0077,2024-01-03 15:56:42.715722462,6.728846689674766,gold
user_0015,2024-01-03 09:29:06.789669181,6.0164890604379675,bronze
user_0003,2024-01-03 18:36:15.466969132,6.876118847947709,gold
user_0059,2024-01-04 14:53:42.566606342,4.701357692138722,silver
user_0149,2024-01-08 11:03:20.867460831,5.474052299368762,bronze
user_0137,2024-01-05 05:22:20.112232047,6.254476847426396,silver
user_0094,2024-01-13 17:56:51.661328827,5.082674826881905,silver
user_0094,2024-01-14 03:41:02.867014625,5.232934163721032,bronze
user_0058,2024-01-05 06:48:08.092867815,6.340233785363542,silver
user_0026,2024-01-09 22:21:48.985700954,5.237421499967161,bronze
user_0001,2024-01-05 02:10:09.543685195,5.494881117457486,silver
user_0050,2024-01-07 23:40:25.743538592,5.017506274588712,silver
user_0047,2024-01-05 13:15:30.899191563,6.229926003544863,silver
user_0028,2024-01-04 19:26:32.422116701,6.460423152827107,gold
user_0038,2024-01-07 05:06:06.510439502,4.7303082385136594,bronze
user_0003,2024-01-04 07:53:25.724387491,6.339176502358003,platinum
user_0091,2024-01-02 16:46:44.685337064,4.66598395769079,gold
user_0139,2024-01-07 13:22:20.333478168,7.111055406520311,platinum
user_0103,2024-01-02 20:35:29.656057148,5.528176838564834,gold
user_0067,2024-01-10 22:26:24.644025447,4.885639836707164,bronze
user_0063,2024-01-05 06:42:05.267760914,6.677457414721553,silver
user_0046,2024-01-06 16:49:35.667784992,4.405245725751648,bronze
user_0021,2024-01-08 23:14:24.184199015,5.67109951273211,gold
user_0089,2024-01-04 09:09:08.886866152,7.444591452590613,silver
user_0084,2024-01-08 09:15:34.606108445,6.032587062530391,bronze
user_0001,2024-01-05 15:36:17.609495785,6.413456322319124,platinum
user_0062,2024-01-08 20:36:40.065176054,4.819259992610726,bronze
user_0041,2024-01-04 06:33:38.182834689,4.184226230621296,silver
user_0025,2024-01-03 06:07:48.394441035,5.843513201857582,gold
user_0105,2024-01-05 09:22:54.217787797,4.869881265736316,bronze
user_0078,2024-01-05 03:36:03.121222009,5.46938887864802,silver
user_0095,2024-01-04 19:16:57.467902628,5.848214422090047,gold
user_0107,2024-01-05 16:18:34.195001696,5.802068942947892,bronze
user_0147,2024-01-03 04:58:43.833266973,6.673297016767025,silver
user_0120,2024-01-07 04:27:10.279475866,4.655319739387995,bronze
user_0093,2024-01-05 18:39:13.116826815,5.725529551821057,silver
user_0131,2024-01-02 10:02:28.144756311,5.000230565688754,bronze
user_0071,2024-01-07 14:43:54.946804296,6.0621285293102725,platinum
user_0147,2024-01-03 16:55:08.757294388,8.15501679976912,gold
user_0114,2024-01-09 13:09:53.685273538,4.858257705752583,bronze
user_0097,2024-01-05 12:19:46.656062703,4.079253795603997,bronze
user_0135,2024-01-06 03:04:09.067245738,6.038219405574305,silver
user_0077,2024-01-03 19:46:34.273656980,6.324815976458234,gold
user_0108,2024-01-05 11:06:26.528173155,5.5278097232592,silver
user_0042,2024-01-08 11:20:17.886906129,4.7910538220336525,bronze
user_0144,2024-01-06 23:39:47.047436975,7.286662243029856,bronze
user_0093,2024-01-06 02:59:42.331386768,6.217068283275197,platinum
user_0117,2024-01-07 22:49:22.706338952,6.3580490427566865,silver
user_0069,2024-01-12 01:35:39.948237637,6.374224328773997,gold
user_0130,2024-01-02 20:25:09.568573404,6.48012752354734,silver
user_0011,2024-01-02 17:16:29.767906821,8.43177473383338,platinum
user_0017,2024-01-13 19:14:47.639265987,5.716942422464753,bronze
user_0076,2024-01-03 06:06:23.954430083,5.098738656916003,bronze
user_0109,2024-01-02 16:25:52.471556419,7.213399297606072,platinum
user_0121,2024-01-07 18:33:30.535811484,6.561794060505433,platinum
user_0066,2024-01-03 11:40:50.955550118,5.843271562523204,bronze
user_0097,2024-01-06 01:30:27.966034422,4.738059959359205,silver
user_0082,2024-01-04 13:48:02.768595987,5.77134850669031,silver
user_0144,2024-01-07 04:43:16.187385986,6.323278798615778,silver
user_0098,2024-01-10 00:18:27.185755474,5.335223179334172,bronze
user_0062,2024-01-09 04:17:42.466779926,5.169704957272201,gold
user_0145,2024-01-08 01:39:23.807560118,5.372649605264732,bronze
user_0016,2024-01-02 15:42:13.486450350,5.5075648465231755,gold
user_0147,2024-01-04 01:52:30.332422988,6.913380122313284,bronze
user_0023,2024-01-05 10:12:18.107311102,5.533311063271324,bronze
user_0043,2024-01-02 22:28:01.167930937,4.849000541073081,silver
user_0123,2024-01-03 21:07:08.000936724,6.043700682090061,bronze
user_0110,2024-01-08 15:25:14.260486642,4.860037100401206,silver
user_0145,2024-01-11 16:42:56.752655032,5.991026349273332,bronze
user_0112,2024-01-06 22:01:17.496731338,6.553628974110145,platinum
user_0095,2024-01-04 21:43:55.244414950,5.993776814455645,gold
user_0051,2024-01-01 13:39:00.991328524,6.659150001609361,gold
user_0000,2024-01-03 02:31:12.781705703,3.68634688677105,bronze
user_0018,2024-01-06 18:21:45.821571466,4.575630266311535,bronze
user_0044,2024-01-07 00:17:10.837195627,6.5180544612234375,silver
user_0006,2024-01-10 07:12:31.331245110,4.507814010582371,silver
user_0076,2024-01-05 07:07:17.154233862,4.669263716451714,bronze
user_0116,2024-01-07 11:19:01.117637320,6.181586929737902,bronze
user_0144,2024-01-07 19:24:35.644961642,6.705222251004357,silver
user_0073,2024-01-05 06:31:23.767299054,4.010106904528399,bronze
user_0131,2024-01-02 22:13:45.943520241,5.039262699244495,silver
user_0147,2024-01-04 12:49:25.185962556,5.169345815694633,bronze
user_0128,2024-01-07 10:49:27.818124859,6.79358088684347,bronze
user_0069,2024-01-12 06:21:07.436186443,6.544244873892492,silver
user_0048,2024-01-09 21:15:14.843054218,5.716532710575542,silver
user_0146,2024-01-04 20:28:06.386289565,5.747384265766401,bronze
user_0036,2024-01-04 16:14:09.506463291,4.729352231950951,silver
user_0061,2024-01-05 19:21:20.422655768,5.636905807700957,gold
user_0011,2024-01-02 23:42:45.787524222,6.355881858678737,silver
user_0119,2024-01-04 05:19:16.779618274,6.834248911715061,silver
user_0097,2024-01-06 11:22:48.300434720,6.499662096636721,platinum
user_0012,2024-01-08 00:31:44.293282425,5.950526953707019,silver
user_0033,2024-01-02 07:01:27.538211164,6.647361103741695,platinum
user_0083,2024-01-10 18:48:42.198193571,6.2784312513362845,gold
user_0081,2024-01-03 19:25:18.202671018,5.170375881900016,bronze
user_0120,2024-01-07 14:00:20.703565608,5.713699394104355,silver
user_0039,2024-01-04 15:14:34.411069253,5.769645519030292,silver
user_0138,2024-01-06 06:24:19.075671048,7.022999796775133,platinum
user_0066,2024-01-04 02:24:34.227455759,6.277565713875361,silver
user_0123,2024-01-04 01:05:29.668601158,5.04513187195993,bronze
user_0035,2024-01-15 00:41:05.874931178,5.531804430163779,silver
user_0005,2024-01-02 23:36:59.737247039,6.031095441638898,bronze
user_0008,2024-01-03 10:03:33.381519903,7.3723700306387325,gold
user_0055,2024-01-04 14:31:55.743803056,6.190408018308571,silver
user_0142,2024-01-10 09:42:49.657194268,6.24144898706326,gold
user_0007,2024-01-11 03:49:33.807486419,6.5097883271215515,gold
user_0055,2024-01-04 23:46:35.713910990,5.159468736163381,silver
user_0016,2024-01-03 01:42:07.623436922,6.817015929719329,silver
user_0139,2024-01-07 18:43:22.917095942,6.845691059062986,gold
user_0101,2024-01-05 20:41:59.244674673,5.390519404145279,gold
user_0114,2024-01-09 20:59:12.494168659,5.349679386363029,gold
user_0106,2024-01-02 13:41:22.021391371,5.036159425208893,bronze
user_0098,2024-01-10 03:56:56.446935967,6.498043770911434,silver
user_0116,2024-01-08 01:30:07.327416667,5.35579273455422,bronze
user_0001,2024-01-05 21:35:53.271268144,6.176336623228982,gold
user_0129,2024-01-01 14:46:07.087966711,6.132684072334936,silver
user_0110,2024-01-08 21:52:41.986662017,5.007765495090972,silver
user_0110,2024-01-09 01:29:54.922927733,5.3554964260482505,bronze
user_0059,2024-01-04 19:36:07.008178268,5.567858502222968,bronze
user_0120,2024-01-07 17:20:53.625636674,5.215050036330536,gold
user_0057,2024-01-09 04:30:50.217089647,5.516197425221512,bronze
user_0007,2024-01-11 05:06:26.339170177,5.496107511413119,bronze
user_0136,2024-01-06 18:01:26.400646273,6.456422685009724,gold
user_0035,2024-01-15 03:36:26.637546047,6.762902207733715,gold
user_0015,2024-01-03 20:38:10.675661608,5.860622115668672,bronze
user_0093,2024-01-06 15:16:37.798092530,6.954705922645112,bronze
user_0035,2024-01-15 10:22:33.097171117,6.191242732385731,platinum
user_0128,2024-01-07 22:34:43.582303160,5.905556956699014,gold
user_0066,2024-01-04 17:40:06.000194408,6.656675534316126,silver
user_0000,2024-01-03 07:56:22.321418237,4.883599809452183,bronze
user_0142,2024-01-10 19:55:10.203297468,6.14221011069401,bronze
user_0077,2024-01-04 08:38:35.462318394,7.304503449140891,bronze
user_0039,2024-01-04 16:23:03.940361146,6.480806632771462,gold
user_0101,2024-01-06 07:12:13.849115533,6.034437212618188,bronze
user_0079,2024-01-05 19:59:11.481307674,4.7900110512913825,bronze
user_0004,2024-01-02 17:40:47.549539994,5.472597398827257,gold
user_0113,2024-01-03 17:32:19.867014065,6.05289939757686,platinum
user_0060,2024-01-03 22:14:44.375146869,6.404135335050968,gold
user_0104,2024-01-05 02:36:34.638750479,6.405422490623431,silver
user_0134,2024-01-06 03:31:45.085389075,6.7212303335364245,silver
user_0091,2024-01-03 04:24:53.041369725,5.507757495071304,silver
user_0100,2024-01-10 09:58:53.334779378,5.016306110301878,bronze
user_0038,2024-01-07 15:52:38.598283971,5.820523134600965,silver
user_0035,2024-01-15 14:46:42.537341255,6.916980297823806,silver
user_0062,2024-01-09 17:49:46.662768806,6.816805701112935,silver
user_0127,2024-01-07 11:25:26.227087603,5.319623644196995,gold
user_0078,2024-01-05 09:16:38.779996017,7.472309157711861,platinum
user_0052,2024-01-02 12:47:36.520078227,4.918599853873385,bronze
user_0116,2024-01-11 07:03:49.407610271,6.297974753897866,silver
user_0128,2024-01-08 11:06:35.004052846,5.2290078819547725,bronze
user_0135,2024-01-08 18:20:28.071420728,6.972663334785626,silver
user_0044,2024-01-07 03:58:58.509416553,5.468469272374156,bronze
user_0106,2024-01-02 15:45:23.016325953,5.606830960113881,bronze
user_0088,2024-01-08 00:04:25.295492051,6.388054635560693,gold
user_0067,2024-01-11 10:06:40.559789345,5.066306446958161,silver
user_0059,2024-01-07 23:02:56.364753230,6.495577178754239,platinum
user_0017,2024-01-14 08:12:04.094429422,5.070121295992885,bronze
user_0041,2024-01-04 13:11:38.403527395,4.482334940041522,bronze
user_0082,2024-01-04 18:12:50.407512238,6.261352666162515,silver
user_0132,2024-01-02 17:38:14.325754831,6.221273779723786,bronze
user_0129,2024-01-01 18:30:34.382769770,4.801615695893979,bronze
user_0028,2024-01-05 03:06:57.066286908,7.0559743112261,platinum
user_0101,2024-01-06 13:36:34.469573353,5.385715153327127,bronze
user_0012,2024-01-08 04:34:21.961567747,4.245337455216849,bronze
user_0101,2024-01-07 02:36:05.621824407,5.9496748525184024,silver
user_0051,2024-01-02 01:51:04.134648281,4.669005672185163,silver
user_0067,2024-01-11 11:20:31.979157217,6.26974789003882,silver
user_0107,2024-01-05 19:15:36.702766278,5.898373432816796,silver
user_0063,2024-01-05 18:08:31.479677813,5.838682171036669,gold
user_0121,2024-01-08 08:56:12.498710941,4.848508290154314,bronze
user_0080,2024-01-04 02:21:16.229414783,5.911835733650492,silver
user_0149,2024-01-09 01:05:18.745376018,6.738070730699621,silver
user_0095,2024-01-05 06:58:08.835566772,5.484853424339091,gold
user_0044,2024-01-07 18:32:23.207652765,5.720496957469275,silver
user_0116,2024-01-11 16:44:04.688822351,6.290436202254503,silver
user_0061,2024-01-06 01:54:23.109724585,5.771923990871754,bronze
user_0080,2024-01-04 08:56:59.026836980,3.4674868862649477,bronze
user_0020,2024-01-07 14:04:23.664134932,6.081887848333811,bronze
user_0017,2024-01-14 09:25:44.360082250,6.509533641355472,gold
user_0086,2024-01-07 11:53:46.734573499,6.707446770019885,bronze
user_0028,2024-01-05 17:29:47.200152729,6.090867073472058,gold
user_0149,2024-01-09 03:40:19.280351781,4.113728339856517,bronze
user_0128,2024-01-09 00:56:37.698925080,6.727310601163073,gold
user_0105,2024-01-05 14:44:53.518627456,5.790442986060622,gold
user_0110,2024-01-09 16:00:31.734714895,5.6457292360005535,bronze
user_0089,2024-01-04 10:57:29.516583992,5.144496223712971,bronze
user_0009,2024-01-06 21:06:55.178715421,5.714661062420007,bronze
user_0058,2024-01-08 19:27:23.364664961,5.639596388355403,gold
user_0074,2024-01-07 13:56:26.363139779,6.5694807592684406,bronze
user_0137,2024-01-05 18:57:42.505123704,5.362573637345735,silver
user_0032,2024-01-05 04:35:21.055183785,7.767055386327314,silver
user_0074,2024-01-07 23:11:52.854447625,8.46877873822746,gold
user_0051,2024-01-02 13:08:30.699899247,7.110027934377533,silver
user_0020,2024-01-07 18:02:51.756782928,5.8923471465275,silver
user_0015,2024-01-04 12:35:15.536011402,6.796152783348006,platinum
user_0054,2024-01-11 06:39:24.023163810,6.256407287664956,bronze
user_0012,2024-01-08 06:32:17.092780439,6.090932825454206,gold
user_0010,2024-01-07 02:48:11.798185806,3.979517909503026,bronze
user_0052,2024-01-03 03:01:00.932870904,7.0493917966163755,silver
user_0030,2024-01-08 12:09:02.973520151,7.684612999516927,gold
user_0083,2024-01-11 00:17:33.268542188,6.000279915844296,silver
user_0002,2024-01-06 23:01:17.124789512,4.342207570087448,silver
user_0045,2024-01-11 07:36:52.463951187,4.86564429774288,bronze
user_0067,2024-01-12 02:37:36.006236559,4.315910735984878,silver
user_0144,2024-01-08 06:25:49.537342685,7.060145099838949,silver
user_0095,2024-01-05 13:40:49.496200280,4.452731069503963,silver
user_0132,2024-01-03 04:14:32.719295552,5.968180324095072,silver
user_0051,2024-01-03 03:35:45.610658247,4.7311647133433565,bronze
user_0067,2024-01-12 04:38:28.542179724,4.2322148230828995,bronze
user_0063,2024-01-06 09:27:06.301520234,5.2288255195926325,bronze
user_0133,2024-01-03 14:42:33.182006509,4.714854133488745,silver
user_0143,2024-01-07 11:47:03.511412199,6.150125333298913,bronze
user_0144,2024-01-08 18:43:25.370740206,5.691196803061754,gold
user_0112,2024-01-10 03:40:03.016426883,5.168963897107308,silver
user_0075,2024-01-11 03:47:36.119034085,3.240098218959229,bronze
user_0081,2024-01-03 21:13:08.905944693,4.077974089330162,silver
user_0147,2024-01-08 08:38:08.273056857,8.151145118499532,gold
user_0042,2024-01-09 02:18:56.381921867,7.454612738331495,bronze
user_0052,2024-01-03 10:12:58.727814355,5.524013130321363,bronze
user_0134,2024-01-06 13:46:25.668575886,5.351572227333613,bronze
user_0057,2024-01-09 16:42:28.971724675,5.090288597559216,bronze
user_0035,2024-01-16 04:54:58.145386442,7.447965152607191,gold
user_0084,2024-01-08 18:09:53.796770234,5.9889763811281185,platinum
user_0048,2024-01-09 22:49:02.857518915,5.86417611122822,bronze
user_0133,2024-01-03 23:56:38.170799006,5.373789851878634,gold
user_0136,2024-01-06 20:20:18.037862225,5.112857244115073,bronze
user_0045,2024-01-11 23:31:47.286566325,5.317252443113012,silver
user_0079,2024-01-06 09:58:38.651927602,6.08428237421104,gold
user_0147,2024-01-08 20:41:56.845762913,5.5328815818569925,silver
user_0111,2024-01-04 01:47:29.314686273,5.703053704429305,bronze
user_0032,2024-01-05 12:32:04.493316583,5.599339679837367,silver
user_0088,2024-01-08 11:26:03.355395203,6.416379806158199,platinum
user_0092,2024-01-09 19:05:04.999230093,6.0601935123534,bronze
user_0098,2024-01-10 14:19:51.507729705,4.932313232816176,bronze
user_0003,2024-01-04 22:29:57.861093326,6.062836441047905,bronze
user_0044,2024-01-08 01:28:55.131887535,4.781908994003585,silver
user_0128,2024-01-09 11:01:20.894409230,5.419346593276418,silver
user_0036,2024-01-05 01:42:04.585038544,6.259113408221807,gold
user_0044,2024-01-08 13:23:07.769830861,8.154650047188372,gold
user_0048,2024-01-10 12:16:21.586912045,4.908508551587257,gold
user_0026,2024-01-13 10:50:46.886449224,5.6813152824628546,gold
user_0023,2024-01-05 12:19:31.535792891,7.006796968704761,bronze
user_0052,2024-01-03 21:57:51.898290459,5.225417642829153,silver
user_0131,2024-01-03 11:08:11.088313326,4.9887627163725865,bronze
user_0000,2024-01-03 11:58:05.311218936,4.781508932628943,bronze
user_0042,2024-01-09 09:27:59.109639851,7.139543087080508,platinum
user_0009,2024-01-07 10:47:53.255360843,7.185850441741562,silver
user_0084,2024-01-08 21:46:29.124959992,6.76301852098231,platinum
user_0037,2024-01-02 17:29:14.624764668,6.77291672994415,silver
user_0118,2024-01-04 08:05:05.792569545,5.943893406605117,silver
user_0087,2024-01-08 06:40:07.461605638,4.649413142381785,silver
user_0117,2024-01-08 04:17:54.901834869,5.279468030862058,bronze
user_0095,2024-01-06 00:28:51.167676842,4.415149295064608,bronze
user_0065,2024-01-09 03:52:49.539389416,5.71589472175488,silver
user_0129,2024-01-02 03:11:55.498164664,4.985860847024813,bronze
user_0071,2024-01-07 18:42:30.670982438,5.713801922245997,platinum
user_0142,2024-01-11 01:54:42.745862481,6.192521850444509,bronze
user_0149,2024-01-09 13:10:59.235382708,4.694444227170308,bronze
user_0088,2024-01-09 01:46:20.030402195,6.534939759537257,gold
user_0101,2024-01-07 06:53:37.187002722,4.765926519548443,bronze
user_0038,2024-01-08 04:39:26.826064308,7.709394939738149,platinum
user_0122,2024-01-03 05:17:19.377215216,6.168037868172671,gold
user_0100,2024-01-12 22:47:27.127558912,5.839035018138366,bronze
user_0135,2024-01-12 09:55:03.942016094,5.880640873652382,silver
user_0040,2024-01-04 15:28:08.159820200,6.460834963141013,silver
user_0118,2024-01-04 12:52:18.160539161,6.722258806771449,gold
user_0070,2024-01-03 18:54:37.295517089,4.462629298563822,gold
user_0027,2024-01-04 04:52:29.978077944,6.8749378651552,gold
user_0025,2024-01-03 12:06:42.740429893,5.738626228861776,silver
user_0084,2024-01-09 09:30:28.500804335,5.839153985632987,bronze
user_0047,2024-01-05 17:11:08.687100633,5.943093685394801,silver
user_0015,2024-01-04 17:55:44.007223426,6.25671006301479,platinum
user_0064,2024-01-09 20:45:34.574501048,4.952602768416664,silver
user_0097,2024-01-06 19:32:49.009402913,6.329377210072612,silver
user_0047,2024-01-05 20:49:54.409942770,5.148897580521379,silver
user_0143,2024-01-07 16:59:58.192217281,7.038322274933017,gold
user_0116,2024-01-11 21:05:13.614360354,6.599486282937006,platinum
user_0076,2024-01-05 22:31:07.101212452,6.398164743951181,bronze
user_0140,2024-01-05 19:34:53.997961981,5.320443557216354,bronze
user_0064,2024-01-10 00:07:49.290221466,5.9158696127908525,silver
user_0020,2024-01-07 20:19:13.872104320,4.585811527179804,silver
user_0005,2024-01-03 09:26:39.481184767,6.324945594883034,silver
user_0140,2024-01-06 09:17:30.931572617,5.936682441961315,bronze
user_0143,2024-01-11 06:31:32.437416945,5.847007084729314,silver
user_0110,2024-01-10 05:37:13.752057676,6.050530939352841,silver
user_0015,2024-01-04 19:50:44.994950869,6.11453635934889,silver
user_0044,2024-01-08 14:47:42.732152709,6.322872339820442,silver
user_0006,2024-01-10 20:10:33.855531746,7.198095090494034,gold
user_0007,2024-01-11 19:19:41.329205339,6.919163719464906,silver
user_0036,2024-01-05 12:03:15.137774545,6.308289465468499,gold
user_0085,2024-01-03 04:50:27.650247411,6.229539512178783,silver
user_0009,2024-01-07 13:22:12.330574586,5.3784910352256,silver
user_0147,2024-01-09 01:47:15.549667992,6.1856196563561845,silver
user_0068,2024-01-06 20:38:10.526351442,5.368607687941672,bronze
user_0039,2024-01-05 05:02:31.632434034,5.894301241211439,bronze
user_0077,2024-01-04 14:02:12.210165663,6.125630700284033,silver
user_0118,2024-01-04 14:00:42.227493040,5.75154637449282,gold
user_0046,2024-01-06 22:21:42.195840674,6.55317591628342,silver
user_0007,2024-01-11 22:52:03.544434390,5.4882615015064085,bronze
user_0007,2024-01-12 12:07:36.244275416,5.16983743550394,silver
user_0127,2024-01-07 13:06:46.824931366,6.416986384694923,bronze
user_0016,2024-01-03 06:25:07.711816664,7.3695991591591605,gold
user_0095,2024-01-06 05:13:15.297053127,6.3609331075071545,gold
user_0057,2024-01-10 01:59:52.684954273,6.308538847589545,silver
user_0116,2024-01-12 03:59:37.265175975,6.560208505273495,silver
user_0009,2024-01-08 02:54:37.745567783,6.658706210841439,bronze
user_0134,2024-01-06 23:41:19.102194402,7.006146588668334,silver
user_0104,2024-01-05 15:51:04.881233707,5.443172266149907,gold
user_0067,2024-01-14 18:03:29.771599136,7.796431282011258,gold
user_0031,2024-01-05 03:50:33.613743079,7.457412049724475,silver
user_0146,2024-01-05 07:14:57.004382627,5.312576033515117,silver
user_0045,2024-01-12 07:21:57.286029496,4.527262960209676,bronze
user_0073,2024-01-05 08:12:25.122597100,5.451988766555866,bronze
user_0059,2024-01-08 09:39:53.840361450,5.154966648329695,bronze
user_0034,2024-01-02 21:35:16.355439680,5.632568746185842,silver
user_0062,2024-01-09 23:27:45.251534230,7.56461206301492,platinum
user_0022,2024-01-10 14:09:21.823246592,5.814305301229743,silver
user_0000,2024-01-03 17:37:27.000806559,3.6341868281759107,bronze
user_0043,2024-01-03 03:04:36.455611486,5.694522115502898,bronze
user_0016,2024-01-03 11:42:57.479611939,4.974967028222557,bronze
user_0062,2024-01-10 12:27:02.936067794,6.687513593765821,gold
user_0129,2024-01-02 04:54:02.965022699,4.629957215172954,silver
user_0024,2024-01-08 16:27:58.473343010,6.681834657362748,gold
user_0000,2024-01-03 21:56:22.199279545,5.899935185380491,gold
user_0016,2024-01-03 17:53:24.878530222,5.887173693749166,bronze
user_0076,2024-01-06 09:30:26.495044985,5.355954147094835,silver
user_0041,2024-01-04 22:16:56.853640801,5.184136912652529,platinum
user_0073,2024-01-05 14:15:18.481095019,5.4630000995968135,silver
user_0004,2024-01-03 00:10:21.888755974,5.944718017801731,bronze
user_0049,2024-01-08 08:04:19.631998265,6.641658159261467,platinum
user_0061,2024-01-06 10:09:19.283757358,5.801763087280563,gold
user_0064,2024-01-10 11:26:51.939007780,5.931553073759792,silver
user_0082,2024-01-05 08:49:59.450825628,7.841128500898167,silver
user_0117,2024-01-08 10:56:34.062029689,5.636468488201527,bronze
user_0070,2024-01-04 08:08:57.572875849,4.497033982334797,gold
user_0126,2024-01-12 03:48:02.909933428,6.2347558029697385,silver
user_0079,2024-01-06 12:45:36.983364392,6.701149432922267,bronze
user_0039,2024-01-05 08:23:18.789147834,4.590350945676967,silver
user_0034,2024-01-05 22:01:30.952855841,6.195953993350344,platinum
user_0048,2024-01-11 02:05:05.541457990,6.3104093755213375,gold
user_0089,2024-01-05 00:49:00.504272844,5.419505078158613,bronze
user_0036,2024-01-05 23:36:10.065207476,5.607972037785918,bronze
user_0137,2024-01-09 01:23:19.016281822,8.048215938502583,platinum
user_0071,2024-01-07 20:35:18.696128394,6.3322662746502765,platinum
user_0129,2024-01-02 18:15:00.741740552,6.729877736375335,silver
user_0102,2024-01-04 17:33:26.543547706,5.804169586682664,silver
user_0050,2024-01-08 14:04:23.078802788,5.376256056853889,silver
user_0034,2024-01-06 12:12:03.620865791,4.838178552793909,silver
user_0111,2024-01-04 15:51:27.951118695,3.905859534099102,bronze
user_0049,2024-01-08 10:49:26.390698025,5.341144677398473,bronze
user_0037,2024-01-02 21:05:41.263817932,6.969206298137162,bronze
user_0139,2024-01-08 02:33:46.098968621,7.09947235940231,gold
user_0072,2024-01-02 02:20:43.401109306,5.46586490475966,bronze
user_0007,2024-01-13 02:16:35.735496502,5.237109512060419,bronze
user_0074,2024-01-08 04:27:59.260188320,6.107415348334472,silver
user_0069,2024-01-12 13:44:24.230327914,6.247970132707717,bronze
user_0129,2024-01-02 19:20:03.111439222,6.916825903287779,bronze
user_0106,2024-01-03 07:42:23.036385621,7.0850652187268555,silver
user_0028,2024-01-06 00:19:13.169683402,6.476608491262429,silver
user_0022,2024-01-10 16:35:49.988383887,6.302032501752895,silver
user_0090,2024-01-04 06:41:46.186370398,6.650508609092766,platinum
user_0007,2024-01-13 11:27:07.611766631,4.965929316829529,bronze
user_0047,2024-01-06 01:12:37.494288548,5.046169390309316,platinum
user_0020,2024-01-09 23:07:01.617446160,4.796038028078129,platinum
user_0003,2024-01-05 08:03:23.942272763,6.186342751389299,gold
user_0137,2024-01-09 15:41:26.537002974,6.106096266373832,silver
user_0013,2024-01-05 03:24:08.765833328,5.275025221854272,silver
user_0001,2024-01-06 04:37:09.861598091,5.660154307588964,silver
user_0139,2024-01-08 16:36:47.496534906,6.080690993638685,silver
user_0028,2024-01-06 04:42:47.748280946,4.495784528665453,bronze
user_0122,2024-01-03 08:20:08.766100520,6.6024429013498125,platinum
user_0004,2024-01-03 01:55:40.564452743,5.6455826062264345,silver
user_0023,2024-01-07 21:55:33.263345637,6.167796005947135,gold
user_0016,2024-01-04 02:44:32.085008299,6.5511174962909,silver
user_0105,2024-01-05 21:06:51.029099905,3.948936491136765,bronze
user_0093,2024-01-10 08:30:59.759186205,4.733710908915097,silver
user_0071,2024-01-07 22:05:03.892957831,5.4720207493270205,silver
user_0036,2024-01-06 01:51:07.683108244,5.934874768127418,silver
user_0013,2024-01-05 16:24:29.125533384,6.375751594895425,bronze
user_0085,2024-01-03 09:27:49.106668756,5.2401541135458505,bronze
user_0034,2024-01-07 00:08:22.633723323,4.644138371389047,silver
user_0088,2024-01-11 08:14:48.550618094,5.53114431191147,silver
user_0103,2024-01-03 06:41:46.129718373,5.788245598022142,platinum
user_0127,2024-01-07 19:43:52.496919161,6.601191946587998,bronze
user_0074,2024-01-11 06:43:50.594164878,5.6480025125388185,bronze
user_0000,2024-01-04 01:02:00.749712003,4.494730203500994,bronze
user_0042,2024-01-09 13:25:58.534209397,8.193431336070782,silver
user_0128,2024-01-10 00:32:59.615181555,5.662490153469677,silver
user_0079,2024-01-07 04:15:41.115652083,5.918713250062426,silver
user_0092,2024-01-09 22:01:24.558033263,6.693632787018081,platinum
user_0068,2024-01-07 06:38:27.885733962,5.720768051516672,bronze
user_0024,2024-01-11 11:27:03.784588360,6.725525826860253,silver
user_0134,2024-01-07 14:58:09.814126605,6.191670857077975,bronze
user_0115,2024-01-05 00:57:12.493704328,5.317609114978739,bronze
user_0149,2024-01-09 16:09:37.087185326,5.56918200790279,silver
user_0128,2024-01-10 01:33:22.128694324,5.679913977425792,bronze
user_0043,2024-01-05 21:12:10.297089265,7.420489864071452,silver
user_0038,2024-01-08 10:46:58.858010011,6.971223591773717,silver
user_0037,2024-01-05 13:01:59.797525750,6.376344086940297,gold
user_0137,2024-01-09 16:46:19.206193156,7.029456465275604,silver
user_0083,2024-01-11 03:02:32.147938374,5.360025482487875,silver
user_0068,2024-01-07 17:15:32.136565971,5.328887838595031,silver
user_0145,2024-01-11 21:40:03.356505256,5.784275174005342,bronze
user_0090,2024-01-04 11:23:59.285229281,6.4789204590587675,bronze
user_0136,2024-01-07 00:11:46.103119544,5.378077874220914,silver
user_0147,2024-01-09 09:27:47.455642894,6.754084725069241,platinum
user_0011,2024-01-03 03:03:48.044163644,7.664815742959023,bronze
user_0054,2024-01-11 17:15:33.270561656,5.831994830836344,silver
user_0110,2024-01-10 16:22:22.548219084,7.502890267218387,gold
user_0121,2024-01-08 14:49:55.831401741,6.885436112680521,gold
user_0022,2024-01-11 04:35:43.037381598,6.478510091014292,silver
user_0047,2024-01-06 13:01:29.451135191,5.167664374061943,silver
user_0082,2024-01-05 14:04:43.205181012,7.405294240087055,silver
user_0119,2024-01-04 07:46:36.419087074,8.00731066479761,gold
user_0016,2024-01-04 04:23:21.698095443,4.587932656895724,bronze
user_0090,2024-01-08 08:10:48.905788400,6.209027162966089,platinum
user_0044,2024-01-09 00:13:22.467294273,6.57476168000092,bronze
user_0032,2024-01-05 22:05:33.546109576,6.301027969345258,gold
user_0077,2024-01-05 00:49:20.737398631,4.750004837543536,bronze
user_0062,2024-01-10 20:21:13.979228264,6.5931281169897815,bronze
user_0095,2024-01-06 16:41:56.841204900,6.25040693983185,bronze
user_0047,2024-01-06 20:23:46.366585303,5.053844162027337,silver
user_0123,2024-01-04 08:30:47.796108871,6.206376971469694,bronze
user_0011,2024-01-03 18:55:21.781925541,4.955486546770627,bronze
user_0129,2024-01-03 01:43:19.071696594,5.003691365224239,silver
user_0004,2024-01-03 09:23:23.598388922,6.009781244532227,silver
user_0110,2024-01-13 18:10:49.083441080,6.0720274697972965,gold
user_0051,2024-01-03 14:30:16.271491453,5.465635026436726,gold
user_0057,2024-01-10 13:55:06.533988706,5.187484205974742,silver
user_0002,2024-01-07 03:57:34.242434558,4.104536588542198,bronze
user_0105,2024-01-06 07:16:42.276888489,5.843709828443034,bronze
user_0024,2024-01-11 14:29:31.689427367,5.725827658678482,platinum
user_0098,2024-01-10 22:37:13.860933166,4.287470017815814,bronze
user_0108,2024-01-08 07:38:25.066407363,4.196088172221449,silver
user_0126,2024-01-12 07:01:53.487208564,7.222269444289967,platinum
user_0106,2024-01-03 23:33:10.574988274,5.264225882972102,platinum
user_0045,2024-01-12 15:50:26.772532087,5.79510575661388,silver
user_0110,2024-01-13 21:58:13.319439047,6.960172077744066,silver
user_0123,2024-01-04 19:40:24.946081088,7.777632134696359,silver
user_0047,2024-01-07 01:44:41.324508938,4.371533129897328,gold
user_0018,2024-01-10 11:07:37.565694066,5.900758410648495,bronze
user_0133,2024-01-07 12:11:35.315393903,3.8253839383008397,bronze
user_0022,2024-01-11 14:34:32.179148850,5.3318594377863375,silver
user_0089,2024-01-05 04:08:52.086249375,5.267480476090935,bronze
user_0035,2024-01-16 16:21:01.500913965,7.365205449531283,silver
user_0018,2024-01-10 18:40:20.948855422,6.542508203907611,silver
user_0116,2024-01-12 08:14:00.139226266,5.79544705081931,gold
user_0021,2024-01-09 02:25:44.711285228,5.733794240259717,gold
user_0100,2024-01-13 01:29:32.429172676,3.9664545763651726,silver
user_0103,2024-01-03 12:22:12.478681651,5.149206495067704,gold
user_0009,2024-01-08 10:25:00.210977715,4.904736133270857,bronze
user_0025,2024-01-03 20:27:39.262827542,5.898892852085179,silver
user_0119,2024-01-04 12:09:41.648304307,5.964679180089642,bronze
user_0076,2024-01-06 11:38:01.321599177,6.2926732536999435,gold
user_0018,2024-01-11 05:42:10.742757468,6.324356155784082,gold
user_0148,2024-01-03 07:43:22.337978506,6.007426215220904,platinum
user_0039,2024-01-05 12:02:51.211339148,6.470227299200754,gold
user_0000,2024-01-07 15:14:34.383876005,5.867548548457913,platinum
user_0138,2024-01-06 08:46:22.230589815,5.321042960676193,bronze
user_0002,2024-01-07 19:24:44.396093754,6.482472959476034,platinum
user_0083,2024-01-11 09:43:18.560663486,6.725269546645734,silver
user_0148,2024-01-03 11:47:37.215782617,4.745580160076643,silver
user_0086,2024-01-07 18:15:05.668719531,6.5448608911371835,silver
user_0087,2024-01-08 21:27:55.442035200,5.803324704810787,bronze
user_0058,2024-01-08 22:07:03.332239685,4.61895573706161,bronze
user_0019,2024-01-04 17:16:30.400690140,6.783523275406458,bronze
user_0085,2024-01-03 12:32:22.857815630,4.613065468641596,bronze
user_0134,2024-01-11 01:04:39.206603279,6.171562160399684,silver
user_0013,2024-01-06 05:59:00.829463949,6.1057342419561245,gold
user_0132,2024-01-06 18:53:34.800932800,7.528526960340667,silver
user_0062,2024-01-12 22:40:23.425244105,5.790468197729995,silver
user_0080,2024-01-04 13:16:08.756479736,5.4584295358369594,silver
user_0024,2024-01-11 15:52:45.807114786,6.209493100618336,silver
user_0093,2024-01-13 19:41:33.284738496,6.013539701475874,bronze
user_0027,2024-01-04 15:43:16.502755623,5.836215143404269,gold
user_0040,2024-01-04 17:21:32.042769350,5.391069853387963,bronze
user_0108,2024-01-08 12:39:59.812177271,3.2695266746816225,gold
user_0007,2024-01-13 13:45:06.128150579,6.431871745525772,gold
user_0067,2024-01-15 03:28:09.126060725,5.828343136401861,silver
user_0089,2024-01-05 19:40:34.046038122,6.994514178883583,gold
user_0019,2024-01-05 07:38:12.482159880,6.389261402588006,bronze
user_0044,2024-01-09 15:09:02.986630295,6.5022872888268255,gold
user_0051,2024-01-04 06:22:11.880962860,6.90037329222393,gold
user_0099,2024-01-05 22:27:15.824426648,4.893882082706667,gold
user_0146,2024-01-05 17:54:53.174904264,6.3601823284184755,silver
user_0125,2024-01-08 08:27:23.822080318,6.122400907333397,gold
user_0028,2024-01-06 13:12:24.818712303,5.703864417778369,platinum
user_0002,2024-01-07 22:50:23.180714901,5.216805494119493,silver
user_0007,2024-01-13 16:05:04.955016313,7.508172659895239,gold
user_0089,2024-01-06 09:24:19.282837818,6.309964320713534,gold
user_0023,2024-01-08 09:34:01.987009993,7.476005090456625,silver
user_0034,2024-01-07 13:49:43.879801777,5.596149573574853,platinum
user_0127,2024-01-07 23:01:17.956368150,6.614973885591379,silver
user_0131,2024-01-03 19:43:25.967527378,5.074824494303256,silver
user_0125,2024-01-08 20:03:14.266884754,5.96199515917009,bronze
user_0038,2024-01-08 20:47:16.483178968,5.790731681207242,bronze
user_0092,2024-01-10 04:42:03.914243647,6.321836656462843,gold
user_0091,2024-01-03 07:03:47.776998738,5.933402288832264,silver
user_0027,2024-01-04 19:29:08.004116305,5.111222737170873,silver
user_0083,2024-01-11 19:24:26.934171576,6.3744691998608065,bronze
user_0078,2024-01-05 14:01:29.312373214,7.500886948908658,silver
user_0059,2024-01-09 01:01:44.905961223,5.7387460482723895,gold
user_0112,2024-01-10 11:42:35.451138675,4.750001638173262,gold
user_0101,2024-01-07 13:34:45.728827646,5.58467039417914,bronze
user_0079,2024-01-07 10:18:56.293156949,5.226252147013611,silver
user_0108,2024-01-09 00:22:25.509744215,5.59236452842442,silver
user_0114,2024-01-10 11:34:14.497227766,5.587487678679566,silver
user_0085,2024-01-03 20:18:59.183147282,5.725428581111047,silver
user_0040,2024-01-05 03:55:39.925247793,5.687250196249065,silver
user_0113,2024-01-04 05:26:40.602015169,5.480235716408995,silver
user_0107,2024-01-06 06:35:32.365790005,7.531405635578421,silver
user_0147,2024-01-10 00:15:07.995754609,6.38091900987562,silver
user_0022,2024-01-11 22:04:24.469153190,5.308334654328889,silver
user_0062,2024-01-13 07:10:17.035139503,5.642898662508132,gold
user_0138,2024-01-06 23:54:51.518594956,6.468312553388572,gold
user_0077,2024-01-05 08:54:11.779540687,4.255728090456642,bronze
user_0141,2024-01-02 23:34:36.747493246,5.841365079851383,gold
user_0001,2024-01-06 07:33:18.503434597,6.620953059203776,gold
user_0005,2024-01-03 15:49:46.174120532,6.322170009820684,bronze
user_0119,2024-01-04 16:14:47.669364141,6.242487351416314,silver
user_0053,2024-01-02 07:38:15.169433754,5.090519867026742,bronze
user_0078,2024-01-05 15:47:56.126281716,6.669210564592636,gold
user_0064,2024-01-10 23:00:18.097076878,5.803893360711861,bronze
user_0061,2024-01-06 14:13:20.920528110,6.324255368162571,silver
user_0140,2024-01-06 23:25:40.122162606,2.9340875590569064,bronze
user_0014,2024-01-12 10:57:23.740443171,5.38444154279449,silver
user_0115,2024-01-05 15:01:59.946345416,6.871625013641547,platinum
user_0133,2024-01-08 00:29:23.212006760,4.701102155800606,silver
user_0098,2024-01-11 12:46:53.883628487,5.940101116473633,gold
user_0059,2024-01-09 03:57:17.326820275,7.2105508724702725,platinum
user_0024,2024-01-11 19:54:14.363089309,6.97953663134809,gold
user_0102,2024-01-05 03:56:51.672153203,6.732543604478233,bronze
user_0070,2024-01-04 11:08:58.429955594,6.734856190243304,gold
user_0022,2024-01-12 10:27:29.671423192,5.805173772391604,bronze
user_0053,2024-01-02 10:58:12.849888416,5.099256548050815,silver
user_0144,2024-01-09 07:55:44.002757005,4.473495971002186,gold
user_0039,2024-01-05 16:09:46.052934764,5.388926771123256,silver
user_0026,2024-01-16 12:30:14.985711308,4.320240343951726,silver
user_0102,2024-01-05 15:48:40.771242453,6.104242229553469,silver
user_0029,2024-01-03 23:45:34.870499613,6.025410979290661,gold
user_0137,2024-01-09 20:56:58.267111916,7.322637811902379,gold
user_0128,2024-01-13 14:12:29.498355430,6.958746268190669,silver
user_0147,2024-01-10 15:27:14.486276401,6.740500109010262,gold
user_0136,2024-01-07 03:33:30.178044230,7.439964291650881,bronze
user_0036,2024-01-06 05:53:43.840027768,5.6689967040551315,bronze
user_0031,2024-01-05 15:12:22.385511005,5.592131132021561,silver
user_0051,2024-01-04 15:17:14.178394445,6.207337329197871,platinum
user_0070,2024-01-04 23:53:32.746654445,4.7373209537349315,bronze
user_0131,2024-01-05 21:46:56.155592975,5.6785083720790475,bronze
user_0110,2024-01-14 04:53:43.120188363,4.507561349164789,bronze
user_0096,2024-01-02 06:23:08.282586247,6.384888615175881,gold
user_0131,2024-01-06 05:24:23.786056512,5.076424651632031,bronze
user_0096,2024-01-02 21:08:07.920436816,5.865072825374001,silver
user_0056,2024-01-03 15:10:55.821965153,7.17439283268012,platinum
user_0061,2024-01-06 19:56:07.584797425,5.9581648819460975,bronze
user_0077,2024-01-05 18:31:42.591785387,6.498527200593341,silver
user_0013,2024-01-06 20:38:48.641231111,6.2142726978696246,silver
user_0111,2024-01-05 05:02:59.253255691,7.152916894354966,gold
user_0097,2024-01-06 22:50:37.657422202,4.756666845824618,silver
user_0109,2024-01-03 00:27:39.153398854,4.493836005696308,silver
user_0080,2024-01-05 01:40:42.627013737,4.501417790525985,bronze
user_0117,2024-01-08 16:12:45.185418320,6.313939201014254,gold
user_0142,2024-01-11 07:00:54.408792910,7.601420577490652,gold
user_0085,2024-01-04 08:31:02.627224841,5.217233062560872,bronze
user_0066,2024-01-05 05:31:31.187536736,5.8074586235324865,silver
user_0015,2024-01-05 07:32:20.067937087,6.346654944606908,gold
user_0116,2024-01-12 20:18:57.663706651,6.04383129681799,bronze
user_0135,2024-01-12 14:55:00.650196750,5.000513543356102,bronze
user_0104,2024-01-06 05:40:51.711298924,5.717758906559957,silver
user_0129,2024-01-03 13:45:41.980033386,4.265520763361266,bronze
user_0129,2024-01-04 03:45:19.043700292,4.88461016014324,bronze
user_0119,2024-01-05 02:21:16.886945500,7.4867698828306395,silver
user_0075,2024-01-11 13:19:11.739248374,5.27667965596644,bronze
user_0014,2024-01-12 12:38:17.001201222,4.992160703182974,silver
user_0000,2024-01-07 22:35:50.313447705,6.3545576851488494,gold
user_0030,2024-01-08 18:21:57.263175841,5.969810841637825,silver
user_0064,2024-01-11 06:59:01.453201103,6.4660263675485785,bronze
user_0111,2024-01-05 17:04:25.235049685,7.3167819233071,gold
user_0068,2024-01-08 07:35:11.339972623,5.208670144695362,bronze
user_0003,2024-01-05 18:56:33.140844099,4.979929234940933,gold
user_0031,2024-01-09 14:47:17.643284492,8.477157365584628,silver
user_0146,2024-01-06 04:53:12.109959938,6.470686577912549,gold
user_0148,2024-01-03 15:12:02.307569929,4.5494503324180435,bronze
user_0056,2024-01-03 16:21:57.087917856,6.094665110281952,bronze
user_0120,2024-01-08 01:25:43.657253355,6.689940215210333,silver
user_0107,2024-01-06 16:23:17.142090230,7.0156087929134685,bronze
user_0139,2024-01-08 22:31:04.908707120,5.438273380446613,bronze
user_0133,2024-01-08 14:39:06.188396900,5.693250661102457,gold
user_0094,2024-01-14 05:17:42.463314120,4.8163222720701,gold
user_0059,2024-01-09 05:39:16.259650239,5.952062905971923,bronze
user_0093,2024-01-14 05:19:22.380235513,6.736259938848658,gold
user_0047,2024-01-07 04:58:17.249308784,6.063877995332687,gold
user_0052,2024-01-04 10:14:45.672658329,6.1888804511018405,gold
user_0091,2024-01-03 15:06:17.813860284,5.5464259400343146,silver
user_0085,2024-01-04 19:17:09.691379105,5.409014114023886,silver
user_0087,2024-01-09 03:01:29.296004247,5.925953531073381,silver
user_0057,2024-01-10 21:38:54.747477068,6.9772391814515045,silver
user_0061,2024-01-09 07:15:21.349787129,6.206226310659051,platinum
user_0001,2024-01-06 23:32:50.931266505,5.7675127484724635,bronze
user_0090,2024-01-08 09:34:34.281622656,5.664348311374084,bronze
user_0086,2024-01-07 20:30:20.359508127,6.219571679932001,bronze
user_0140,2024-01-07 15:18:48.813671678,5.008997620275858,platinum
user_0075,2024-01-11 15:04:47.737229648,4.567163219420746,silver
user_0070,2024-01-05 03:28:01.172336403,4.8191369551609835,silver
user_0010,2024-01-07 12:36:33.330506641,4.372208704711862,gold
user_0029,2024-01-04 11:54:09.666052651,7.4394439467953895,platinum
user_0050,2024-01-08 18:46:23.899104098,5.589547569132245,bronze
user_0056,2024-01-04 01:08:08.643635775,6.10939574064306,gold
user_0054,2024-01-12 06:56:45.705819196,4.432962258148173,gold
user_0059,2024-01-12 08:57:05.246318663,3.96290020611299,bronze
user_0115,2024-01-05 20:13:58.741451847,6.0680348557010495,gold
user_0019,2024-01-05 12:14:27.848581212,7.338064446266623,silver
user_0049,2024-01-08 13:00:07.818744978,5.001073926026769,silver
user_0024,2024-01-12 02:37:07.530620013,7.2182910843903665,silver
user_0046,2024-01-07 01:31:49.805557521,5.0352415924939935,bronze
user_0102,2024-01-05 20:15:26.273679544,5.583005781273009,bronze
user_0007,2024-01-13 22:22:32.612846371,6.578751386053763,bronze
user_0050,2024-01-09 09:56:16.625038131,5.020274507067945,bronze
user_0003,2024-01-06 06:17:51.028957333,5.232537856859807,silver
user_0143,2024-01-11 15:03:05.096926963,7.075261107566083,silver
user_0109,2024-01-03 14:56:09.637933783,5.250144280667715,bronze
user_0036,2024-01-06 14:52:57.764318348,6.767555398237081,silver
user_0029,2024-01-04 21:59:54.957200137,4.967371523800966,silver
user_0014,2024-01-12 23:00:34.257748267,6.716887430426025,silver
user_0070,2024-01-05 15:49:52.348741487,6.465975911497823,platinum
user_0113,2024-01-04 20:50:33.331320017,5.925570135282167,silver
user_0087,2024-01-09 13:03:04.276445458,5.803565134632415,gold
user_0132,2024-01-06 22:33:49.408876706,4.9975172331759286,bronze
user_0051,2024-01-04 20:08:48.635703977,6.267954733966527,gold
user_0041,2024-01-08 20:43:08.851275317,5.810148954083662,platinum
user_0071,2024-01-08 06:47:23.618355207,6.6751480314133405,gold
user_0030,2024-01-09 05:45:37.924526601,6.283940111732096,silver
user_0146,2024-01-06 17:56:12.984764762,4.571313777579249,silver
user_0027,2024-01-05 01:43:18.464920757,4.379291509501933,silver
user_0071,2024-01-08 11:48:02.272750122,4.126736959591247,silver
user_0078,2024-01-05 22:42:34.620892723,7.030198409556528,gold
user_0008,2024-01-05 16:26:09.109832199,5.7539680110382925,platinum
user_0070,2024-01-05 19:13:44.938640598,5.689093688028731,silver
user_0068,2024-01-08 10:10:13.998679491,5.282124959839884,bronze
user_0038,2024-01-09 01:06:16.666379358,5.987229347754589,silver
user_0019,2024-01-05 13:23:33.607380500,5.716748812673381,bronze
user_0006,2024-01-11 01:01:31.159812426,5.199135877897457,bronze
user_0001,2024-01-07 02:13:18.197786800,3.163499851921652,bronze
user_0072,2024-01-02 05:13:34.177019082,5.501238664669483,gold
user_0013,2024-01-07 10:25:17.714357172,6.432381953310981,bronze
user_0143,2024-01-11 20:03:21.573335657,6.856932863845759,bronze
user_0036,2024-01-06 19:58:58.105806716,6.847509294972119,bronze
user_0097,2024-01-09 19:57:20.658929102,5.170700782077219,gold
user_0101,2024-01-11 09:20:22.583251574,5.32719538048611,silver
user_0074,2024-01-11 16:28:33.364540826,4.694262346455044,bronze
user_0132,2024-01-07 10:03:46.502889854,6.621257004724128,bronze
user_0016,2024-01-04 06:17:46.731087411,6.6617871914192035,silver
user_0035,2024-01-17 02:02:29.822512174,6.294258441279225,bronze
user_0037,2024-01-05 17:58:37.157420708,5.904354692736039,silver
user_0020,2024-01-10 10:39:13.894398247,6.045653430483619,silver
user_0044,2024-01-09 21:56:28.797445735,8.047626950276639,platinum
user_0046,2024-01-10 16:59:18.386528956,6.351902427534647,bronze
user_0114,2024-01-10 17:39:22.222090229,5.530550692585897,silver
user_0045,2024-01-12 18:20:24.327369499,5.123656416503283,bronze
user_0131,2024-01-08 07:36:52.864207048,7.035164845934973,platinum
user_0115,2024-01-06 01:54:13.409642355,7.130245242330647,platinum
user_0135,2024-01-13 06:45:19.353643707,6.044210863892956,gold
user_0015,2024-01-05 16:24:55.186913321,5.853027452426304,silver
user_0147,2024-01-10 22:06:28.012292999,6.886325347934175,bronze
user_0092,2024-01-10 20:04:58.649279116,7.1491487626423424,gold
user_0147,2024-01-11 05:28:16.249612795,6.18045825763083,gold
user_0053,2024-01-03 01:13:23.552488065,4.666802049224734,bronze
user_0142,2024-01-11 20:45:32.012668984,6.536022424331675,silver
user_0088,2024-01-11 19:58:52.529349994,5.969347952034201,silver
user_0010,2024-01-07 20:45:51.142438868,5.675274273615091,gold
user_0061,2024-01-09 20:55:38.807934098,7.369332979801223,silver
user_0020,2024-01-10 16:27:50.628464303,5.281376038277996,silver
user_0141,2024-01-03 07:06:11.404512858,7.13972630202008,silver
user_0045,2024-01-12 21:23:53.009021623,6.8123974468867985,bronze
user_0033,2024-01-02 21:23:59.436017324,5.512786307419439,silver
user_0082,2024-01-08 12:34:24.851150553,6.2199743605924835,bronze
user_0063,2024-01-06 23:46:02.700220502,4.905568704273732,gold
user_0014,2024-01-13 12:22:36.408395191,5.461771737480395,silver
user_0122,2024-01-03 14:37:40.475656824,4.9536672022533565,silver
user_0126,2024-01-12 21:19:16.143315568,6.322100828750216,bronze
user_0111,2024-01-06 01:12:21.605290607,5.745351469907446,bronze
user_0092,2024-01-10 21:57:53.291003734,5.198751705633644,silver
user_0060,2024-01-04 11:31:04.448601297,5.03601912716969,bronze
user_0081,2024-01-04 02:24:38.664471544,6.104859684902473,bronze
user_0078,2024-01-06 01:33:25.292529857,5.634538610839875,gold
user_0024,2024-01-12 11:58:07.702873975,6.701392369523786,silver
user_0012,2024-01-08 16:52:59.393672633,6.401018637626296,silver
user_0037,2024-01-05 20:48:46.494736422,4.350762093077716,silver
user_0068,2024-01-08 18:34:58.575009286,6.5283195022843055,gold
user_0024,2024-01-12 20:56:33.034267831,4.799408405102589,bronze
user_0016,2024-01-04 09:39:23.336183608,6.163279564282369,gold
user_0127,2024-01-08 12:52:00.787012371,5.67584505114304,platinum
user_0056,2024-01-04 11:35:26.646538019,6.891118220983463,silver
user_0087,2024-01-10 02:38:19.503726922,4.382619869680954,silver
user_0078,2024-01-06 15:09:56.419935523,5.224524317154676,gold
user_0110,2024-01-14 12:38:13.806856119,5.79395393810302,silver
user_0110,2024-01-14 19:19:21.414255838,5.356459915846829,silver
user_0044,2024-01-10 00:52:51.497062040,5.081185763113168,silver
user_0127,2024-01-08 19:42:30.812001311,5.828260619005731,bronze
user_0055,2024-01-07 13:42:27.837712206,4.164721121463005,bronze
user_0125,2024-01-09 05:43:23.327740872,5.383654901641092,silver
user_0060,2024-01-04 20:39:29.602997856,4.659034902800197,bronze
user_0016,2024-01-04 22:35:50.959562101,6.500933965537931,silver
user_0114,2024-01-11 09:18:40.565963093,6.208484950096474,silver
user_0004,2024-01-06 14:26:28.594406613,7.634545792155316,platinum
user_0115,2024-01-06 07:52:55.693194305,5.161546062445112,bronze
user_0006,2024-01-11 07:27:25.776478189,3.5404013298276293,silver
user_0031,2024-01-11 16:11:09.332314408,6.9772988200477535,silver
user_0090,2024-01-08 12:03:08.399705139,6.511418582115126,bronze
user_0141,2024-01-03 15:59:28.126984834,7.307204677882687,bronze
user_0061,2024-01-10 08:18:22.567616627,5.838878684821714,bronze
user_0018,2024-01-13 19:26:21.147813008,4.751098853040553,bronze
user_0034,2024-01-08 04:28:42.643553702,4.60805672501641,bronze
user_0134,2024-01-11 03:17:59.341530756,8.031823827589628,silver
user_0109,2024-01-04 05:12:48.841330510,4.494421449572294,silver
user_0015,2024-01-05 21:03:56.370625015,4.823707581961884,bronze
user_0057,2024-01-14 02:25:45.960941676,6.1575261974928335,bronze
user_0039,2024-01-06 03:19:52.006312862,4.93236471458215,bronze
user_0026,2024-01-16 23:08:50.955222968,4.484614942147346,silver
user_0126,2024-01-13 05:27:30.966520439,6.952201289874841,bronze
user_0092,2024-01-11 04:50:36.413543716,5.795104860243819,silver
user_0026,2024-01-17 08:53:32.341020408,4.725028333521857,bronze
user_0097,2024-01-10 11:36:44.702633999,4.555856952039719,bronze
user_0062,2024-01-13 13:56:56.324700967,8.669042456387913,platinum
user_0009,2024-01-08 19:38:08.968310824,5.585408474314711,bronze
user_0067,2024-01-15 15:18:46.082566831,6.569028823455274,bronze
user_0027,2024-01-05 08:29:02.261793121,6.051694311670158,bronze
user_0036,2024-01-06 21:53:43.836932300,6.293778030414554,platinum
user_0131,2024-01-08 16:11:21.363933616,5.221467265917895,silver
user_0106,2024-01-04 11:20:30.236486502,7.107586702393514,silver
user_0020,2024-01-11 06:09:28.715088576,6.922568119151449,platinum
user_0127,2024-01-09 01:36:50.847382994,3.911028155023383,bronze
user_0086,2024-01-08 06:13:57.821901712,7.872727544591144,platinum
user_0131,2024-01-09 01:31:19.600917332,5.135598689318419,bronze
user_0112,2024-01-10 15:33:37.659117250,5.026346177682835,silver
user_0050,2024-01-09 13:18:34.121641085,5.924141541402152,silver
user_0080,2024-01-05 12:38:18.293478204,4.819194913213142,silver
user_0079,2024-01-07 17:00:34.236137247,5.9529996622803205,platinum
user_0107,2024-01-07 04:58:49.730673093,5.351040607528712,bronze
user_0037,2024-01-06 12:03:49.365142897,6.184552245629686,platinum
user_0049,2024-01-09 01:49:23.756834737,5.522016092598044,silver
user_0036,2024-01-07 03:10:56.630696272,5.100147000746013,silver
user_0044,2024-01-10 03:28:05.817708084,8.350166545831298,platinum
user_0024,2024-01-13 00:49:35.081510660,6.541389014453156,bronze
user_0005,2024-01-03 19:40:51.161537474,8.444138668710652,platinum
user_0141,2024-01-04 07:31:38.810275176,6.597511077720091,silver
user_0011,2024-01-04 09:58:10.131319798,6.3317086507748845,gold
user_0133,2024-01-08 16:09:09.921402323,6.069216428480367,bronze
user_0000,2024-01-08 07:58:20.073336834,4.529307771594778,silver
user_0116,2024-01-16 13:47:39.817619440,5.870398912382498,silver
user_0049,2024-01-09 13:59:37.079981048,6.1567375663006745,silver
user_0077,2024-01-06 04:48:16.323432433,4.204507553226029,bronze
user_0042,2024-01-10 05:02:21.453668904,6.437060035959215,bronze
user_0073,2024-01-05 17:41:24.118647249,6.380998766710054,gold
user_0067,2024-01-18 22:12:46.373644874,6.470978803997989,bronze
user_0079,2024-01-08 07:26:47.138966945,6.640900899080651,gold
user_0058,2024-01-09 13:58:35.620405299,7.78496887213303,platinum
user_0080,2024-01-05 18:43:37.854141879,5.413686401383424,bronze
user_0123,2024-01-04 21:52:12.344775306,5.396772706719992,bronze
user_0065,2024-01-09 11:08:36.712129553,7.093011665037986,silver
user_0054,2024-01-12 22:14:54.760619918,4.186605826847714,bronze
user_0019,2024-01-05 19:57:24.147067070,4.642973266408209,silver
user_0053,2024-01-03 08:20:23.171943881,5.74401302559198,silver
user_0018,2024-01-14 01:29:35.197588923,7.41049380500417,silver
user_0027,2024-01-05 14:24:18.485695120,5.894131004139649,silver
user_0142,2024-01-11 23:26:38.649098130,7.06942627660652,silver
user_0013,2024-01-08 01:00:28.594075984,4.913966418659958,silver
user_0072,2024-01-04 21:29:23.001142467,4.579112192255691,bronze
user_0125,2024-01-09 12:02:27.011174502,4.72369453654426,silver
user_0142,2024-01-12 01:05:43.332350784,7.294912383577758,gold
user_0022,2024-01-12 19:54:37.526707219,5.097807817389485,silver
user_0024,2024-01-13 10:20:07.003565332,5.528709451962262,silver
user_0055,2024-01-07 19:57:35.480996085,6.18009601313074,bronze
user_0083,2024-01-12 03:54:30.591419132,6.5608036800810785,bronze
user_0143,2024-01-14 12:28:59.921450061,5.436891808498307,bronze
user_0031,2024-01-11 18:49:00.052457470,6.73095950891099,bronze
user_0024,2024-01-16 17:59:15.623580630,7.781945437474448,platinum
user_0037,2024-01-07 01:05:27.917116564,5.21774662082622,bronze
user_0131,2024-01-09 16:52:39.785418892,5.16355952347666,gold
user_0004,2024-01-06 19:24:22.264517463,6.015488747614878,bronze
user_0057,2024-01-14 12:51:08.378941802,5.903566311581873,bronze
user_0017,2024-01-14 15:15:20.405223068,6.492405624612826,silver
user_0023,2024-01-10 20:26:14.805739283,6.172289622532517,bronze
user_0137,2024-01-09 23:48:28.885784216,5.867621510414555,gold
user_0000,2024-01-08 09:10:47.846219430,6.349430393939985,platinum
user_0048,2024-01-11 17:17:49.126427957,6.5573063244977385,gold
user_0137,2024-01-10 08:42:52.182599529,5.616681710851897,bronze
user_0091,2024-01-03 20:51:44.977371830,5.940622884028674,gold
user_0010,2024-01-08 10:01:14.696356835,4.758820547760555,bronze
user_0069,2024-01-13 02:52:00.498548528,7.436464531407793,platinum
user_0145,2024-01-12 04:13:21.040151810,4.349732626351359,silver
user_0060,2024-01-05 06:41:59.969621364,4.337927524668379,bronze
user_0079,2024-01-08 19:32:40.329827923,4.871399765323377,bronze
user_0079,2024-01-09 09:49:50.567889842,6.425568826689452,bronze
user_0099,2024-01-06 09:15:23.817656692,5.865234883005124,bronze
user_0028,2024-01-06 23:07:31.528788621,5.3853229362779285,platinum
user_0125,2024-01-10 00:54:21.069827232,7.708132554311382,gold
user_0148,2024-01-03 23:49:53.199622801,7.120362258847997,platinum
user_0021,2024-01-09 05:57:52.673998366,3.4832367196826843,bronze
user_0122,2024-01-04 05:18:35.873921413,4.14580168446426,silver
user_0122,2024-01-04 20:55:52.877932875,5.705341078101141,bronze
user_0111,2024-01-06 13:03:07.444014584,6.72545267683108,silver
user_0055,2024-01-08 07:24:46.463670424,7.046387676127343,bronze
user_0070,2024-01-06 06:49:49.362154868,4.377275712096991,bronze
user_0125,2024-01-10 10:21:28.422614605,7.629838767339915,silver
user_0022,2024-01-15 09:38:21.190215633,4.158499588320493,bronze
user_0124,2024-01-09 10:29:34.961980550,6.249006104850469,silver
user_0138,2024-01-07 09:51:46.863185490,5.6671320666812885,silver
user_0102,2024-01-06 08:51:56.632034288,6.489648476022478,bronze
user_0051,2024-01-05 07:51:40.803962406,7.735106536905224,platinum
user_0083,2024-01-12 18:15:49.923508462,6.880275899201805,silver
user_0007,2024-01-14 13:52:54.511619205,5.35582890025886,gold
user_0139,2024-01-09 08:59:50.693443188,7.092163795308906,silver
user_0051,2024-01-05 16:01:10.706153940,6.7042984391782685,gold
user_0008,2024-01-06 01:41:11.132278596,4.9648973085917145,gold
user_0119,2024-01-05 16:59:29.586783161,5.327807726595601,gold
user_0098,2024-01-11 16:25:02.061234402,6.384752047887795,silver
user_0093,2024-01-14 12:15:45.980170054,5.844603827283771,bronze
user_0008,2024-01-06 11:09:32.619232484,4.474339443001562,bronze
user_0112,2024-01-10 19:09:30.301795442,5.6992235432557194,silver
user_0095,2024-01-07 02:12:34.225793203,5.718907255959906,bronze
user_0119,2024-01-05 23:24:54.362994665,6.116038338528026,bronze
user_0124,2024-01-10 01:45:40.835876973,4.9042588740133315,bronze
user_0031,2024-01-11 20:13:25.610237216,8.190470630276371,silver
user_0031,2024-01-12 00:10:30.545526838,7.085549557652916,bronze
user_0138,2024-01-07 21:26:25.634251910,5.73529999139045,silver
user_0079,2024-01-10 01:18:51.850175946,5.70344489961454,gold
user_0065,2024-01-09 23:38:24.989515616,6.102818352093114,gold
user_0043,2024-01-06 07:38:26.985786063,4.558708493747617,bronze
user_0095,2024-01-07 04:01:39.575636744,6.0871662156365876,silver
user_0113,2024-01-07 00:33:27.002589458,4.543919467513173,silver
user_0000,2024-01-08 14:02:41.080752211,4.9477844181318895,silver
user_0082,2024-01-08 21:21:11.015619273,5.779424442751264,silver
user_0149,2024-01-10 05:44:05.921799114,4.8013928852991725,bronze
user_0042,2024-01-10 11:54:36.250387616,8.396908532095402,platinum
user_0042,2024-01-11 00:02:26.937066946,5.927861231665995,bronze
